<?xml version="1.0" encoding="UTF-8"?><magicdraw><slot classType="Slot" humanType="Slot" icon="MTConnectAssets_files/icon_slot_1314472474.svg" id="002119a3-3b61-41a3-af83-49e51bfb4bd9"><definingFeature classType="Property" humanName="Defining Feature" humanType="Property" icon="MTConnectAssets_files/icon_property_627361964.svg" mode="s,e" name="Modification date" refid="8da7cf15-e3c0-41fa-ad66-9d3722b1946f"/><documentation humanName="Documentation"/><ownedElement humanName="Owned Element"><literalstring classType="LiteralString" humanType="Literal String" icon="MTConnectAssets_files/icon_literalstring_989251045.svg" name="5/27/20 10:36 AM" refid="6a20cdf5-dc23-41fb-8e8e-36491576230e" text="5/27/20 10:36 AM"/></ownedElement><owner classType="InstanceSpecification" humanName="Owner" humanType="Instance Specification" icon="MTConnectAssets_files/icon_instancespecification_13643661.svg" mode="s,e" name=" : UML Standard Profile::MagicDraw Profile::DiagramInfo" refid="6bc7ecea-016b-4c04-a348-0b1469efe28d"/><owningInstance classType="InstanceSpecification" humanName="Owning Instance" humanType="Instance Specification" icon="MTConnectAssets_files/icon_instancespecification_13643661.svg" name=" : UML Standard Profile::MagicDraw Profile::DiagramInfo" refid="6bc7ecea-016b-4c04-a348-0b1469efe28d"/><TO_DO humanName="To Do" mode="s,e"/><value humanName="Value" mode="s,e"><literalstring classType="LiteralString" humanType="Literal String" icon="MTConnectAssets_files/icon_literalstring_989251045.svg" name="5/27/20 10:36 AM" refid="6a20cdf5-dc23-41fb-8e8e-36491576230e" text="5/27/20 10:36 AM"/></value></slot></magicdraw>