<?xml version="1.0" encoding="UTF-8"?><magicdraw><literalstring classType="LiteralString" humanType="Literal String" icon="MTConnectAssets_files/icon_literalstring_989251045.svg" id="006aa759-a7d6-45ba-8425-483e5e30211e"><documentation humanName="Documentation"/><name humanName="Name"/><owner classType="Slot" humanName="Owner" humanType="Slot" icon="MTConnectAssets_files/icon_slot_1314472474.svg" mode="e" refid="9f112b4c-d3ed-4fa1-8306-332c3a7a631e"/><owningSlot classType="Slot" humanName="Owning Slot" humanType="Slot" icon="MTConnectAssets_files/icon_slot_1314472474.svg" refid="9f112b4c-d3ed-4fa1-8306-332c3a7a631e"/><qualifiedName humanName="Qualified Name"/><text humanName="Text" mode="standard">5/6/20 11:11 AM</text><TO_DO humanName="To Do"/><TYPE_MODIFIER humanName="Type Modifier"/><value humanName="Value" mode="s,e">5/6/20 11:11 AM</value><visibility humanName="Visibility">public</visibility></literalstring></magicdraw>