<?xml version="1.0" encoding="UTF-8"?><magicdraw><literalunlimitednatural classType="LiteralUnlimitedNatural" humanType="Literal Unlimited Natural" icon="MTConnectAssets_files/icon_literalunlimitednatural_919671508.svg" id="007a2b53-7092-473f-8e15-59f97ffadb76"><documentation humanName="Documentation"/><name humanName="Name"/><owner classType="Property" humanName="Owner" humanType="Reference Property" icon="MTConnectAssets_files/icon_referenceproperty_151450878.svg" mode="e" name="hasCuttingItem" refid="23fa1457-12e1-4d42-ab27-5599578f4e11"/><owningUpper classType="Property" humanName="Owning Upper" humanType="Reference Property" icon="MTConnectAssets_files/icon_referenceproperty_151450878.svg" name="hasCuttingItem" refid="23fa1457-12e1-4d42-ab27-5599578f4e11"/><qualifiedName humanName="Qualified Name">Asset::CuttingTool::CuttingToolLifeCycle::hasCuttingItem::</qualifiedName><text humanName="Text" mode="standard">*</text><TO_DO humanName="To Do"/><TYPE_MODIFIER humanName="Type Modifier"/><value humanName="Value" mode="s,e">-1</value><visibility humanName="Visibility">public</visibility></literalunlimitednatural></magicdraw>