<?xml version="1.0" encoding="UTF-8"?><magicdraw><instancespecification classType="InstanceSpecification" humanType="Instance Specification" icon="MTConnectAssets_files/icon_instancespecification_13643661.svg" id="01f6688e-2376-4d72-8c2a-f1daff551ce9"><classifier humanName="Classifier" mode="s,e"><stereotype classType="Stereotype" humanType="Stereotype" icon="MTConnectAssets_files/icon_stereotype_469196179.svg" name="ValueProperty" refid="f9f8ec08-03ee-474f-9513-fba19063df38"/></classifier><documentation humanName="Documentation"/><name humanName="Name" mode="s,e"/><owner classType="Property" humanName="Owner" humanType="Value Property" icon="MTConnectAssets_files/icon_valueproperty_469196179.svg" mode="s,e" name="applicationCategory" refid="7d585564-0c0f-4223-8491-5d764ad7bcd8"/><qualifiedName humanName="Qualified Name" mode="e">Asset::Files::AbstractFile::applicationCategory::</qualifiedName><stereotypedElement classType="Property" humanName="Stereotyped Element" humanType="Value Property" icon="MTConnectAssets_files/icon_valueproperty_469196179.svg" name="applicationCategory" refid="7d585564-0c0f-4223-8491-5d764ad7bcd8"/><TO_DO humanName="To Do" mode="s,e"/><visibility humanName="Visibility">public</visibility></instancespecification></magicdraw>