<?xml version="1.0" encoding="UTF-8"?><magicdraw><instancespecification classType="InstanceSpecification" humanType="Instance Specification" icon="MTConnectAssets_files/icon_instancespecification_13643661.svg" id="020c3964-9945-4a74-b26f-3b56e5582033"><classifier humanName="Classifier" mode="s,e"><stereotype classType="Stereotype" humanType="Stereotype" icon="MTConnectAssets_files/icon_stereotype_918307166.svg" name="DiagramInfo" refid="8286d171-50e9-40be-b049-257a243a8867"/></classifier><documentation humanName="Documentation"/><name humanName="Name" mode="s,e"/><ownedElement humanName="Owned Element"><slot classType="Slot" humanType="Slot" icon="MTConnectAssets_files/icon_slot_1314472474.svg" refid="1c86e41c-ab4a-439d-897e-f6eea0dea901"/><slot classType="Slot" humanType="Slot" icon="MTConnectAssets_files/icon_slot_1314472474.svg" refid="ae27265a-93ab-4f77-9cfa-dd23f5ac724b"/><slot classType="Slot" humanType="Slot" icon="MTConnectAssets_files/icon_slot_1314472474.svg" refid="b2ca377d-80ab-41e3-aba6-8eecb1e15c84"/><slot classType="Slot" humanType="Slot" icon="MTConnectAssets_files/icon_slot_1314472474.svg" refid="eed96c5d-a5a9-4ce3-8b0c-72459cff0776"/></ownedElement><owner classType="Diagram" humanName="Owner" humanType="Diagram" icon="MTConnectAssets_files/icon_SysML Block Definition Diagram_378716347.svg" mode="s,e" name="Measurements" refid="3b90c19d-b56f-4241-939e-93a64d22c901"/><qualifiedName humanName="Qualified Name" mode="e">Asset::CuttingTool::Measurement Subtypes::Measurements::</qualifiedName><slot humanName="Slot"><slot classType="Slot" humanType="Slot" icon="MTConnectAssets_files/icon_slot_1314472474.svg" refid="1c86e41c-ab4a-439d-897e-f6eea0dea901"/><slot classType="Slot" humanType="Slot" icon="MTConnectAssets_files/icon_slot_1314472474.svg" refid="ae27265a-93ab-4f77-9cfa-dd23f5ac724b"/><slot classType="Slot" humanType="Slot" icon="MTConnectAssets_files/icon_slot_1314472474.svg" refid="b2ca377d-80ab-41e3-aba6-8eecb1e15c84"/><slot classType="Slot" humanType="Slot" icon="MTConnectAssets_files/icon_slot_1314472474.svg" refid="eed96c5d-a5a9-4ce3-8b0c-72459cff0776"/></slot><stereotypedElement classType="Diagram" humanName="Stereotyped Element" humanType="Diagram" icon="MTConnectAssets_files/icon_SysML Block Definition Diagram_378716347.svg" name="Measurements" refid="3b90c19d-b56f-4241-939e-93a64d22c901"/><TO_DO humanName="To Do" mode="s,e"/><visibility humanName="Visibility">public</visibility></instancespecification></magicdraw>