<?xml version="1.0" encoding="UTF-8"?><magicdraw><instancespecification classType="InstanceSpecification" humanType="Instance Specification" icon="MTConnectAssets_files/icon_instancespecification_13643661.svg" id="024c3d73-ec02-40a5-99cd-0095c29138d5"><classifier humanName="Classifier" mode="s,e"><stereotype classType="Stereotype" humanType="Stereotype" icon="MTConnectAssets_files/icon_stereotype_339821129.svg" name="ReferenceProperty" refid="f430da61-f435-4fb1-b6a5-858074ac8e17"/></classifier><documentation humanName="Documentation"/><name humanName="Name" mode="s,e"/><owner classType="Property" humanName="Owner" humanType="Reference Property" icon="MTConnectAssets_files/icon_referenceproperty_339821129.svg" mode="s,e" name="hasItemLifeWear" refid="04c59d7a-d774-4da8-88d1-138dce2f1a7c"/><qualifiedName humanName="Qualified Name" mode="e">Asset::CuttingTool::CuttingItem::CuttingItem::hasItemLifeWear::</qualifiedName><stereotypedElement classType="Property" humanName="Stereotyped Element" humanType="Reference Property" icon="MTConnectAssets_files/icon_referenceproperty_339821129.svg" name="hasItemLifeWear" refid="04c59d7a-d774-4da8-88d1-138dce2f1a7c"/><TO_DO humanName="To Do" mode="s,e"/><visibility humanName="Visibility">public</visibility></instancespecification></magicdraw>