<?xml version="1.0" encoding="UTF-8"?><magicdraw><literalunlimitednatural classType="LiteralUnlimitedNatural" humanType="Literal Unlimited Natural" icon="MTConnectAssets_files/icon_literalunlimitednatural_919671508.svg" id="028e2c23-f789-4af3-9f68-c4af80a292a9"><documentation humanName="Documentation"/><name humanName="Name"/><owner classType="Property" humanName="Owner" humanType="Value Property" icon="MTConnectAssets_files/icon_valueproperty_469196179.svg" mode="e" name="format" refid="41450070-41a2-4df0-a371-d6520b54bf05"/><owningUpper classType="Property" humanName="Owning Upper" humanType="Value Property" icon="MTConnectAssets_files/icon_valueproperty_469196179.svg" name="format" refid="41450070-41a2-4df0-a371-d6520b54bf05"/><qualifiedName humanName="Qualified Name">Asset::AssetDefinition::format::</qualifiedName><text humanName="Text" mode="standard">1</text><TO_DO humanName="To Do"/><TYPE_MODIFIER humanName="Type Modifier"/><value humanName="Value" mode="s,e">1</value><visibility humanName="Visibility">public</visibility></literalunlimitednatural></magicdraw>