<?xml version="1.0" encoding="UTF-8"?><magicdraw><diagram classType="Diagram" diagramType="SysML Block Definition Diagram" height="792" humanType="Diagram" icon="MTConnectAssets_files/icon_SysML Block Definition Diagram_378716347.svg" id="02d9c752-87ca-4743-84e7-36e429a5d4c5" src="MTConnectAssets_files/02d9c752-87ca-4743-84e7-36e429a5d4c5.svg" width="1463"><APPLIED_STEREOTYPES humanName="Applied Stereotype" mode="s,e"><stereotype classType="Stereotype" humanType="Stereotype" icon="MTConnectAssets_files/icon_stereotype_918307166.svg" name="DiagramInfo" refid="8286d171-50e9-40be-b049-257a243a8867"/></APPLIED_STEREOTYPES><appliedStereotype humanName="Applied Stereotype" mode="s,e"><stereotype classType="Stereotype" humanType="Stereotype" icon="MTConnectAssets_files/icon_stereotype_918307166.svg" name="DiagramInfo" refid="8286d171-50e9-40be-b049-257a243a8867"><property classType="Property" humanName="Author" humanType="Property" icon="MTConnectAssets_files/icon_property_627361964.svg" name="Author" refid="0074f5d7-e1b3-40e6-b8c6-a5adc0bd997e"><String>tsprock</String></property><property classType="Property" humanName="Base_ Diagram" humanType="Property" icon="MTConnectAssets_files/icon_property_627361964.svg" name="base_Diagram" refid="0ea5c8a6-a156-43c6-a38f-c7969e4ec7e9"/><property classType="Property" humanName="Base_ Element" humanType="Property" icon="MTConnectAssets_files/icon_property_627361964.svg" name="base_Element" refid="f2b6fe0b-c570-47bb-81f0-cd774bc371ca"/><property classType="Property" humanName="Creation Date" humanType="Property" icon="MTConnectAssets_files/icon_property_627361964.svg" name="Creation date" refid="4a01c2b2-307c-4f4a-ba40-e62bf46d6110"><String>5/13/20 8:11 AM</String></property><property classType="Property" humanName="Last modified by" humanType="Property" icon="MTConnectAssets_files/icon_property_627361964.svg" name="Last modified by" refid="4b2fe2c8-7ee9-46e6-836c-746a4d8b54e2"/><property classType="Property" humanName="Modification Date" humanType="Property" icon="MTConnectAssets_files/icon_property_627361964.svg" name="Modification date" refid="8da7cf15-e3c0-41fa-ad66-9d3722b1946f"/></stereotype></appliedStereotype><appliedStereotypeInstance classType="InstanceSpecification" humanName="Applied Stereotype Instance" humanType="Instance Specification" icon="MTConnectAssets_files/icon_instancespecification_13643661.svg" name=" : UML Standard Profile::MagicDraw Profile::DiagramInfo" refid="2d73fd97-b183-44d3-8371-17addeae9ef5"/><documentation humanName="Documentation"/><map/><name humanName="Name" mode="s,e">DARPA-iFab-mSysML</name><namespace classType="Package" humanName="Namespace" humanType="Package" icon="MTConnectAssets_files/icon_package_1622863652.svg" name="RelatedModels" refid="3c217c5d-5ebc-4543-a5c8-68eede621433"/><ownedElement humanName="Owned Element"><instancespecification classType="InstanceSpecification" humanType="Instance Specification" icon="MTConnectAssets_files/icon_instancespecification_13643661.svg" name=" : UML Standard Profile::MagicDraw Profile::DiagramInfo" refid="2d73fd97-b183-44d3-8371-17addeae9ef5"/></ownedElement><owner classType="Package" humanName="Owner" humanType="Package" icon="MTConnectAssets_files/icon_package_1622863652.svg" mode="s,e" name="RelatedModels" refid="3c217c5d-5ebc-4543-a5c8-68eede621433"/><ownerOfDiagram classType="Package" humanName="Owner Of Diagram" humanType="Package" icon="MTConnectAssets_files/icon_package_1622863652.svg" name="RelatedModels" refid="3c217c5d-5ebc-4543-a5c8-68eede621433"/><qualifiedName humanName="Qualified Name" mode="e">Asset::PartsProcesses::RelatedModels::DARPA-iFab-mSysML</qualifiedName><TO_DO humanName="To Do" mode="s,e"/><DIAGRAM_TYPE_DERIVED_PROPERTY humanName="Type">SysML Block Definition Diagram</DIAGRAM_TYPE_DERIVED_PROPERTY><visibility humanName="Visibility">public</visibility></diagram></magicdraw>