<?xml version="1.0" encoding="UTF-8"?><magicdraw><diagram classType="Diagram" diagramType="SysML Block Definition Diagram" height="280" humanType="Diagram" icon="MTConnectAssets_files/icon_SysML Block Definition Diagram_378716347.svg" id="033793c8-1fe5-426f-91b6-dbfd17e324cf" src="MTConnectAssets_files/033793c8-1fe5-426f-91b6-dbfd17e324cf.svg" width="621"><APPLIED_STEREOTYPES humanName="Applied Stereotype" mode="s,e"><stereotype classType="Stereotype" humanType="Stereotype" icon="MTConnectAssets_files/icon_stereotype_918307166.svg" name="DiagramInfo" refid="8286d171-50e9-40be-b049-257a243a8867"/></APPLIED_STEREOTYPES><appliedStereotype humanName="Applied Stereotype" mode="s,e"><stereotype classType="Stereotype" humanType="Stereotype" icon="MTConnectAssets_files/icon_stereotype_918307166.svg" name="DiagramInfo" refid="8286d171-50e9-40be-b049-257a243a8867"><property classType="Property" humanName="Author" humanType="Property" icon="MTConnectAssets_files/icon_property_627361964.svg" name="Author" refid="0074f5d7-e1b3-40e6-b8c6-a5adc0bd997e"><String>ssingh</String></property><property classType="Property" humanName="Base_ Diagram" humanType="Property" icon="MTConnectAssets_files/icon_property_627361964.svg" name="base_Diagram" refid="0ea5c8a6-a156-43c6-a38f-c7969e4ec7e9"/><property classType="Property" humanName="Base_ Element" humanType="Property" icon="MTConnectAssets_files/icon_property_627361964.svg" name="base_Element" refid="f2b6fe0b-c570-47bb-81f0-cd774bc371ca"/><property classType="Property" humanName="Creation Date" humanType="Property" icon="MTConnectAssets_files/icon_property_627361964.svg" name="Creation date" refid="4a01c2b2-307c-4f4a-ba40-e62bf46d6110"><String>1/20/20 9:50 AM</String></property><property classType="Property" humanName="Last modified by" humanType="Property" icon="MTConnectAssets_files/icon_property_627361964.svg" name="Last modified by" refid="4b2fe2c8-7ee9-46e6-836c-746a4d8b54e2"><String>tsprock</String></property><property classType="Property" humanName="Modification Date" humanType="Property" icon="MTConnectAssets_files/icon_property_627361964.svg" name="Modification date" refid="8da7cf15-e3c0-41fa-ad66-9d3722b1946f"><String>5/27/20 10:36 AM</String></property></stereotype></appliedStereotype><appliedStereotypeInstance classType="InstanceSpecification" humanName="Applied Stereotype Instance" humanType="Instance Specification" icon="MTConnectAssets_files/icon_instancespecification_13643661.svg" name=" : UML Standard Profile::MagicDraw Profile::DiagramInfo" refid="6bc7ecea-016b-4c04-a348-0b1469efe28d"/><documentation humanName="Documentation"/><map><area isNotContentShape="false" name="Property" refid="99fe1293-4a0a-44cd-bcbe-c1922c3e6e92" shape="rect" type="0"><point x="130" y="52"/><point x="136" y="52"/><point x="136" y="58"/><point x="130" y="58"/></area><area isNotContentShape="false" name="Property" refid="cea842de-86ee-4867-939a-7c359c964d6d" shape="rect" type="0"><point x="130" y="98"/><point x="136" y="98"/><point x="136" y="103"/><point x="130" y="103"/></area><area isNotContentShape="false" name="Reference Property hasAssetReferences" refid="6b0883c1-2f3e-4768-825a-c4fb2a2da1e4" shape="rect" type="0"><point x="212" y="52"/><point x="218" y="52"/><point x="218" y="58"/><point x="212" y="58"/></area><area isNotContentShape="false" name="Reference Property hasDefinition" refid="7f9ea478-291a-490c-a023-55fe1a98275f" shape="rect" type="0"><point x="212" y="98"/><point x="218" y="98"/><point x="218" y="103"/><point x="212" y="103"/></area><area isNotContentShape="false" name="Reference Property hasDefinition" refid="7f9ea478-291a-490c-a023-55fe1a98275f" shape="rect" type="0"><point x="178" y="92"/><point x="216" y="92"/><point x="216" y="99"/><point x="178" y="99"/></area><area isNotContentShape="false" name="Reference Property hasAssetReferences" refid="6b0883c1-2f3e-4768-825a-c4fb2a2da1e4" shape="rect" type="0"><point x="158" y="47"/><point x="216" y="47"/><point x="216" y="54"/><point x="158" y="54"/></area><area isNotContentShape="false" name="Association" refid="9daf6245-4058-4d2d-8c7c-c7e3bd43a23d" shape="poly" type="0"><point x="131" y="54"/><point x="218" y="54"/><point x="217" y="55"/><point x="130" y="55"/></area><area isNotContentShape="false" name="Association" refid="a8e8c0b6-3fd3-409a-b334-4408469f5ef9" shape="poly" type="0"><point x="131" y="100"/><point x="218" y="100"/><point x="217" y="101"/><point x="130" y="101"/></area><area isNotContentShape="false" name="Reference Property assetId" refid="b3a517eb-c5b8-47d0-9a78-73b9343e08db" shape="rect" type="0"><point x="219" y="45"/><point x="291" y="45"/><point x="291" y="52"/><point x="219" y="52"/></area><area isNotContentShape="false" name="Value Property source" refid="efebfbf9-68ae-4a7f-8fea-9063af060ebb" shape="rect" type="0"><point x="219" y="61"/><point x="291" y="61"/><point x="291" y="68"/><point x="219" y="68"/></area><area isNotContentShape="false" name="Value Property assetType" refid="cead556e-66e7-4706-a595-ce2a6539a7bd" shape="rect" type="0"><point x="219" y="68"/><point x="291" y="68"/><point x="291" y="75"/><point x="219" y="75"/></area><area isNotContentShape="false" name="Block AssetReference" refid="9477790d-2b36-46cf-aad5-511c5c143f9f" shape="rect" type="0"><point x="217" y="21"/><point x="293" y="21"/><point x="293" y="78"/><point x="217" y="78"/></area><area isNotContentShape="false" name="Value Property format" refid="41450070-41a2-4df0-a371-d6520b54bf05" shape="rect" type="0"><point x="219" y="112"/><point x="297" y="112"/><point x="297" y="119"/><point x="219" y="119"/></area><area isNotContentShape="false" name="Value Property value" refid="65f5cfa4-73a5-40b9-8eae-d5e1f7662917" shape="rect" type="0"><point x="219" y="118"/><point x="297" y="118"/><point x="297" y="125"/><point x="219" y="125"/></area><area isNotContentShape="false" name="Block AssetDefinition" refid="a884e95f-4ee5-4e8f-b4fb-bd33bf9bedbe" shape="rect" type="0"><point x="217" y="88"/><point x="299" y="88"/><point x="299" y="128"/><point x="217" y="128"/></area><area isNotContentShape="false" name="Value Property assetId" refid="250c4e64-40d4-4f93-b791-377455d96e43" shape="rect" type="0"><point x="19" y="66"/><point x="129" y="66"/><point x="129" y="73"/><point x="19" y="73"/></area><area isNotContentShape="false" name="Value Property deviceUuid" refid="fb4a5708-07c2-408d-ba73-6963f59c4b72" shape="rect" type="0"><point x="19" y="73"/><point x="129" y="73"/><point x="129" y="80"/><point x="19" y="80"/></area><area isNotContentShape="false" name="Value Property removed" refid="f900922b-e078-42d0-85d5-e9ec83d5b6e5" shape="rect" type="0"><point x="19" y="79"/><point x="129" y="79"/><point x="129" y="86"/><point x="19" y="86"/></area><area isNotContentShape="false" name="Value Property timestamp" refid="e1accf7f-f2e8-40b9-ae1a-2e0f4801d288" shape="rect" type="0"><point x="19" y="86"/><point x="129" y="86"/><point x="129" y="93"/><point x="19" y="93"/></area><area isNotContentShape="false" name="Value Property hasDescription" refid="d20b9322-4a98-4267-9717-0bafa9fa5bf4" shape="rect" type="0"><point x="19" y="92"/><point x="129" y="92"/><point x="129" y="99"/><point x="19" y="99"/></area><area isNotContentShape="false" name="Block Asset" refid="605ecbad-4515-4ca8-9ccb-25ca175744fa" shape="rect" type="0"><point x="18" y="42"/><point x="131" y="42"/><point x="131" y="115"/><point x="18" y="115"/></area></map><name humanName="Name" mode="s,e">AssetOverview</name><namespace classType="Package" humanName="Namespace" humanType="Package" icon="MTConnectAssets_files/icon_package_1622863652.svg" name="Asset" refid="90f9f8f8-d243-4969-a48a-bdac168084ca"/><ownedElement humanName="Owned Element"><instancespecification classType="InstanceSpecification" humanType="Instance Specification" icon="MTConnectAssets_files/icon_instancespecification_13643661.svg" name=" : UML Standard Profile::MagicDraw Profile::DiagramInfo" refid="6bc7ecea-016b-4c04-a348-0b1469efe28d"/></ownedElement><owner classType="Package" humanName="Owner" humanType="Package" icon="MTConnectAssets_files/icon_package_1622863652.svg" mode="s,e" name="Asset" refid="90f9f8f8-d243-4969-a48a-bdac168084ca"/><ownerOfDiagram classType="Package" humanName="Owner Of Diagram" humanType="Package" icon="MTConnectAssets_files/icon_package_1622863652.svg" name="Asset" refid="90f9f8f8-d243-4969-a48a-bdac168084ca"/><qualifiedName humanName="Qualified Name" mode="e">Asset::AssetOverview</qualifiedName><TO_DO humanName="To Do" mode="s,e"/><DIAGRAM_TYPE_DERIVED_PROPERTY humanName="Type">SysML Block Definition Diagram</DIAGRAM_TYPE_DERIVED_PROPERTY><visibility humanName="Visibility">public</visibility></diagram></magicdraw>