<?xml version="1.0" encoding="UTF-8"?><magicdraw><slot classType="Slot" humanType="Slot" icon="MTConnectAssets_files/icon_slot_1314472474.svg" id="0344cde9-74b2-4b64-8f5e-b7833ab17499"><definingFeature classType="Property" humanName="Defining Feature" humanType="Property" icon="MTConnectAssets_files/icon_property_627361964.svg" mode="s,e" name="Modification date" refid="8da7cf15-e3c0-41fa-ad66-9d3722b1946f"/><documentation humanName="Documentation"/><ownedElement humanName="Owned Element"><literalstring classType="LiteralString" humanType="Literal String" icon="MTConnectAssets_files/icon_literalstring_989251045.svg" name="5/26/20 9:32 AM" refid="334fd7f9-c300-4367-80e6-b956fc4ae34c" text="5/26/20 9:32 AM"/></ownedElement><owner classType="InstanceSpecification" humanName="Owner" humanType="Instance Specification" icon="MTConnectAssets_files/icon_instancespecification_13643661.svg" mode="s,e" name=" : UML Standard Profile::MagicDraw Profile::DiagramInfo" refid="cc25b539-70f3-412b-9db0-bd4ab5e76494"/><owningInstance classType="InstanceSpecification" humanName="Owning Instance" humanType="Instance Specification" icon="MTConnectAssets_files/icon_instancespecification_13643661.svg" name=" : UML Standard Profile::MagicDraw Profile::DiagramInfo" refid="cc25b539-70f3-412b-9db0-bd4ab5e76494"/><TO_DO humanName="To Do" mode="s,e"/><value humanName="Value" mode="s,e"><literalstring classType="LiteralString" humanType="Literal String" icon="MTConnectAssets_files/icon_literalstring_989251045.svg" name="5/26/20 9:32 AM" refid="334fd7f9-c300-4367-80e6-b956fc4ae34c" text="5/26/20 9:32 AM"/></value></slot></magicdraw>