<?xml version="1.0" encoding="UTF-8"?><magicdraw><valueproperty classType="Property" humanType="Value Property" icon="MTConnectAssets_files/icon_valueproperty_924840719.svg" id="03e7a0b0-f69c-494d-a4f9-9bf149375967"><aggregation humanName="Aggregation" mode="s,e">none</aggregation><APPLIED_STEREOTYPES humanName="Applied Stereotype" mode="s,e"><stereotype classType="Stereotype" humanType="Stereotype" icon="MTConnectAssets_files/icon_stereotype_469196179.svg" name="ValueProperty" refid="f9f8ec08-03ee-474f-9513-fba19063df38"/></APPLIED_STEREOTYPES><appliedStereotype humanName="Applied Stereotype" mode="s,e"><stereotype classType="Stereotype" humanType="Stereotype" icon="MTConnectAssets_files/icon_stereotype_469196179.svg" name="ValueProperty" refid="f9f8ec08-03ee-474f-9513-fba19063df38"><property classType="Property" humanName="Base_ Element" humanType="Property" icon="MTConnectAssets_files/icon_property_627361964.svg" name="base_Element" refid="f2b6fe0b-c570-47bb-81f0-cd774bc371ca"/><property classType="Property" humanName="Base_ Property" humanType="Property" icon="MTConnectAssets_files/icon_property_627361964.svg" name="base_Property" refid="d3d3c5fb-9db9-4dad-b04e-7adb9b1b36f7"/></stereotype></appliedStereotype><appliedStereotypeInstance classType="InstanceSpecification" humanName="Applied Stereotype Instance" humanType="Instance Specification" icon="MTConnectAssets_files/icon_instancespecification_13643661.svg" name=" : MD Customization for SysML::additional_stereotypes::ValueProperty" refid="0af0ebfd-399e-40ef-92ee-946f36f609df"/><UMLClass classType="Class" humanName="Class" humanType="Block" icon="MTConnectAssets_files/icon_block_1271079013.svg" name="Measurement" refid="9d96f557-336e-4a28-a1be-8fc1e3637a8a"/><classifier classType="Class" humanName="Classifier" humanType="Block" icon="MTConnectAssets_files/icon_block_1271079013.svg" name="Measurement" refid="9d96f557-336e-4a28-a1be-8fc1e3637a8a"/><documentation humanName="Documentation" mode="standard">The units for the measurements. </documentation><effectiveIRI humanName="Effective IRI"/><featuringClassifier classType="Class" humanName="Featuring Classifier" humanType="Block" icon="MTConnectAssets_files/icon_block_1271079013.svg" name="Measurement" refid="9d96f557-336e-4a28-a1be-8fc1e3637a8a"/><isComposite humanName="Is Composite">false</isComposite><isDerived humanName="Is Derived" mode="s,e">false</isDerived><isDerivedUnion humanName="Is Derived Union" mode="e">false</isDerivedUnion><isID humanName="Is ID" mode="e">false</isID><isLeaf humanName="Is Leaf">false</isLeaf><isOrdered humanName="Is Ordered" mode="e">false</isOrdered><isReadOnly humanName="Is Read Only" mode="s,e">false</isReadOnly><isStatic humanName="Is Static" mode="s,e">false</isStatic><isUnique humanName="Is Unique" mode="e">true</isUnique><lower humanName="Lower">0</lower><lowerValue classType="LiteralInteger" humanName="Lower Value" humanType="Literal Integer" icon="MTConnectAssets_files/icon_literalinteger_922180500.svg" name="0" refid="ac224c4b-e898-42b2-85ad-63da657a4834" text="0"/><multiplicity humanName="Multiplicity" mode="s,e">0..1</multiplicity><multiplicity humanName="Multiplicity" mode="s,e">0..1</multiplicity><name humanName="Name" mode="s,e">units</name><namespace classType="Class" humanName="Namespace" humanType="Block" icon="MTConnectAssets_files/icon_block_1271079013.svg" name="Measurement" refid="9d96f557-336e-4a28-a1be-8fc1e3637a8a"/><navigable humanName="Navigable">true</navigable><ownedBy classType="Class" humanName="Owned By" humanType="Block" icon="MTConnectAssets_files/icon_block_1271079013.svg" name="Measurement" refid="9d96f557-336e-4a28-a1be-8fc1e3637a8a"/><ownedComment humanName="Owned Comment"><comment classType="Comment" humanType="Comment" icon="MTConnectAssets_files/icon_comment_1043177908.svg" refid="80f0e1a5-8495-404a-9605-1a6b563055e3"/></ownedComment><ownedElement humanName="Owned Element"><comment classType="Comment" humanType="Comment" icon="MTConnectAssets_files/icon_comment_1043177908.svg" refid="80f0e1a5-8495-404a-9605-1a6b563055e3"/><instancespecification classType="InstanceSpecification" humanType="Instance Specification" icon="MTConnectAssets_files/icon_instancespecification_13643661.svg" name=" : MD Customization for SysML::additional_stereotypes::ValueProperty" refid="0af0ebfd-399e-40ef-92ee-946f36f609df"/><literalinteger classType="LiteralInteger" humanType="Literal Integer" icon="MTConnectAssets_files/icon_literalinteger_922180500.svg" name="0" refid="ac224c4b-e898-42b2-85ad-63da657a4834" text="0"/><literalinteger classType="LiteralInteger" humanType="Literal Integer" icon="MTConnectAssets_files/icon_literalinteger_922180500.svg" name="1" refid="4768fd23-5dc8-4895-92af-18a6daaeac1a" text="1"/></ownedElement><owner classType="Class" humanName="Owner" humanType="Block" icon="MTConnectAssets_files/icon_block_1271079013.svg" name="Measurement" refid="9d96f557-336e-4a28-a1be-8fc1e3637a8a"/><qualifiedName humanName="Qualified Name" mode="e">Asset::CuttingTool::Measurement::units</qualifiedName><redefinitionContext humanName="Redefinition Context"><block classType="Class" humanType="Block" icon="MTConnectAssets_files/icon_block_1271079013.svg" name="Measurement" refid="9d96f557-336e-4a28-a1be-8fc1e3637a8a"/></redefinitionContext><TO_DO humanName="To Do" mode="s,e"/><type classType="Enumeration" humanName="Type" humanType="Value Type" icon="MTConnectAssets_files/icon_valuetype_122648214.svg" mode="s,e" name="UnitEnum" refid="1e8b58ac-9da3-447c-9ef9-9a56be93a2c8"/><TYPE_MODIFIER humanName="Type Modifier" mode="e"/><upper humanName="Upper">1</upper><upperValue classType="LiteralInteger" humanName="Upper Value" humanType="Literal Integer" icon="MTConnectAssets_files/icon_literalinteger_922180500.svg" name="1" refid="4768fd23-5dc8-4895-92af-18a6daaeac1a" text="1"/><visibility humanName="Visibility" mode="e">public</visibility><appearsIn><diagram classType="Diagram" humanType="Diagram" icon="MTConnectAssets_files/icon_SysML Block Definition Diagram_378716347.svg" name="Measurements" refid="c3b61c3e-b142-481e-a5e3-23d86b8fadc4"/><diagram classType="Diagram" humanType="Diagram" icon="MTConnectAssets_files/icon_SysML Block Definition Diagram_378716347.svg" name="CuttingToolLifeCycleModel" refid="ee864f60-1bb3-4e13-9955-1180841334a9"/><diagram classType="Diagram" humanType="Diagram" icon="MTConnectAssets_files/icon_SysML Block Definition Diagram_378716347.svg" name="CuttingItemModel" refid="6c1571f6-edf0-48ae-be83-2b1546ba3029"/><diagram classType="Diagram" humanType="Diagram" icon="MTConnectAssets_files/icon_SysML Block Definition Diagram_378716347.svg" name="Measurements" refid="3b90c19d-b56f-4241-939e-93a64d22c901"/></appearsIn></valueproperty></magicdraw>