<?xml version="1.0" encoding="UTF-8"?><magicdraw><instancespecification classType="InstanceSpecification" humanType="Instance Specification" icon="MTConnectAssets_files/icon_instancespecification_13643661.svg" id="04e19e1b-696d-4658-97cb-b803dd935fb9"><classifier humanName="Classifier" mode="s,e"><stereotype classType="Stereotype" humanType="Stereotype" icon="MTConnectAssets_files/icon_stereotype_151450878.svg" name="ReferenceProperty" refid="f430da61-f435-4fb1-b6a5-858074ac8e17"/></classifier><documentation humanName="Documentation"/><name humanName="Name" mode="s,e"/><owner classType="Property" humanName="Owner" humanType="Reference Property" icon="MTConnectAssets_files/icon_referenceproperty_151450878.svg" mode="s,e" name="plannedQuantity" refid="e58e79fa-9b03-4647-ad7c-ad7aeda8a52c"/><qualifiedName humanName="Qualified Name" mode="e">Asset::PartsProcesses::PartArchetype::plannedQuantity::</qualifiedName><stereotypedElement classType="Property" humanName="Stereotyped Element" humanType="Reference Property" icon="MTConnectAssets_files/icon_referenceproperty_151450878.svg" name="plannedQuantity" refid="e58e79fa-9b03-4647-ad7c-ad7aeda8a52c"/><TO_DO humanName="To Do" mode="s,e"/><visibility humanName="Visibility">public</visibility></instancespecification></magicdraw>