<?xml version="1.0" encoding="UTF-8"?><magicdraw><literalinteger classType="LiteralInteger" humanType="Literal Integer" icon="MTConnectAssets_files/icon_literalinteger_922180500.svg" id="05957efe-072f-4cd6-9bbe-7216b398f10d"><documentation humanName="Documentation"/><name humanName="Name"/><owner classType="Property" humanName="Owner" humanType="Part Property" icon="MTConnectAssets_files/icon_partproperty_1289757170.svg" mode="e" name="detect" refid="56a5f459-2ec1-4e39-a3f1-00ad2a5ae65d"/><owningLower classType="Property" humanName="Owning Lower" humanType="Part Property" icon="MTConnectAssets_files/icon_partproperty_1289757170.svg" name="detect" refid="56a5f459-2ec1-4e39-a3f1-00ad2a5ae65d"/><qualifiedName humanName="Qualified Name">Asset::PartsProcesses::Components::Part::detect::</qualifiedName><text humanName="Text" mode="standard">0</text><TO_DO humanName="To Do"/><TYPE_MODIFIER humanName="Type Modifier"/><value humanName="Value" mode="s,e">0</value><visibility humanName="Visibility">public</visibility></literalinteger></magicdraw>