<?xml version="1.0" encoding="UTF-8"?><magicdraw><literalstring classType="LiteralString" humanType="Literal String" icon="MTConnectAssets_files/icon_literalstring_989251045.svg" id="05aad898-e5ec-436b-8359-42580f8ceaf8"><documentation humanName="Documentation"/><name humanName="Name"/><owner classType="Slot" humanName="Owner" humanType="Slot" icon="MTConnectAssets_files/icon_slot_1314472474.svg" mode="e" refid="b6b6fe06-c656-47ec-b18b-8593e436bb50"/><owningSlot classType="Slot" humanName="Owning Slot" humanType="Slot" icon="MTConnectAssets_files/icon_slot_1314472474.svg" refid="b6b6fe06-c656-47ec-b18b-8593e436bb50"/><qualifiedName humanName="Qualified Name"/><text humanName="Text" mode="standard">5/13/20 8:09 AM</text><TO_DO humanName="To Do"/><TYPE_MODIFIER humanName="Type Modifier"/><value humanName="Value" mode="s,e">5/13/20 8:09 AM</value><visibility humanName="Visibility">public</visibility></literalstring></magicdraw>