<?xml version="1.0" encoding="UTF-8"?><magicdraw><literalinteger classType="LiteralInteger" humanType="Literal Integer" icon="MTConnectAssets_files/icon_literalinteger_922180500.svg" id="05af87db-48ac-4f99-8f92-722b09f452ba"><documentation humanName="Documentation"/><name humanName="Name"/><owner classType="Property" humanName="Owner" humanType="Value Property" icon="MTConnectAssets_files/icon_valueproperty_469196179.svg" mode="e" name="type" refid="93b39ef6-b840-441e-9716-501c9f155cd7"/><owningUpper classType="Property" humanName="Owning Upper" humanType="Value Property" icon="MTConnectAssets_files/icon_valueproperty_469196179.svg" name="type" refid="93b39ef6-b840-441e-9716-501c9f155cd7"/><qualifiedName humanName="Qualified Name">Asset::CuttingTool::ToolLife::type::</qualifiedName><text humanName="Text" mode="standard">1</text><TO_DO humanName="To Do"/><TYPE_MODIFIER humanName="Type Modifier"/><value humanName="Value" mode="s,e">1</value><visibility humanName="Visibility">public</visibility></literalinteger></magicdraw>