<?xml version="1.0" encoding="UTF-8"?><magicdraw><valuetype classType="Enumeration" humanType="Value Type" icon="MTConnectAssets_files/icon_valuetype_122648214.svg" id="069ca52c-fc31-4ade-b84d-2ddb5d934d83"><APPLIED_STEREOTYPES humanName="Applied Stereotype" mode="s,e"><stereotype classType="Stereotype" humanType="Stereotype" icon="MTConnectAssets_files/icon_stereotype_395112008.svg" name="ValueType" refid="696b8ea6-7fa5-4354-aca1-5de49b0f28a6"/></APPLIED_STEREOTYPES><appliedStereotype humanName="Applied Stereotype" mode="s,e"><stereotype classType="Stereotype" humanType="Stereotype" icon="MTConnectAssets_files/icon_stereotype_395112008.svg" name="ValueType" refid="696b8ea6-7fa5-4354-aca1-5de49b0f28a6"><property classType="Property" humanName="Base_ Data Type" humanType="Property" icon="MTConnectAssets_files/icon_property_627361964.svg" name="base_DataType" refid="f77dd7c7-ea4a-4c01-9929-3002b8bf4c7a"/><property classType="Property" humanName="Quantity Kind" humanType="Property" icon="MTConnectAssets_files/icon_property_627361964.svg" name="quantityKind" refid="bd29510f-2f04-48c3-b7bf-1150e4e56677"/><property classType="Property" humanName="Unit" humanType="Property" icon="MTConnectAssets_files/icon_property_627361964.svg" name="unit" refid="b965c008-dcd3-4326-b04c-f8c6fddfb24a"/></stereotype></appliedStereotype><appliedStereotypeInstance classType="InstanceSpecification" humanName="Applied Stereotype Instance" humanType="Instance Specification" icon="MTConnectAssets_files/icon_instancespecification_13643661.svg" name=" : SysML::Blocks::ValueType" refid="e595e216-7d25-442c-8397-21faff2bddfb"/><documentation humanName="Documentation" mode="standard">Enumeration for countDirection types.</documentation><effectiveIRI humanName="Effective IRI"/><isAbstract humanName="Is Abstract" mode="e">false</isAbstract><isFinalSpecialization humanName="Is Final Specialization" mode="e">false</isFinalSpecialization><isLeaf humanName="Is Leaf" mode="e">false</isLeaf><member humanName="Member"><enumerationliteral classType="EnumerationLiteral" humanType="Enumeration Literal" icon="MTConnectAssets_files/icon_enumerationliteral_1191775513.svg" name="DOWN" refid="7058c238-0512-4309-ad1b-e47b65b9d01e"/><enumerationliteral classType="EnumerationLiteral" humanType="Enumeration Literal" icon="MTConnectAssets_files/icon_enumerationliteral_1191775513.svg" name="UP" refid="ce31332d-56dc-4346-9a31-ff2c379cf85a"/></member><name humanName="Name" mode="s,e">CountDirectionType</name><namespace classType="Package" humanName="Namespace" humanType="Package" icon="MTConnectAssets_files/icon_package_1622863652.svg" name="CuttingTool" refid="1e2ca153-69cf-4636-a5d2-571e323348f5"/><ownedComment humanName="Owned Comment"><comment classType="Comment" humanType="Comment" icon="MTConnectAssets_files/icon_comment_1043177908.svg" refid="deb9dcb3-b65a-4608-83c5-ff16d5fbba44"/></ownedComment><ownedElement humanName="Owned Element"><comment classType="Comment" humanType="Comment" icon="MTConnectAssets_files/icon_comment_1043177908.svg" refid="deb9dcb3-b65a-4608-83c5-ff16d5fbba44"/><instancespecification classType="InstanceSpecification" humanType="Instance Specification" icon="MTConnectAssets_files/icon_instancespecification_13643661.svg" name=" : SysML::Blocks::ValueType" refid="e595e216-7d25-442c-8397-21faff2bddfb"/><enumerationliteral classType="EnumerationLiteral" humanType="Enumeration Literal" icon="MTConnectAssets_files/icon_enumerationliteral_1191775513.svg" name="DOWN" refid="7058c238-0512-4309-ad1b-e47b65b9d01e"/><enumerationliteral classType="EnumerationLiteral" humanType="Enumeration Literal" icon="MTConnectAssets_files/icon_enumerationliteral_1191775513.svg" name="UP" refid="ce31332d-56dc-4346-9a31-ff2c379cf85a"/></ownedElement><ownedLiteral humanName="Owned Literal"><enumerationliteral classType="EnumerationLiteral" humanType="Enumeration Literal" icon="MTConnectAssets_files/icon_enumerationliteral_1191775513.svg" name="DOWN" refid="7058c238-0512-4309-ad1b-e47b65b9d01e"/><enumerationliteral classType="EnumerationLiteral" humanType="Enumeration Literal" icon="MTConnectAssets_files/icon_enumerationliteral_1191775513.svg" name="UP" refid="ce31332d-56dc-4346-9a31-ff2c379cf85a"/></ownedLiteral><ownedMember humanName="Owned Member"><enumerationliteral classType="EnumerationLiteral" humanType="Enumeration Literal" icon="MTConnectAssets_files/icon_enumerationliteral_1191775513.svg" name="DOWN" refid="7058c238-0512-4309-ad1b-e47b65b9d01e"/><enumerationliteral classType="EnumerationLiteral" humanType="Enumeration Literal" icon="MTConnectAssets_files/icon_enumerationliteral_1191775513.svg" name="UP" refid="ce31332d-56dc-4346-9a31-ff2c379cf85a"/></ownedMember><owner classType="Package" humanName="Owner" humanType="Package" icon="MTConnectAssets_files/icon_package_1622863652.svg" mode="s,e" name="CuttingTool" refid="1e2ca153-69cf-4636-a5d2-571e323348f5"/><owningPackage classType="Package" humanName="Owning Package" humanType="Package" icon="MTConnectAssets_files/icon_package_1622863652.svg" name="CuttingTool" refid="1e2ca153-69cf-4636-a5d2-571e323348f5"/><package classType="Package" humanName="Package" humanType="Package" icon="MTConnectAssets_files/icon_package_1622863652.svg" name="CuttingTool" refid="1e2ca153-69cf-4636-a5d2-571e323348f5"/><qualifiedName humanName="Qualified Name" mode="e">Asset::CuttingTool::CountDirectionType</qualifiedName><TO_DO humanName="To Do" mode="s,e"/><visibility humanName="Visibility">public</visibility></valuetype></magicdraw>