<?xml version="1.0" encoding="UTF-8"?><magicdraw><generalization classType="Generalization" humanType="Generalization" icon="MTConnectAssets_files/icon_generalization_1702478809.svg" id="06dcdfa9-26c3-4a22-b490-7a90c36903af"><documentation humanName="Documentation"/><general classType="Class" humanName="General" humanType="Block" icon="MTConnectAssets_files/icon_block_1651251671.svg" mode="s,e" name="AssetReference" refid="9477790d-2b36-46cf-aad5-511c5c143f9f"/><isSubstitutable humanName="Is Substitutable">true</isSubstitutable><owner classType="Class" humanName="Owner" humanType="Block" icon="MTConnectAssets_files/icon_block_1651251671.svg" mode="s,e" name="ProcessStep" refid="c5edf2a1-1100-4a12-a27f-237cb9acd52a"/><relatedElement humanName="Related Element"><block classType="Class" humanType="Block" icon="MTConnectAssets_files/icon_block_1651251671.svg" name="AssetReference" refid="9477790d-2b36-46cf-aad5-511c5c143f9f"/><block classType="Class" humanType="Block" icon="MTConnectAssets_files/icon_block_1651251671.svg" name="ProcessStep" refid="c5edf2a1-1100-4a12-a27f-237cb9acd52a"/></relatedElement><source humanName="Source" mode="s,e"><block classType="Class" humanType="Block" icon="MTConnectAssets_files/icon_block_1651251671.svg" name="ProcessStep" refid="c5edf2a1-1100-4a12-a27f-237cb9acd52a"/></source><specific classType="Class" humanName="Specific" humanType="Block" icon="MTConnectAssets_files/icon_block_1651251671.svg" mode="s,e" name="ProcessStep" refid="c5edf2a1-1100-4a12-a27f-237cb9acd52a"/><target humanName="Target" mode="s,e"><block classType="Class" humanType="Block" icon="MTConnectAssets_files/icon_block_1651251671.svg" name="AssetReference" refid="9477790d-2b36-46cf-aad5-511c5c143f9f"/></target><TO_DO humanName="To Do" mode="s,e"/><appearsIn><diagram classType="Diagram" humanType="Diagram" icon="MTConnectAssets_files/icon_SysML Block Definition Diagram_378716347.svg" name="PartsProcessesIntegration" refid="cb1044c6-6e9f-4369-8c76-2e7bc50e1a08"/></appearsIn></generalization></magicdraw>