<?xml version="1.0" encoding="UTF-8"?><magicdraw><instancespecification classType="InstanceSpecification" humanType="Instance Specification" icon="MTConnectAssets_files/icon_instancespecification_13643661.svg" id="082221e0-5215-4531-bd63-b2e101fce8f0"><classifier humanName="Classifier" mode="s,e"><stereotype classType="Stereotype" humanType="Stereotype" icon="MTConnectAssets_files/icon_stereotype_918307166.svg" name="Literal Annotation" refid="27da4e70-0012-4d27-82d7-37552b850484"/></classifier><documentation humanName="Documentation"/><name humanName="Name" mode="s,e"/><owner classType="Comment" humanName="Owner" humanType="Comment" icon="MTConnectAssets_files/icon_comment_1043177908.svg" mode="s,e" refid="503a693f-763e-490f-ad58-a9f38c106621"/><qualifiedName humanName="Qualified Name" mode="e"/><stereotypedElement classType="Comment" humanName="Stereotyped Element" humanType="Comment" icon="MTConnectAssets_files/icon_comment_1043177908.svg" refid="503a693f-763e-490f-ad58-a9f38c106621"/><TO_DO humanName="To Do" mode="s,e"/><visibility humanName="Visibility">public</visibility></instancespecification></magicdraw>