<?xml version="1.0" encoding="UTF-8"?><magicdraw><block classType="Class" humanType="Block" icon="MTConnectAssets_files/icon_block_1651251671.svg" id="090b8f83-03b9-4d13-8f45-b1f74825b53d"><APPLIED_STEREOTYPES humanName="Applied Stereotype" mode="e"><stereotype classType="Stereotype" humanType="Stereotype" icon="MTConnectAssets_files/icon_stereotype_1271079013.svg" name="Block" refid="4b68b36d-0594-4f75-b1e5-32ed35a63dac"/></APPLIED_STEREOTYPES><appliedStereotype humanName="Applied Stereotype" mode="e"><stereotype classType="Stereotype" humanType="Stereotype" icon="MTConnectAssets_files/icon_stereotype_1271079013.svg" name="Block" refid="4b68b36d-0594-4f75-b1e5-32ed35a63dac"><property classType="Property" humanName="Base_ Class" humanType="Property" icon="MTConnectAssets_files/icon_property_627361964.svg" name="base_Class" refid="477489bc-0c5a-4fb7-b88b-b8f0b9c8e690"/><property classType="Property" humanName="Is Encapsulated" humanType="Property" icon="MTConnectAssets_files/icon_property_627361964.svg" name="isEncapsulated" refid="99deda41-88f7-4c37-be6d-57faab2222cc"/></stereotype></appliedStereotype><appliedStereotypeInstance classType="InstanceSpecification" humanName="Applied Stereotype Instance" humanType="Instance Specification" icon="MTConnectAssets_files/icon_instancespecification_13643661.svg" name=" : SysML::Blocks::Block" refid="859e2195-6212-4769-bdcc-0684dc470a4a"/><attribute humanName="Attribute"><referenceproperty classType="Property" humanType="Reference Property" icon="MTConnectAssets_files/icon_referenceproperty_151450878.svg" name="customer" refid="99379d57-7ab3-4092-83ac-de9e924708a8"/><referenceproperty classType="Property" humanType="Reference Property" icon="MTConnectAssets_files/icon_referenceproperty_151450878.svg" name="rawMaterial" refid="70f94781-0f43-40dc-8952-be3d2c46ff07"/></attribute><derivedExplanation humanName="Derived Explanation"/><documentation humanName="Documentation"/><effectiveIRI humanName="Effective IRI"/><feature humanName="Feature"><referenceproperty classType="Property" humanType="Reference Property" icon="MTConnectAssets_files/icon_referenceproperty_151450878.svg" name="customer" refid="99379d57-7ab3-4092-83ac-de9e924708a8"/><referenceproperty classType="Property" humanType="Reference Property" icon="MTConnectAssets_files/icon_referenceproperty_151450878.svg" name="rawMaterial" refid="70f94781-0f43-40dc-8952-be3d2c46ff07"/></feature><isAbstract humanName="Is Abstract">false</isAbstract><isActive humanName="Is Active" mode="e">false</isActive><isFinalSpecialization humanName="Is Final Specialization">false</isFinalSpecialization><isLeaf humanName="Is Leaf">false</isLeaf><member humanName="Member"><block classType="Class" humanType="Block" icon="MTConnectAssets_files/icon_block_1651251671.svg" name="Customer" refid="67e43a36-2b69-4f5c-a7cb-a0d1f62c01b5"/><referenceproperty classType="Property" humanType="Reference Property" icon="MTConnectAssets_files/icon_referenceproperty_151450878.svg" name="customer" refid="99379d57-7ab3-4092-83ac-de9e924708a8"/><block classType="Class" humanType="Block" icon="MTConnectAssets_files/icon_block_1651251671.svg" name="MaterialType" refid="9a6f7082-31eb-4677-892a-a3c8730bce20"/><referenceproperty classType="Property" humanType="Reference Property" icon="MTConnectAssets_files/icon_referenceproperty_151450878.svg" name="rawMaterial" refid="70f94781-0f43-40dc-8952-be3d2c46ff07"/></member><name humanName="Name" mode="s,e">PartCharacteristics</name><namespace classType="Package" humanName="Namespace" humanType="Package" icon="MTConnectAssets_files/icon_package_1622863652.svg" name="DataItems" refid="35a1ecb7-be27-4dbb-ac8b-957dee4aac9c"/><nestedClassifier humanName="Nested Classifier"><block classType="Class" humanType="Block" icon="MTConnectAssets_files/icon_block_1651251671.svg" name="Customer" refid="67e43a36-2b69-4f5c-a7cb-a0d1f62c01b5"/><block classType="Class" humanType="Block" icon="MTConnectAssets_files/icon_block_1651251671.svg" name="MaterialType" refid="9a6f7082-31eb-4677-892a-a3c8730bce20"/></nestedClassifier><ownedAttribute humanName="Owned Attribute"><referenceproperty classType="Property" humanType="Reference Property" icon="MTConnectAssets_files/icon_referenceproperty_151450878.svg" name="customer" refid="99379d57-7ab3-4092-83ac-de9e924708a8"/><referenceproperty classType="Property" humanType="Reference Property" icon="MTConnectAssets_files/icon_referenceproperty_151450878.svg" name="rawMaterial" refid="70f94781-0f43-40dc-8952-be3d2c46ff07"/></ownedAttribute><ownedElement humanName="Owned Element"><instancespecification classType="InstanceSpecification" humanType="Instance Specification" icon="MTConnectAssets_files/icon_instancespecification_13643661.svg" name=" : SysML::Blocks::Block" refid="859e2195-6212-4769-bdcc-0684dc470a4a"/><block classType="Class" humanType="Block" icon="MTConnectAssets_files/icon_block_1651251671.svg" name="Customer" refid="67e43a36-2b69-4f5c-a7cb-a0d1f62c01b5"/><referenceproperty classType="Property" humanType="Reference Property" icon="MTConnectAssets_files/icon_referenceproperty_151450878.svg" name="customer" refid="99379d57-7ab3-4092-83ac-de9e924708a8"/><block classType="Class" humanType="Block" icon="MTConnectAssets_files/icon_block_1651251671.svg" name="MaterialType" refid="9a6f7082-31eb-4677-892a-a3c8730bce20"/><referenceproperty classType="Property" humanType="Reference Property" icon="MTConnectAssets_files/icon_referenceproperty_151450878.svg" name="rawMaterial" refid="70f94781-0f43-40dc-8952-be3d2c46ff07"/></ownedElement><ownedMember humanName="Owned Member"><block classType="Class" humanType="Block" icon="MTConnectAssets_files/icon_block_1651251671.svg" name="Customer" refid="67e43a36-2b69-4f5c-a7cb-a0d1f62c01b5"/><referenceproperty classType="Property" humanType="Reference Property" icon="MTConnectAssets_files/icon_referenceproperty_151450878.svg" name="customer" refid="99379d57-7ab3-4092-83ac-de9e924708a8"/><block classType="Class" humanType="Block" icon="MTConnectAssets_files/icon_block_1651251671.svg" name="MaterialType" refid="9a6f7082-31eb-4677-892a-a3c8730bce20"/><referenceproperty classType="Property" humanType="Reference Property" icon="MTConnectAssets_files/icon_referenceproperty_151450878.svg" name="rawMaterial" refid="70f94781-0f43-40dc-8952-be3d2c46ff07"/></ownedMember><owner classType="Package" humanName="Owner" humanType="Package" icon="MTConnectAssets_files/icon_package_1622863652.svg" mode="s,e" name="DataItems" refid="35a1ecb7-be27-4dbb-ac8b-957dee4aac9c"/><owningPackage classType="Package" humanName="Owning Package" humanType="Package" icon="MTConnectAssets_files/icon_package_1622863652.svg" name="DataItems" refid="35a1ecb7-be27-4dbb-ac8b-957dee4aac9c"/><package classType="Package" humanName="Package" humanType="Package" icon="MTConnectAssets_files/icon_package_1622863652.svg" name="DataItems" refid="35a1ecb7-be27-4dbb-ac8b-957dee4aac9c"/><qualifiedName humanName="Qualified Name" mode="e">Asset::PartsProcesses::DataItems::PartCharacteristics</qualifiedName><role humanName="Role"><referenceproperty classType="Property" humanType="Reference Property" icon="MTConnectAssets_files/icon_referenceproperty_151450878.svg" name="customer" refid="99379d57-7ab3-4092-83ac-de9e924708a8"/><referenceproperty classType="Property" humanType="Reference Property" icon="MTConnectAssets_files/icon_referenceproperty_151450878.svg" name="rawMaterial" refid="70f94781-0f43-40dc-8952-be3d2c46ff07"/></role><TO_DO humanName="To Do"/><usedAsType humanName="Used As Type"><property classType="Property" humanType="Property" icon="MTConnectAssets_files/icon_property_627361964.svg" name=" : Asset::PartsProcesses::DataItems::PartCharacteristics" refid="4ebae004-ed3d-448c-8f68-943a3fea72b8"/><referenceproperty classType="Property" humanType="Reference Property" icon="MTConnectAssets_files/icon_referenceproperty_151450878.svg" name="characteristics" refid="a63a7241-e677-4801-a400-4b2424494175"/></usedAsType><visibility humanName="Visibility">public</visibility></block></magicdraw>