<?xml version="1.0" encoding="UTF-8"?><magicdraw><instancespecification classType="InstanceSpecification" humanType="Instance Specification" icon="MTConnectAssets_files/icon_instancespecification_13643661.svg" id="098820bc-5c60-4a37-96d4-f6b48b6f9d6b"><classifier humanName="Classifier" mode="s,e"><stereotype classType="Stereotype" humanType="Stereotype" icon="MTConnectAssets_files/icon_stereotype_339821129.svg" name="ReferenceProperty" refid="f430da61-f435-4fb1-b6a5-858074ac8e17"/></classifier><documentation humanName="Documentation"/><name humanName="Name" mode="s,e"/><owner classType="Property" humanName="Owner" humanType="Reference Property" icon="MTConnectAssets_files/icon_referenceproperty_339821129.svg" mode="s,e" name="hasCutterStatus" refid="76753458-68c7-4188-9c2f-d2f9db9adfd0"/><qualifiedName humanName="Qualified Name" mode="e">Asset::CuttingTool::CuttingItem::CuttingItem::hasCutterStatus::</qualifiedName><stereotypedElement classType="Property" humanName="Stereotyped Element" humanType="Reference Property" icon="MTConnectAssets_files/icon_referenceproperty_339821129.svg" name="hasCutterStatus" refid="76753458-68c7-4188-9c2f-d2f9db9adfd0"/><TO_DO humanName="To Do" mode="s,e"/><visibility humanName="Visibility">public</visibility></instancespecification></magicdraw>