<?xml version="1.0" encoding="UTF-8"?><magicdraw><literalinteger classType="LiteralInteger" humanType="Literal Integer" icon="MTConnectAssets_files/icon_literalinteger_922180500.svg" id="09a9c19b-6e8a-4a44-8b74-4493f3ca7d1a"><documentation humanName="Documentation"/><name humanName="Name"/><owner classType="Property" humanName="Owner" humanType="Value Property" icon="MTConnectAssets_files/icon_valueproperty_469196179.svg" mode="e" name="identifier" refid="5ba6ceb7-9508-49ef-9f1c-13fbf0d49e1c"/><owningLower classType="Property" humanName="Owning Lower" humanType="Value Property" icon="MTConnectAssets_files/icon_valueproperty_469196179.svg" name="identifier" refid="5ba6ceb7-9508-49ef-9f1c-13fbf0d49e1c"/><qualifiedName humanName="Qualified Name">Asset::PartsProcesses::DataItems::UniqueIdentifier::identifier::</qualifiedName><text humanName="Text" mode="standard">1</text><TO_DO humanName="To Do"/><TYPE_MODIFIER humanName="Type Modifier"/><value humanName="Value" mode="s,e">1</value><visibility humanName="Visibility">public</visibility></literalinteger></magicdraw>