<?xml version="1.0" encoding="UTF-8"?><magicdraw><literalinteger classType="LiteralInteger" humanType="Literal Integer" icon="MTConnectAssets_files/icon_literalinteger_922180500.svg" id="0ab3acd5-45a5-4d46-9bb4-61becf4966ab"><documentation humanName="Documentation"/><name humanName="Name"/><owner classType="Property" humanName="Owner" humanType="Property" icon="MTConnectAssets_files/icon_property_627361964.svg" mode="e" name="customerPONumber" refid="85c7850d-ed16-4eca-820c-fa0096b8ac99"/><owningLower classType="Property" humanName="Owning Lower" humanType="Property" icon="MTConnectAssets_files/icon_property_627361964.svg" name="customerPONumber" refid="85c7850d-ed16-4eca-820c-fa0096b8ac99"/><qualifiedName humanName="Qualified Name">Asset::PartsProcesses::PartArchetype::customerPONumber::</qualifiedName><text humanName="Text" mode="standard">0</text><TO_DO humanName="To Do"/><TYPE_MODIFIER humanName="Type Modifier"/><value humanName="Value" mode="s,e">0</value><visibility humanName="Visibility">public</visibility></literalinteger></magicdraw>