<?xml version="1.0" encoding="UTF-8"?><magicdraw><property classType="Property" humanType="Property" icon="MTConnectAssets_files/icon_property_627361964.svg" id="0cc31ed4-81ee-42a6-ae6d-e6bb5b3da0fc"><aggregation humanName="Aggregation" mode="s,e">none</aggregation><association classType="Association" humanName="Association" humanType="Association" icon="MTConnectAssets_files/icon_association_1240125658.svg" isRelationship="true" name="Association[groupIdentifier:Asset::PartsProcesses::DataItems::GroupIdentifier &lt;- Asset::PartsProcesses::DataItems::PartIdentifier]" refid="c7852838-21aa-44f8-81f9-ad221396d967"/><documentation humanName="Documentation"/><effectiveIRI humanName="Effective IRI"/><featuringClassifier classType="Association" humanName="Featuring Classifier" humanType="Association" icon="MTConnectAssets_files/icon_association_1240125658.svg" isRelationship="true" name="Association[groupIdentifier:Asset::PartsProcesses::DataItems::GroupIdentifier &lt;- Asset::PartsProcesses::DataItems::PartIdentifier]" refid="c7852838-21aa-44f8-81f9-ad221396d967"/><isComposite humanName="Is Composite">false</isComposite><isDerived humanName="Is Derived" mode="s,e">false</isDerived><isDerivedUnion humanName="Is Derived Union" mode="e">false</isDerivedUnion><isID humanName="Is ID" mode="e">false</isID><isLeaf humanName="Is Leaf">false</isLeaf><isOrdered humanName="Is Ordered" mode="e">false</isOrdered><isReadOnly humanName="Is Read Only" mode="s,e">false</isReadOnly><isStatic humanName="Is Static" mode="s,e">false</isStatic><isUnique humanName="Is Unique" mode="e">true</isUnique><lower humanName="Lower">1</lower><multiplicity humanName="Multiplicity" mode="s,e"/><multiplicity humanName="Multiplicity" mode="s,e"/><name humanName="Name" mode="s,e"/><namespace classType="Association" humanName="Namespace" humanType="Association" icon="MTConnectAssets_files/icon_association_1240125658.svg" isRelationship="true" name="Association[groupIdentifier:Asset::PartsProcesses::DataItems::GroupIdentifier &lt;- Asset::PartsProcesses::DataItems::PartIdentifier]" refid="c7852838-21aa-44f8-81f9-ad221396d967"/><navigable humanName="Navigable">false</navigable><opposite classType="Property" humanName="Opposite" humanType="Reference Property" icon="MTConnectAssets_files/icon_referenceproperty_151450878.svg" name="groupIdentifier" refid="19bde852-cc21-469a-9a9c-021f75c0fa21"/><ownedBy classType="Association" humanName="Owned By" humanType="Association" icon="MTConnectAssets_files/icon_association_1240125658.svg" isRelationship="true" name="Association[groupIdentifier:Asset::PartsProcesses::DataItems::GroupIdentifier &lt;- Asset::PartsProcesses::DataItems::PartIdentifier]" refid="c7852838-21aa-44f8-81f9-ad221396d967"/><owner classType="Association" humanName="Owner" humanType="Association" icon="MTConnectAssets_files/icon_association_1240125658.svg" isRelationship="true" name="Association[groupIdentifier:Asset::PartsProcesses::DataItems::GroupIdentifier &lt;- Asset::PartsProcesses::DataItems::PartIdentifier]" refid="c7852838-21aa-44f8-81f9-ad221396d967"/><owningAssociation classType="Association" humanName="Owning Association" humanType="Association" icon="MTConnectAssets_files/icon_association_1240125658.svg" isRelationship="true" name="Association[groupIdentifier:Asset::PartsProcesses::DataItems::GroupIdentifier &lt;- Asset::PartsProcesses::DataItems::PartIdentifier]" refid="c7852838-21aa-44f8-81f9-ad221396d967"/><qualifiedName humanName="Qualified Name" mode="e">Asset::PartsProcesses::DataItems::::</qualifiedName><redefinitionContext humanName="Redefinition Context"><association classType="Association" humanType="Association" icon="MTConnectAssets_files/icon_association_1240125658.svg" isRelationship="true" name="Association[groupIdentifier:Asset::PartsProcesses::DataItems::GroupIdentifier &lt;- Asset::PartsProcesses::DataItems::PartIdentifier]" refid="c7852838-21aa-44f8-81f9-ad221396d967"/></redefinitionContext><TO_DO humanName="To Do" mode="s,e"/><type classType="Class" humanName="Type" humanType="Block" icon="MTConnectAssets_files/icon_block_1651251671.svg" mode="s,e" name="PartIdentifier" refid="46cc0f84-9e32-4993-98f9-b9e5912e4d19"/><TYPE_MODIFIER humanName="Type Modifier" mode="e"/><upper humanName="Upper">1</upper><visibility humanName="Visibility" mode="e">private</visibility></property></magicdraw>