<?xml version="1.0" encoding="UTF-8"?><magicdraw><literalinteger classType="LiteralInteger" humanType="Literal Integer" icon="MTConnectAssets_files/icon_literalinteger_922180500.svg" id="0d0fbfd1-e5d6-4eca-9145-15e9a78f115c"><documentation humanName="Documentation"/><name humanName="Name"/><owner classType="Property" humanName="Owner" humanType="Property" icon="MTConnectAssets_files/icon_property_627361964.svg" mode="e" name="customerPartNumber" refid="934b0626-45f8-48e8-9213-b330ffb13981"/><owningLower classType="Property" humanName="Owning Lower" humanType="Property" icon="MTConnectAssets_files/icon_property_627361964.svg" name="customerPartNumber" refid="934b0626-45f8-48e8-9213-b330ffb13981"/><qualifiedName humanName="Qualified Name">Asset::PartsProcesses::PartArchetype::customerPartNumber::</qualifiedName><text humanName="Text" mode="standard">0</text><TO_DO humanName="To Do"/><TYPE_MODIFIER humanName="Type Modifier"/><value humanName="Value" mode="s,e">0</value><visibility humanName="Visibility">public</visibility></literalinteger></magicdraw>