<?xml version="1.0" encoding="UTF-8"?><magicdraw><enumeration classType="Enumeration" humanType="Enumeration" icon="MTConnectAssets_files/icon_enumeration_1832284192.svg" id="0d16adfd-7db9-4fb8-85e0-fd8254370c9d"><documentation humanName="Documentation" mode="standard">
        The state of the process
      </documentation><effectiveIRI humanName="Effective IRI"/><isAbstract humanName="Is Abstract" mode="e">false</isAbstract><isFinalSpecialization humanName="Is Final Specialization" mode="e">false</isFinalSpecialization><isLeaf humanName="Is Leaf" mode="e">false</isLeaf><member humanName="Member"><enumerationliteral classType="EnumerationLiteral" humanType="Enumeration Literal" icon="MTConnectAssets_files/icon_enumerationliteral_1191775513.svg" name="COMPLETE" refid="15f99a96-78e3-48ef-a1e5-7506ee9d4594"/><enumerationliteral classType="EnumerationLiteral" humanType="Enumeration Literal" icon="MTConnectAssets_files/icon_enumerationliteral_1191775513.svg" name="IN_PROCESS" refid="baf4b6ea-e8a9-42f9-b9e9-050da71a17d3"/><enumerationliteral classType="EnumerationLiteral" humanType="Enumeration Literal" icon="MTConnectAssets_files/icon_enumerationliteral_1191775513.svg" name="ON_HOLD" refid="55858d3b-e9f5-4aed-b00c-6b5473fb809c"/><enumerationliteral classType="EnumerationLiteral" humanType="Enumeration Literal" icon="MTConnectAssets_files/icon_enumerationliteral_1191775513.svg" name="RAW" refid="4d98c8d1-e235-4c97-ba03-b44225df131f"/><enumerationliteral classType="EnumerationLiteral" humanType="Enumeration Literal" icon="MTConnectAssets_files/icon_enumerationliteral_1191775513.svg" name="RE_WORK" refid="fa108d73-b05d-4ca5-8f2d-05cf4f2af48f"/><enumerationliteral classType="EnumerationLiteral" humanType="Enumeration Literal" icon="MTConnectAssets_files/icon_enumerationliteral_1191775513.svg" name="SCRAP" refid="932b2ac0-ebd1-487a-8984-c8c609a63249"/></member><name humanName="Name" mode="s,e">ProcessState</name><namespace classType="Package" humanName="Namespace" humanType="Package" icon="MTConnectAssets_files/icon_package_1622863652.svg" name="DataItems" refid="35a1ecb7-be27-4dbb-ac8b-957dee4aac9c"/><ownedComment humanName="Owned Comment"><comment classType="Comment" humanType="Comment" icon="MTConnectAssets_files/icon_comment_1043177908.svg" refid="03691e3a-d380-414d-ba67-8fa9dacc81f4"/></ownedComment><ownedElement humanName="Owned Element"><comment classType="Comment" humanType="Comment" icon="MTConnectAssets_files/icon_comment_1043177908.svg" refid="03691e3a-d380-414d-ba67-8fa9dacc81f4"/><enumerationliteral classType="EnumerationLiteral" humanType="Enumeration Literal" icon="MTConnectAssets_files/icon_enumerationliteral_1191775513.svg" name="COMPLETE" refid="15f99a96-78e3-48ef-a1e5-7506ee9d4594"/><enumerationliteral classType="EnumerationLiteral" humanType="Enumeration Literal" icon="MTConnectAssets_files/icon_enumerationliteral_1191775513.svg" name="IN_PROCESS" refid="baf4b6ea-e8a9-42f9-b9e9-050da71a17d3"/><enumerationliteral classType="EnumerationLiteral" humanType="Enumeration Literal" icon="MTConnectAssets_files/icon_enumerationliteral_1191775513.svg" name="ON_HOLD" refid="55858d3b-e9f5-4aed-b00c-6b5473fb809c"/><enumerationliteral classType="EnumerationLiteral" humanType="Enumeration Literal" icon="MTConnectAssets_files/icon_enumerationliteral_1191775513.svg" name="RAW" refid="4d98c8d1-e235-4c97-ba03-b44225df131f"/><enumerationliteral classType="EnumerationLiteral" humanType="Enumeration Literal" icon="MTConnectAssets_files/icon_enumerationliteral_1191775513.svg" name="RE_WORK" refid="fa108d73-b05d-4ca5-8f2d-05cf4f2af48f"/><enumerationliteral classType="EnumerationLiteral" humanType="Enumeration Literal" icon="MTConnectAssets_files/icon_enumerationliteral_1191775513.svg" name="SCRAP" refid="932b2ac0-ebd1-487a-8984-c8c609a63249"/></ownedElement><ownedLiteral humanName="Owned Literal"><enumerationliteral classType="EnumerationLiteral" humanType="Enumeration Literal" icon="MTConnectAssets_files/icon_enumerationliteral_1191775513.svg" name="COMPLETE" refid="15f99a96-78e3-48ef-a1e5-7506ee9d4594"/><enumerationliteral classType="EnumerationLiteral" humanType="Enumeration Literal" icon="MTConnectAssets_files/icon_enumerationliteral_1191775513.svg" name="IN_PROCESS" refid="baf4b6ea-e8a9-42f9-b9e9-050da71a17d3"/><enumerationliteral classType="EnumerationLiteral" humanType="Enumeration Literal" icon="MTConnectAssets_files/icon_enumerationliteral_1191775513.svg" name="ON_HOLD" refid="55858d3b-e9f5-4aed-b00c-6b5473fb809c"/><enumerationliteral classType="EnumerationLiteral" humanType="Enumeration Literal" icon="MTConnectAssets_files/icon_enumerationliteral_1191775513.svg" name="RAW" refid="4d98c8d1-e235-4c97-ba03-b44225df131f"/><enumerationliteral classType="EnumerationLiteral" humanType="Enumeration Literal" icon="MTConnectAssets_files/icon_enumerationliteral_1191775513.svg" name="RE_WORK" refid="fa108d73-b05d-4ca5-8f2d-05cf4f2af48f"/><enumerationliteral classType="EnumerationLiteral" humanType="Enumeration Literal" icon="MTConnectAssets_files/icon_enumerationliteral_1191775513.svg" name="SCRAP" refid="932b2ac0-ebd1-487a-8984-c8c609a63249"/></ownedLiteral><ownedMember humanName="Owned Member"><enumerationliteral classType="EnumerationLiteral" humanType="Enumeration Literal" icon="MTConnectAssets_files/icon_enumerationliteral_1191775513.svg" name="COMPLETE" refid="15f99a96-78e3-48ef-a1e5-7506ee9d4594"/><enumerationliteral classType="EnumerationLiteral" humanType="Enumeration Literal" icon="MTConnectAssets_files/icon_enumerationliteral_1191775513.svg" name="IN_PROCESS" refid="baf4b6ea-e8a9-42f9-b9e9-050da71a17d3"/><enumerationliteral classType="EnumerationLiteral" humanType="Enumeration Literal" icon="MTConnectAssets_files/icon_enumerationliteral_1191775513.svg" name="ON_HOLD" refid="55858d3b-e9f5-4aed-b00c-6b5473fb809c"/><enumerationliteral classType="EnumerationLiteral" humanType="Enumeration Literal" icon="MTConnectAssets_files/icon_enumerationliteral_1191775513.svg" name="RAW" refid="4d98c8d1-e235-4c97-ba03-b44225df131f"/><enumerationliteral classType="EnumerationLiteral" humanType="Enumeration Literal" icon="MTConnectAssets_files/icon_enumerationliteral_1191775513.svg" name="RE_WORK" refid="fa108d73-b05d-4ca5-8f2d-05cf4f2af48f"/><enumerationliteral classType="EnumerationLiteral" humanType="Enumeration Literal" icon="MTConnectAssets_files/icon_enumerationliteral_1191775513.svg" name="SCRAP" refid="932b2ac0-ebd1-487a-8984-c8c609a63249"/></ownedMember><owner classType="Package" humanName="Owner" humanType="Package" icon="MTConnectAssets_files/icon_package_1622863652.svg" mode="s,e" name="DataItems" refid="35a1ecb7-be27-4dbb-ac8b-957dee4aac9c"/><owningPackage classType="Package" humanName="Owning Package" humanType="Package" icon="MTConnectAssets_files/icon_package_1622863652.svg" name="DataItems" refid="35a1ecb7-be27-4dbb-ac8b-957dee4aac9c"/><package classType="Package" humanName="Package" humanType="Package" icon="MTConnectAssets_files/icon_package_1622863652.svg" name="DataItems" refid="35a1ecb7-be27-4dbb-ac8b-957dee4aac9c"/><qualifiedName humanName="Qualified Name" mode="e">Asset::PartsProcesses::DataItems::ProcessState</qualifiedName><TO_DO humanName="To Do" mode="s,e"/><visibility humanName="Visibility">public</visibility><appearsIn><diagram classType="Diagram" humanType="Diagram" icon="MTConnectAssets_files/icon_Class Diagram_2127840576.svg" name="PartRecordTraceability" refid="df95fe2c-463b-4ae4-aa72-bb92b80fe02b"/></appearsIn></enumeration></magicdraw>