<?xml version="1.0" encoding="UTF-8"?><magicdraw><instancespecification classType="InstanceSpecification" humanType="Instance Specification" icon="MTConnectAssets_files/icon_instancespecification_13643661.svg" id="0d386626-f00f-474e-9704-0cecd266d06b"><classifier humanName="Classifier" mode="s,e"><stereotype classType="Stereotype" humanType="Stereotype" icon="MTConnectAssets_files/icon_stereotype_1142063748.svg" name="PartProperty" refid="62e3a8d4-2046-4838-b69b-089f9235c089"/></classifier><documentation humanName="Documentation"/><name humanName="Name" mode="s,e"/><owner classType="Property" humanName="Owner" humanType="Part Property" icon="MTConnectAssets_files/icon_partproperty_1142063748.svg" mode="s,e" name=" : Asset::CuttingTool::CuttingItem::CuttingItem [0..*]" refid="d774cdc5-8f61-4ff8-9ea9-2d5a9a93549c"/><qualifiedName humanName="Qualified Name" mode="e">Asset::CuttingTool::CuttingItem::CuttingItems::::</qualifiedName><stereotypedElement classType="Property" humanName="Stereotyped Element" humanType="Part Property" icon="MTConnectAssets_files/icon_partproperty_1142063748.svg" name=" : Asset::CuttingTool::CuttingItem::CuttingItem [0..*]" refid="d774cdc5-8f61-4ff8-9ea9-2d5a9a93549c"/><TO_DO humanName="To Do" mode="s,e"/><visibility humanName="Visibility">public</visibility></instancespecification></magicdraw>