<?xml version="1.0" encoding="UTF-8"?><magicdraw><literalstring classType="LiteralString" humanType="Literal String" icon="MTConnectAssets_files/icon_literalstring_989251045.svg" id="0dd4de72-8fef-4ca1-82bb-a97a2ac0a86d"><documentation humanName="Documentation"/><name humanName="Name"/><owner classType="Slot" humanName="Owner" humanType="Slot" icon="MTConnectAssets_files/icon_slot_1314472474.svg" mode="e" refid="e6f66e75-b371-4849-a074-bca23bbbcefc"/><owningSlot classType="Slot" humanName="Owning Slot" humanType="Slot" icon="MTConnectAssets_files/icon_slot_1314472474.svg" refid="e6f66e75-b371-4849-a074-bca23bbbcefc"/><qualifiedName humanName="Qualified Name"/><text humanName="Text" mode="standard">5/18/20 11:07 AM</text><TO_DO humanName="To Do"/><TYPE_MODIFIER humanName="Type Modifier"/><value humanName="Value" mode="s,e">5/18/20 11:07 AM</value><visibility humanName="Visibility">public</visibility></literalstring></magicdraw>