<?xml version="1.0" encoding="UTF-8"?><magicdraw><instancespecification classType="InstanceSpecification" humanType="Instance Specification" icon="MTConnectAssets_files/icon_instancespecification_13643661.svg" id="0ddd9715-a27f-452c-a1b0-54ee7cf86de9"><classifier humanName="Classifier" mode="s,e"><stereotype classType="Stereotype" humanType="Stereotype" icon="MTConnectAssets_files/icon_stereotype_924840719.svg" name="ValueProperty" refid="f9f8ec08-03ee-474f-9513-fba19063df38"/></classifier><documentation humanName="Documentation"/><name humanName="Name" mode="s,e"/><owner classType="Property" humanName="Owner" humanType="Value Property" icon="MTConnectAssets_files/icon_valueproperty_924840719.svg" mode="s,e" name="warning" refid="e959b039-f646-440b-8ae2-1b39dc130f22"/><qualifiedName humanName="Qualified Name" mode="e">Asset::CuttingTool::CuttingItem::ItemLife::warning::</qualifiedName><stereotypedElement classType="Property" humanName="Stereotyped Element" humanType="Value Property" icon="MTConnectAssets_files/icon_valueproperty_924840719.svg" name="warning" refid="e959b039-f646-440b-8ae2-1b39dc130f22"/><TO_DO humanName="To Do" mode="s,e"/><visibility humanName="Visibility">public</visibility></instancespecification></magicdraw>