<?xml version="1.0" encoding="UTF-8"?><magicdraw><literalinteger classType="LiteralInteger" humanType="Literal Integer" icon="MTConnectAssets_files/icon_literalinteger_922180500.svg" id="0ecc4291-da11-443c-8802-351502b24a1c"><documentation humanName="Documentation"/><name humanName="Name"/><owner classType="Property" humanName="Owner" humanType="Value Property" icon="MTConnectAssets_files/icon_valueproperty_469196179.svg" mode="e" name="serialNumber" refid="80680ee1-2ea5-40e5-bbe8-6f91839495cf"/><owningLower classType="Property" humanName="Owning Lower" humanType="Value Property" icon="MTConnectAssets_files/icon_valueproperty_469196179.svg" name="serialNumber" refid="80680ee1-2ea5-40e5-bbe8-6f91839495cf"/><qualifiedName humanName="Qualified Name">Asset::CuttingTool::CuttingTool::serialNumber::</qualifiedName><text humanName="Text" mode="standard">1</text><TO_DO humanName="To Do"/><TYPE_MODIFIER humanName="Type Modifier"/><value humanName="Value" mode="s,e">1</value><visibility humanName="Visibility">public</visibility></literalinteger></magicdraw>