<?xml version="1.0" encoding="UTF-8"?><magicdraw><literalinteger classType="LiteralInteger" humanType="Literal Integer" icon="MTConnectAssets_files/icon_literalinteger_922180500.svg" id="0fe6dc57-13d6-4df3-aee7-f1e596900b18"><documentation humanName="Documentation"/><name humanName="Name"/><owner classType="Property" humanName="Owner" humanType="Value Property" icon="MTConnectAssets_files/icon_valueproperty_469196179.svg" mode="e" name="source" refid="efebfbf9-68ae-4a7f-8fea-9063af060ebb"/><owningLower classType="Property" humanName="Owning Lower" humanType="Value Property" icon="MTConnectAssets_files/icon_valueproperty_469196179.svg" name="source" refid="efebfbf9-68ae-4a7f-8fea-9063af060ebb"/><qualifiedName humanName="Qualified Name">Asset::AssetReference::source::</qualifiedName><text humanName="Text" mode="standard">0</text><TO_DO humanName="To Do"/><TYPE_MODIFIER humanName="Type Modifier"/><value humanName="Value" mode="s,e">0</value><visibility humanName="Visibility">public</visibility></literalinteger></magicdraw>