<?xml version="1.0" encoding="UTF-8"?><magicdraw><association classType="Association" humanType="Association" icon="MTConnectAssets_files/icon_association_1240125658.svg" id="105fc4b2-6406-44cb-8115-8f8ba3cbd3ac"><documentation humanName="Documentation"/><endType humanName="End Type"><block classType="Class" humanType="Block" icon="MTConnectAssets_files/icon_block_1651251671.svg" name="Part" refid="edd1c9d3-6e67-427c-b4a1-0aa335091da2"/><enumeration classType="Enumeration" humanType="Enumeration" icon="MTConnectAssets_files/icon_enumeration_1832284192.svg" name="ProcessState" refid="0d16adfd-7db9-4fb8-85e0-fd8254370c9d"/></endType><feature humanName="Feature"><property classType="Property" humanType="Property" icon="MTConnectAssets_files/icon_property_627361964.svg" name=" : Asset::PartsProcesses::Components::Part" refid="916c109f-6365-4ae3-b0dd-bb0551520d63"/></feature><isAbstract humanName="Is Abstract" mode="s,e">false</isAbstract><isDerived humanName="Is Derived" mode="e">false</isDerived><isFinalSpecialization humanName="Is Final Specialization">false</isFinalSpecialization><isLeaf humanName="Is Leaf">false</isLeaf><member humanName="Member"><property classType="Property" humanType="Property" icon="MTConnectAssets_files/icon_property_627361964.svg" name=" : Asset::PartsProcesses::Components::Part" refid="916c109f-6365-4ae3-b0dd-bb0551520d63"/><property classType="Property" humanType="Property" icon="MTConnectAssets_files/icon_property_627361964.svg" name="state" refid="adc53002-097d-4a14-b051-ee1222a1a6cd"/></member><memberEnd humanName="Member End"><property classType="Property" humanType="Property" icon="MTConnectAssets_files/icon_property_627361964.svg" name=" : Asset::PartsProcesses::Components::Part" refid="916c109f-6365-4ae3-b0dd-bb0551520d63"/><property classType="Property" humanType="Property" icon="MTConnectAssets_files/icon_property_627361964.svg" name="state" refid="adc53002-097d-4a14-b051-ee1222a1a6cd"/></memberEnd><name humanName="Name" mode="s,e"/><namespace classType="Package" humanName="Namespace" humanType="Package" icon="MTConnectAssets_files/icon_package_1622863652.svg" name="Components" refid="c5ea7483-12f2-4f88-a44f-787df5e2ec1b"/><ownedElement humanName="Owned Element"><property classType="Property" humanType="Property" icon="MTConnectAssets_files/icon_property_627361964.svg" name=" : Asset::PartsProcesses::Components::Part" refid="916c109f-6365-4ae3-b0dd-bb0551520d63"/></ownedElement><ownedEnd humanName="Owned End"><property classType="Property" humanType="Property" icon="MTConnectAssets_files/icon_property_627361964.svg" name=" : Asset::PartsProcesses::Components::Part" refid="916c109f-6365-4ae3-b0dd-bb0551520d63"/></ownedEnd><ownedMember humanName="Owned Member"><property classType="Property" humanType="Property" icon="MTConnectAssets_files/icon_property_627361964.svg" name=" : Asset::PartsProcesses::Components::Part" refid="916c109f-6365-4ae3-b0dd-bb0551520d63"/></ownedMember><owner classType="Package" humanName="Owner" humanType="Package" icon="MTConnectAssets_files/icon_package_1622863652.svg" mode="s,e" name="Components" refid="c5ea7483-12f2-4f88-a44f-787df5e2ec1b"/><owningPackage classType="Package" humanName="Owning Package" humanType="Package" icon="MTConnectAssets_files/icon_package_1622863652.svg" name="Components" refid="c5ea7483-12f2-4f88-a44f-787df5e2ec1b"/><package classType="Package" humanName="Package" humanType="Package" icon="MTConnectAssets_files/icon_package_1622863652.svg" name="Components" refid="c5ea7483-12f2-4f88-a44f-787df5e2ec1b"/><qualifiedName humanName="Qualified Name" mode="e">Asset::PartsProcesses::Components::</qualifiedName><relatedElement humanName="Related Element"><block classType="Class" humanType="Block" icon="MTConnectAssets_files/icon_block_1651251671.svg" name="Part" refid="edd1c9d3-6e67-427c-b4a1-0aa335091da2"/><enumeration classType="Enumeration" humanType="Enumeration" icon="MTConnectAssets_files/icon_enumeration_1832284192.svg" name="ProcessState" refid="0d16adfd-7db9-4fb8-85e0-fd8254370c9d"/></relatedElement><TO_DO humanName="To Do" mode="s,e"/><visibility humanName="Visibility" mode="s,e">public</visibility><appearsIn><diagram classType="Diagram" humanType="Diagram" icon="MTConnectAssets_files/icon_Class Diagram_2127840576.svg" name="PartRecordTraceability" refid="df95fe2c-463b-4ae4-aa72-bb92b80fe02b"/></appearsIn></association></magicdraw>