<?xml version="1.0" encoding="UTF-8"?><magicdraw><instancespecification classType="InstanceSpecification" humanType="Instance Specification" icon="MTConnectAssets_files/icon_instancespecification_13643661.svg" id="10915038-a21c-46e8-96f1-9e9f2820774b"><classifier humanName="Classifier" mode="s,e"><stereotype classType="Stereotype" humanType="Stereotype" icon="MTConnectAssets_files/icon_stereotype_918307166.svg" name="DiagramInfo" refid="8286d171-50e9-40be-b049-257a243a8867"/></classifier><documentation humanName="Documentation"/><name humanName="Name" mode="s,e"/><ownedElement humanName="Owned Element"><slot classType="Slot" humanType="Slot" icon="MTConnectAssets_files/icon_slot_1314472474.svg" refid="291bb7c1-1388-477a-b72b-50348beb4e1c"/><slot classType="Slot" humanType="Slot" icon="MTConnectAssets_files/icon_slot_1314472474.svg" refid="810e8477-e940-4e74-9677-d5ae74712c7e"/></ownedElement><owner classType="Diagram" humanName="Owner" humanType="Diagram" icon="MTConnectAssets_files/icon_Class Diagram_2127840576.svg" mode="s,e" name="PartRecordTraceability" refid="df95fe2c-463b-4ae4-aa72-bb92b80fe02b"/><qualifiedName humanName="Qualified Name" mode="e">Asset::PartsProcesses::Components::Part::PartRecordTraceability::</qualifiedName><slot humanName="Slot"><slot classType="Slot" humanType="Slot" icon="MTConnectAssets_files/icon_slot_1314472474.svg" refid="291bb7c1-1388-477a-b72b-50348beb4e1c"/><slot classType="Slot" humanType="Slot" icon="MTConnectAssets_files/icon_slot_1314472474.svg" refid="810e8477-e940-4e74-9677-d5ae74712c7e"/></slot><stereotypedElement classType="Diagram" humanName="Stereotyped Element" humanType="Diagram" icon="MTConnectAssets_files/icon_Class Diagram_2127840576.svg" name="PartRecordTraceability" refid="df95fe2c-463b-4ae4-aa72-bb92b80fe02b"/><TO_DO humanName="To Do" mode="s,e"/><visibility humanName="Visibility">public</visibility></instancespecification></magicdraw>