<?xml version="1.0" encoding="UTF-8"?><magicdraw><literalunlimitednatural classType="LiteralUnlimitedNatural" humanType="Literal Unlimited Natural" icon="MTConnectAssets_files/icon_literalunlimitednatural_919671508.svg" id="10a16a67-243f-4c63-864a-6c620dabeb13"><documentation humanName="Documentation"/><name humanName="Name"/><owner classType="Property" humanName="Owner" humanType="Part Property" icon="MTConnectAssets_files/icon_partproperty_1289757170.svg" mode="e" name="actualStartTime" refid="2b5875b0-14ec-4477-8881-0c3fa405d29d"/><owningUpper classType="Property" humanName="Owning Upper" humanType="Part Property" icon="MTConnectAssets_files/icon_partproperty_1289757170.svg" name="actualStartTime" refid="2b5875b0-14ec-4477-8881-0c3fa405d29d"/><qualifiedName humanName="Qualified Name">Asset::PartsProcesses::Components::ProcessOccurrence::actualStartTime::</qualifiedName><text humanName="Text" mode="standard">1</text><TO_DO humanName="To Do"/><TYPE_MODIFIER humanName="Type Modifier"/><value humanName="Value" mode="s,e">1</value><visibility humanName="Visibility">public</visibility></literalunlimitednatural></magicdraw>