<?xml version="1.0" encoding="UTF-8"?><magicdraw><literalinteger classType="LiteralInteger" humanType="Literal Integer" icon="MTConnectAssets_files/icon_literalinteger_922180500.svg" id="113ceb5f-df9c-4fe2-86e6-58e47b4b61ba"><documentation humanName="Documentation"/><name humanName="Name"/><owner classType="Property" humanName="Owner" humanType="Value Property" icon="MTConnectAssets_files/icon_valueproperty_469196179.svg" mode="e" name="value" refid="9da0e8b4-275f-4973-99c0-b29e37d8f97f"/><owningUpper classType="Property" humanName="Owning Upper" humanType="Value Property" icon="MTConnectAssets_files/icon_valueproperty_469196179.svg" name="value" refid="9da0e8b4-275f-4973-99c0-b29e37d8f97f"/><qualifiedName humanName="Qualified Name">Asset::CuttingTool::Status::value::</qualifiedName><text humanName="Text" mode="standard">1</text><TO_DO humanName="To Do"/><TYPE_MODIFIER humanName="Type Modifier"/><value humanName="Value" mode="s,e">1</value><visibility humanName="Visibility">public</visibility></literalinteger></magicdraw>