<?xml version="1.0" encoding="UTF-8"?><magicdraw><literalunlimitednatural classType="LiteralUnlimitedNatural" humanType="Literal Unlimited Natural" icon="MTConnectAssets_files/icon_literalunlimitednatural_919671508.svg" id="1146dec3-a334-4635-aeec-df0360780821"><documentation humanName="Documentation"/><name humanName="Name"/><owner classType="Property" humanName="Owner" humanType="Part Property" icon="MTConnectAssets_files/icon_partproperty_1289757170.svg" mode="e" name="actualOperatorId" refid="e48ac4f8-e002-4b92-94d0-44807450fef2"/><owningUpper classType="Property" humanName="Owning Upper" humanType="Part Property" icon="MTConnectAssets_files/icon_partproperty_1289757170.svg" name="actualOperatorId" refid="e48ac4f8-e002-4b92-94d0-44807450fef2"/><qualifiedName humanName="Qualified Name">Asset::PartsProcesses::Components::ProcessOccurrence::actualOperatorId::</qualifiedName><text humanName="Text" mode="standard">*</text><TO_DO humanName="To Do"/><TYPE_MODIFIER humanName="Type Modifier"/><value humanName="Value" mode="s,e">-1</value><visibility humanName="Visibility">public</visibility></literalunlimitednatural></magicdraw>