<?xml version="1.0" encoding="UTF-8"?><magicdraw><literalstring classType="LiteralString" humanType="Literal String" icon="MTConnectAssets_files/icon_literalstring_989251045.svg" id="11f2ec70-a105-43d4-923c-ac345376b99f"><documentation humanName="Documentation"/><name humanName="Name"/><owner classType="Slot" humanName="Owner" humanType="Slot" icon="MTConnectAssets_files/icon_slot_1314472474.svg" mode="e" refid="c3f909fe-d9ac-4328-a087-6ae4ea0e112f"/><owningSlot classType="Slot" humanName="Owning Slot" humanType="Slot" icon="MTConnectAssets_files/icon_slot_1314472474.svg" refid="c3f909fe-d9ac-4328-a087-6ae4ea0e112f"/><qualifiedName humanName="Qualified Name"/><text humanName="Text" mode="standard">tsprock</text><TO_DO humanName="To Do"/><TYPE_MODIFIER humanName="Type Modifier"/><value humanName="Value" mode="s,e">tsprock</value><visibility humanName="Visibility">public</visibility></literalstring></magicdraw>