<?xml version="1.0" encoding="UTF-8"?><magicdraw><enumerationliteral classType="EnumerationLiteral" humanType="Enumeration Literal" icon="MTConnectAssets_files/icon_enumerationliteral_1191775513.svg" id="121e6636-39ad-4576-93a0-99f861be24e5"><classifier humanName="Classifier"><valuetype classType="Enumeration" humanType="Value Type" icon="MTConnectAssets_files/icon_valuetype_122648214.svg" name="LocationType" refid="7a9f35c4-8208-4777-b0bd-56b94aa663ea"/></classifier><documentation humanName="Documentation" mode="standard">The location with regard to a tool crib.</documentation><enumeration classType="Enumeration" humanName="Enumeration" humanType="Value Type" icon="MTConnectAssets_files/icon_valuetype_122648214.svg" name="LocationType" refid="7a9f35c4-8208-4777-b0bd-56b94aa663ea"/><name humanName="Name" mode="s,e">CRIB</name><namespace classType="Enumeration" humanName="Namespace" humanType="Value Type" icon="MTConnectAssets_files/icon_valuetype_122648214.svg" name="LocationType" refid="7a9f35c4-8208-4777-b0bd-56b94aa663ea"/><ownedComment humanName="Owned Comment"><comment classType="Comment" humanType="Comment" icon="MTConnectAssets_files/icon_comment_1043177908.svg" refid="d2d83719-6eb9-4d52-8fce-23ae2b7d4239"/></ownedComment><ownedElement humanName="Owned Element"><comment classType="Comment" humanType="Comment" icon="MTConnectAssets_files/icon_comment_1043177908.svg" refid="d2d83719-6eb9-4d52-8fce-23ae2b7d4239"/></ownedElement><owner classType="Enumeration" humanName="Owner" humanType="Value Type" icon="MTConnectAssets_files/icon_valuetype_122648214.svg" mode="s,e" name="LocationType" refid="7a9f35c4-8208-4777-b0bd-56b94aa663ea"/><qualifiedName humanName="Qualified Name" mode="e">Asset::CuttingTool::LocationType::CRIB</qualifiedName><TO_DO humanName="To Do" mode="s,e"/><visibility humanName="Visibility" mode="s,e">public</visibility></enumerationliteral></magicdraw>