<?xml version="1.0" encoding="UTF-8"?><magicdraw><literalinteger classType="LiteralInteger" humanType="Literal Integer" icon="MTConnectAssets_files/icon_literalinteger_922180500.svg" id="12707e10-2a7e-452c-8b6c-c6b0ec80c81a"><documentation humanName="Documentation"/><name humanName="Name"/><owner classType="Property" humanName="Owner" humanType="Reference Property" icon="MTConnectAssets_files/icon_referenceproperty_339821129.svg" mode="e" name="hasItemLifeMinutes" refid="2184d6ac-2d03-4e8c-ad55-d163ecbfac5f"/><owningLower classType="Property" humanName="Owning Lower" humanType="Reference Property" icon="MTConnectAssets_files/icon_referenceproperty_339821129.svg" name="hasItemLifeMinutes" refid="2184d6ac-2d03-4e8c-ad55-d163ecbfac5f"/><qualifiedName humanName="Qualified Name">Asset::CuttingTool::CuttingItem::CuttingItem::hasItemLifeMinutes::</qualifiedName><text humanName="Text" mode="standard">0</text><TO_DO humanName="To Do"/><TYPE_MODIFIER humanName="Type Modifier"/><value humanName="Value" mode="s,e">0</value><visibility humanName="Visibility">public</visibility></literalinteger></magicdraw>