<?xml version="1.0" encoding="UTF-8"?><magicdraw><literalinteger classType="LiteralInteger" humanType="Literal Integer" icon="MTConnectAssets_files/icon_literalinteger_922180500.svg" id="12c265ef-0e6c-4198-abd2-0bf34502918e"><documentation humanName="Documentation"/><name humanName="Name"/><owner classType="Property" humanName="Owner" humanType="Part Property" icon="MTConnectAssets_files/icon_partproperty_1289757170.svg" mode="e" name="groupID" refid="e61cd93f-727c-4000-b8bb-503bd776419c"/><owningLower classType="Property" humanName="Owning Lower" humanType="Part Property" icon="MTConnectAssets_files/icon_partproperty_1289757170.svg" name="groupID" refid="e61cd93f-727c-4000-b8bb-503bd776419c"/><qualifiedName humanName="Qualified Name">Asset::PartsProcesses::Components::Part::groupID::</qualifiedName><text humanName="Text" mode="standard">0</text><TO_DO humanName="To Do"/><TYPE_MODIFIER humanName="Type Modifier"/><value humanName="Value" mode="s,e">0</value><visibility humanName="Visibility">public</visibility></literalinteger></magicdraw>