<?xml version="1.0" encoding="UTF-8"?><magicdraw><instancespecification classType="InstanceSpecification" humanType="Instance Specification" icon="MTConnectAssets_files/icon_instancespecification_13643661.svg" id="1343d218-f54c-421c-b2d3-1589d1d38af5"><classifier humanName="Classifier" mode="s,e"><stereotype classType="Stereotype" humanType="Stereotype" icon="MTConnectAssets_files/icon_stereotype_1271079013.svg" name="Block" refid="4b68b36d-0594-4f75-b1e5-32ed35a63dac"/></classifier><documentation humanName="Documentation"/><name humanName="Name" mode="s,e"/><owner classType="Class" humanName="Owner" humanType="Block" icon="MTConnectAssets_files/icon_block_1651251671.svg" mode="s,e" name="ToolLeadAngle" refid="4f645bdb-22a3-4b2e-918a-b890c2bcc8ab"/><qualifiedName humanName="Qualified Name" mode="e">Asset::CuttingTool::Measurement Subtypes::ToolLeadAngle::</qualifiedName><stereotypedElement classType="Class" humanName="Stereotyped Element" humanType="Block" icon="MTConnectAssets_files/icon_block_1651251671.svg" name="ToolLeadAngle" refid="4f645bdb-22a3-4b2e-918a-b890c2bcc8ab"/><TO_DO humanName="To Do" mode="s,e"/><visibility humanName="Visibility">public</visibility></instancespecification></magicdraw>