<?xml version="1.0" encoding="UTF-8"?><magicdraw><association classType="Association" humanType="Association" icon="MTConnectAssets_files/icon_association_327075511.svg" id="1398052a-109f-4f5c-a49f-edb56d619976"><documentation humanName="Documentation"/><endType humanName="End Type"><block classType="Class" humanType="Block" icon="MTConnectAssets_files/icon_block_1651251671.svg" name="PartArchetype" refid="f235fb6c-a8e2-428a-9a60-c7a6cafa678d"/><block classType="Class" humanType="Block" icon="MTConnectAssets_files/icon_block_1651251671.svg" name="PartDefinition" refid="6838abbb-e371-43eb-a3d2-c7cf0abf4b23"/></endType><feature humanName="Feature"><property classType="Property" humanType="Property" icon="MTConnectAssets_files/icon_property_627361964.svg" name=" : Asset::PartsProcesses::PartArchetype" refid="42b6998d-e8dd-4aef-a817-dcd1a20b882a"/></feature><isAbstract humanName="Is Abstract" mode="s,e">false</isAbstract><isDerived humanName="Is Derived" mode="e">false</isDerived><isFinalSpecialization humanName="Is Final Specialization">false</isFinalSpecialization><isLeaf humanName="Is Leaf">false</isLeaf><member humanName="Member"><property classType="Property" humanType="Property" icon="MTConnectAssets_files/icon_property_627361964.svg" name=" : Asset::PartsProcesses::PartArchetype" refid="42b6998d-e8dd-4aef-a817-dcd1a20b882a"/><partproperty classType="Property" humanType="Part Property" icon="MTConnectAssets_files/icon_partproperty_1289757170.svg" name="hasDefinition" refid="4ed70d45-a499-45c7-bce7-2ff1f7467548"/></member><memberEnd humanName="Member End"><property classType="Property" humanType="Property" icon="MTConnectAssets_files/icon_property_627361964.svg" name=" : Asset::PartsProcesses::PartArchetype" refid="42b6998d-e8dd-4aef-a817-dcd1a20b882a"/><partproperty classType="Property" humanType="Part Property" icon="MTConnectAssets_files/icon_partproperty_1289757170.svg" name="hasDefinition" refid="4ed70d45-a499-45c7-bce7-2ff1f7467548"/></memberEnd><name humanName="Name" mode="s,e"/><namespace classType="Package" humanName="Namespace" humanType="Package" icon="MTConnectAssets_files/icon_package_1622863652.svg" name="PartsProcesses" refid="d98ebc9a-74dd-40dd-b9c1-c06b8843dc92"/><ownedElement humanName="Owned Element"><property classType="Property" humanType="Property" icon="MTConnectAssets_files/icon_property_627361964.svg" name=" : Asset::PartsProcesses::PartArchetype" refid="42b6998d-e8dd-4aef-a817-dcd1a20b882a"/></ownedElement><ownedEnd humanName="Owned End"><property classType="Property" humanType="Property" icon="MTConnectAssets_files/icon_property_627361964.svg" name=" : Asset::PartsProcesses::PartArchetype" refid="42b6998d-e8dd-4aef-a817-dcd1a20b882a"/></ownedEnd><ownedMember humanName="Owned Member"><property classType="Property" humanType="Property" icon="MTConnectAssets_files/icon_property_627361964.svg" name=" : Asset::PartsProcesses::PartArchetype" refid="42b6998d-e8dd-4aef-a817-dcd1a20b882a"/></ownedMember><owner classType="Package" humanName="Owner" humanType="Package" icon="MTConnectAssets_files/icon_package_1622863652.svg" mode="s,e" name="PartsProcesses" refid="d98ebc9a-74dd-40dd-b9c1-c06b8843dc92"/><owningPackage classType="Package" humanName="Owning Package" humanType="Package" icon="MTConnectAssets_files/icon_package_1622863652.svg" name="PartsProcesses" refid="d98ebc9a-74dd-40dd-b9c1-c06b8843dc92"/><package classType="Package" humanName="Package" humanType="Package" icon="MTConnectAssets_files/icon_package_1622863652.svg" name="PartsProcesses" refid="d98ebc9a-74dd-40dd-b9c1-c06b8843dc92"/><qualifiedName humanName="Qualified Name" mode="e">Asset::PartsProcesses::</qualifiedName><relatedElement humanName="Related Element"><block classType="Class" humanType="Block" icon="MTConnectAssets_files/icon_block_1651251671.svg" name="PartArchetype" refid="f235fb6c-a8e2-428a-9a60-c7a6cafa678d"/><block classType="Class" humanType="Block" icon="MTConnectAssets_files/icon_block_1651251671.svg" name="PartDefinition" refid="6838abbb-e371-43eb-a3d2-c7cf0abf4b23"/></relatedElement><TO_DO humanName="To Do" mode="s,e"/><visibility humanName="Visibility" mode="s,e">public</visibility><appearsIn><diagram classType="Diagram" humanType="Diagram" icon="MTConnectAssets_files/icon_SysML Block Definition Diagram_378716347.svg" name="PartArchetype_Overview" refid="9765b8e1-5903-40f6-a864-d7c656f7c768"/></appearsIn></association></magicdraw>