<?xml version="1.0" encoding="UTF-8"?><magicdraw><enumerationliteral classType="EnumerationLiteral" humanType="Enumeration Literal" icon="MTConnectAssets_files/icon_enumerationliteral_1191775513.svg" id="143de525-2c71-43df-9a4a-ac97259fd95b"><classifier humanName="Classifier"><valuetype classType="Enumeration" humanType="Value Type" icon="MTConnectAssets_files/icon_valuetype_122648214.svg" name="FormatType" refid="7ef82abd-98d0-4f0f-9ab6-79479d66597b"/></classifier><documentation humanName="Documentation" mode="standard">The document will confirm to the ISO 10303 Part 21 standard.&#13;</documentation><enumeration classType="Enumeration" humanName="Enumeration" humanType="Value Type" icon="MTConnectAssets_files/icon_valuetype_122648214.svg" name="FormatType" refid="7ef82abd-98d0-4f0f-9ab6-79479d66597b"/><name humanName="Name" mode="s,e">EXPRESS</name><namespace classType="Enumeration" humanName="Namespace" humanType="Value Type" icon="MTConnectAssets_files/icon_valuetype_122648214.svg" name="FormatType" refid="7ef82abd-98d0-4f0f-9ab6-79479d66597b"/><ownedComment humanName="Owned Comment"><comment classType="Comment" humanType="Comment" icon="MTConnectAssets_files/icon_comment_1043177908.svg" refid="cb4ec65e-b8a6-4575-95c3-c90be457d79a"/></ownedComment><ownedElement humanName="Owned Element"><comment classType="Comment" humanType="Comment" icon="MTConnectAssets_files/icon_comment_1043177908.svg" refid="cb4ec65e-b8a6-4575-95c3-c90be457d79a"/></ownedElement><owner classType="Enumeration" humanName="Owner" humanType="Value Type" icon="MTConnectAssets_files/icon_valuetype_122648214.svg" mode="s,e" name="FormatType" refid="7ef82abd-98d0-4f0f-9ab6-79479d66597b"/><qualifiedName humanName="Qualified Name" mode="e">Asset::FormatType::EXPRESS</qualifiedName><TO_DO humanName="To Do" mode="s,e"/><visibility humanName="Visibility" mode="s,e">public</visibility></enumerationliteral></magicdraw>