<?xml version="1.0" encoding="UTF-8"?><magicdraw><literalstring classType="LiteralString" humanType="Literal String" icon="MTConnectAssets_files/icon_literalstring_989251045.svg" id="1461e7e5-77fc-45fe-88d9-9ecb271abf9e"><documentation humanName="Documentation"/><name humanName="Name"/><owner classType="Slot" humanName="Owner" humanType="Slot" icon="MTConnectAssets_files/icon_slot_1314472474.svg" mode="e" refid="92523803-4d73-4bc9-8422-cc8c65e5a9e3"/><owningSlot classType="Slot" humanName="Owning Slot" humanType="Slot" icon="MTConnectAssets_files/icon_slot_1314472474.svg" refid="92523803-4d73-4bc9-8422-cc8c65e5a9e3"/><qualifiedName humanName="Qualified Name"/><text humanName="Text" mode="standard">5/26/20 9:32 AM</text><TO_DO humanName="To Do"/><TYPE_MODIFIER humanName="Type Modifier"/><value humanName="Value" mode="s,e">5/26/20 9:32 AM</value><visibility humanName="Visibility">public</visibility></literalstring></magicdraw>