<?xml version="1.0" encoding="UTF-8"?><magicdraw><enumerationliteral classType="EnumerationLiteral" humanType="Enumeration Literal" icon="MTConnectAssets_files/icon_enumerationliteral_1191775513.svg" id="14dcf6ce-1810-466f-ace9-b4bd22836279"><classifier humanName="Classifier"><valuetype classType="Enumeration" humanType="Value Type" icon="MTConnectAssets_files/icon_valuetype_122648214.svg" name="CodeEnum" refid="ac78b8ca-262b-44cd-829c-a83b79aca3dc"/></classifier><documentation humanName="Documentation" mode="standard">The diameter of a circle to which all edges of a equilateral and round regular insert are tangential.</documentation><enumeration classType="Enumeration" humanName="Enumeration" humanType="Value Type" icon="MTConnectAssets_files/icon_valuetype_122648214.svg" name="CodeEnum" refid="ac78b8ca-262b-44cd-829c-a83b79aca3dc"/><name humanName="Name" mode="s,e">IC</name><namespace classType="Enumeration" humanName="Namespace" humanType="Value Type" icon="MTConnectAssets_files/icon_valuetype_122648214.svg" name="CodeEnum" refid="ac78b8ca-262b-44cd-829c-a83b79aca3dc"/><ownedComment humanName="Owned Comment"><comment classType="Comment" humanType="Comment" icon="MTConnectAssets_files/icon_comment_1043177908.svg" refid="2a8af4c6-bccb-4a1a-a548-f4e315cd8192"/></ownedComment><ownedElement humanName="Owned Element"><comment classType="Comment" humanType="Comment" icon="MTConnectAssets_files/icon_comment_1043177908.svg" refid="2a8af4c6-bccb-4a1a-a548-f4e315cd8192"/></ownedElement><owner classType="Enumeration" humanName="Owner" humanType="Value Type" icon="MTConnectAssets_files/icon_valuetype_122648214.svg" mode="s,e" name="CodeEnum" refid="ac78b8ca-262b-44cd-829c-a83b79aca3dc"/><qualifiedName humanName="Qualified Name" mode="e">Asset::CuttingTool::CodeEnum::IC</qualifiedName><TO_DO humanName="To Do" mode="s,e"/><visibility humanName="Visibility" mode="s,e">public</visibility><appearsIn><diagram classType="Diagram" humanType="Diagram" icon="MTConnectAssets_files/icon_SysML Block Definition Diagram_378716347.svg" name="CuttingToolLifeCycleModel" refid="ee864f60-1bb3-4e13-9955-1180841334a9"/></appearsIn></enumerationliteral></magicdraw>