<?xml version="1.0" encoding="UTF-8"?><magicdraw><block classType="Class" humanType="Block" icon="MTConnectAssets_files/icon_block_1651251671.svg" id="15277b0e-5082-434e-b3f3-fc484e77cec2"><allGeneralClassifiers humanName="All General Classifiers"><class classType="Class" humanType="Class" icon="MTConnectAssets_files/icon_class_1682619279.svg" name="Asset" refid="aea0707d-65f2-42ed-99e4-af15a10b8d08"/><block classType="Class" humanType="Block" icon="MTConnectAssets_files/icon_block_1651251671.svg" name="Asset" refid="605ecbad-4515-4ca8-9ccb-25ca175744fa"/><class classType="Class" humanType="Class" icon="MTConnectAssets_files/icon_class_1682619279.svg" name="MTConnect Asset" refid="56291ac0-020f-4c06-8a9e-6ba3ef15c370"/><class classType="Class" humanType="Class" icon="MTConnectAssets_files/icon_class_1682619279.svg" name="Thing" refid="29aa616b-62a4-495a-b705-2071da78c907"/></allGeneralClassifiers><APPLIED_STEREOTYPES humanName="Applied Stereotype" mode="e"><stereotype classType="Stereotype" humanType="Stereotype" icon="MTConnectAssets_files/icon_stereotype_1271079013.svg" name="Block" refid="4b68b36d-0594-4f75-b1e5-32ed35a63dac"/></APPLIED_STEREOTYPES><appliedStereotype humanName="Applied Stereotype" mode="e"><stereotype classType="Stereotype" humanType="Stereotype" icon="MTConnectAssets_files/icon_stereotype_1271079013.svg" name="Block" refid="4b68b36d-0594-4f75-b1e5-32ed35a63dac"><property classType="Property" humanName="Base_ Class" humanType="Property" icon="MTConnectAssets_files/icon_property_627361964.svg" name="base_Class" refid="477489bc-0c5a-4fb7-b88b-b8f0b9c8e690"/><property classType="Property" humanName="Is Encapsulated" humanType="Property" icon="MTConnectAssets_files/icon_property_627361964.svg" name="isEncapsulated" refid="99deda41-88f7-4c37-be6d-57faab2222cc"/></stereotype></appliedStereotype><appliedStereotypeInstance classType="InstanceSpecification" humanName="Applied Stereotype Instance" humanType="Instance Specification" icon="MTConnectAssets_files/icon_instancespecification_13643661.svg" name=" : SysML::Blocks::Block" refid="125210ed-b06b-4add-a28d-5f522f6bb275"/><attribute humanName="Attribute"><partproperty classType="Property" humanType="Part Property" icon="MTConnectAssets_files/icon_partproperty_1289757170.svg" name="hasQIFDocument" refid="b6ba08c3-dc9c-4bd5-bd8b-bd2cc3c408ed"/></attribute><derivedExplanation humanName="Derived Explanation"/><documentation humanName="Documentation" mode="standard">InspectionResult XML element is a type of Asset that represents inspection results obtained by a measurement device. Examples of a measurement device are vernier calliper, micrometer, co-ordinate measurement machine (CMM) or machine tool spindle inspection probe.</documentation><effectiveIRI humanName="Effective IRI"/><feature humanName="Feature"><partproperty classType="Property" humanType="Part Property" icon="MTConnectAssets_files/icon_partproperty_1289757170.svg" name="hasQIFDocument" refid="b6ba08c3-dc9c-4bd5-bd8b-bd2cc3c408ed"/></feature><general humanName="General"><block classType="Class" humanType="Block" icon="MTConnectAssets_files/icon_block_1651251671.svg" name="Asset" refid="605ecbad-4515-4ca8-9ccb-25ca175744fa"/></general><generalization humanName="Generalization"><generalization classType="Generalization" humanType="Generalization" icon="MTConnectAssets_files/icon_generalization_1702478809.svg" isRelationship="true" refid="fdb0c9e2-673c-4a4f-b17c-71eff61d228c"/></generalization><inheritedMember humanName="Inherited Member"><valueproperty classType="Property" humanType="Value Property" icon="MTConnectAssets_files/icon_valueproperty_469196179.svg" name="assetId" refid="250c4e64-40d4-4f93-b791-377455d96e43"/><property classType="Property" humanType="Property" icon="MTConnectAssets_files/icon_property_627361964.svg" name="assetId" refid="6311ca0e-56bf-4f45-8d21-13768036ee5c"/><property classType="Property" humanType="Property" icon="MTConnectAssets_files/icon_property_627361964.svg" name="belongs to" refid="fdd3706e-c363-4471-a308-ea70dbd1972f"/><property classType="Property" humanType="Property" icon="MTConnectAssets_files/icon_property_627361964.svg" name="can observe" refid="6336b8f7-7034-49a3-b284-5003de076de2"/><valueproperty classType="Property" humanType="Value Property" icon="MTConnectAssets_files/icon_valueproperty_469196179.svg" name="deviceUuid" refid="fb4a5708-07c2-408d-ba73-6963f59c4b72"/><referenceproperty classType="Property" humanType="Reference Property" icon="MTConnectAssets_files/icon_referenceproperty_151450878.svg" name="hasAssetReferences" refid="6b0883c1-2f3e-4768-825a-c4fb2a2da1e4"/><referenceproperty classType="Property" humanType="Reference Property" icon="MTConnectAssets_files/icon_referenceproperty_151450878.svg" name="hasDefinition" refid="7f9ea478-291a-490c-a023-55fe1a98275f"/><valueproperty classType="Property" humanType="Value Property" icon="MTConnectAssets_files/icon_valueproperty_469196179.svg" name="hasDescription" refid="d20b9322-4a98-4267-9717-0bafa9fa5bf4"/><property classType="Property" humanType="Property" icon="MTConnectAssets_files/icon_property_627361964.svg" name="made observation" refid="926c1f4b-f085-4432-bbd0-54727219ad66"/><valueproperty classType="Property" humanType="Value Property" icon="MTConnectAssets_files/icon_valueproperty_469196179.svg" name="removed" refid="f900922b-e078-42d0-85d5-e9ec83d5b6e5"/><valueproperty classType="Property" humanType="Value Property" icon="MTConnectAssets_files/icon_valueproperty_469196179.svg" name="timestamp" refid="e1accf7f-f2e8-40b9-ae1a-2e0f4801d288"/></inheritedMember><isAbstract humanName="Is Abstract">false</isAbstract><isActive humanName="Is Active" mode="e">false</isActive><isFinalSpecialization humanName="Is Final Specialization">false</isFinalSpecialization><isLeaf humanName="Is Leaf">false</isLeaf><member humanName="Member"><valueproperty classType="Property" humanType="Value Property" icon="MTConnectAssets_files/icon_valueproperty_469196179.svg" name="assetId" refid="250c4e64-40d4-4f93-b791-377455d96e43"/><property classType="Property" humanType="Property" icon="MTConnectAssets_files/icon_property_627361964.svg" name="assetId" refid="6311ca0e-56bf-4f45-8d21-13768036ee5c"/><property classType="Property" humanType="Property" icon="MTConnectAssets_files/icon_property_627361964.svg" name="belongs to" refid="fdd3706e-c363-4471-a308-ea70dbd1972f"/><property classType="Property" humanType="Property" icon="MTConnectAssets_files/icon_property_627361964.svg" name="can observe" refid="6336b8f7-7034-49a3-b284-5003de076de2"/><valueproperty classType="Property" humanType="Value Property" icon="MTConnectAssets_files/icon_valueproperty_469196179.svg" name="deviceUuid" refid="fb4a5708-07c2-408d-ba73-6963f59c4b72"/><referenceproperty classType="Property" humanType="Reference Property" icon="MTConnectAssets_files/icon_referenceproperty_151450878.svg" name="hasAssetReferences" refid="6b0883c1-2f3e-4768-825a-c4fb2a2da1e4"/><referenceproperty classType="Property" humanType="Reference Property" icon="MTConnectAssets_files/icon_referenceproperty_151450878.svg" name="hasDefinition" refid="7f9ea478-291a-490c-a023-55fe1a98275f"/><valueproperty classType="Property" humanType="Value Property" icon="MTConnectAssets_files/icon_valueproperty_469196179.svg" name="hasDescription" refid="d20b9322-4a98-4267-9717-0bafa9fa5bf4"/><partproperty classType="Property" humanType="Part Property" icon="MTConnectAssets_files/icon_partproperty_1289757170.svg" name="hasQIFDocument" refid="b6ba08c3-dc9c-4bd5-bd8b-bd2cc3c408ed"/><property classType="Property" humanType="Property" icon="MTConnectAssets_files/icon_property_627361964.svg" name="made observation" refid="926c1f4b-f085-4432-bbd0-54727219ad66"/><valueproperty classType="Property" humanType="Value Property" icon="MTConnectAssets_files/icon_valueproperty_469196179.svg" name="removed" refid="f900922b-e078-42d0-85d5-e9ec83d5b6e5"/><valueproperty classType="Property" humanType="Value Property" icon="MTConnectAssets_files/icon_valueproperty_469196179.svg" name="timestamp" refid="e1accf7f-f2e8-40b9-ae1a-2e0f4801d288"/></member><name humanName="Name" mode="s,e">InspectionResult</name><namespace classType="Package" humanName="Namespace" humanType="Package" icon="MTConnectAssets_files/icon_package_1622863652.svg" name="InspectionResult" refid="ca33feaa-1255-4b02-aca4-db00445c3822"/><ownedAttribute humanName="Owned Attribute"><partproperty classType="Property" humanType="Part Property" icon="MTConnectAssets_files/icon_partproperty_1289757170.svg" name="hasQIFDocument" refid="b6ba08c3-dc9c-4bd5-bd8b-bd2cc3c408ed"/></ownedAttribute><ownedComment humanName="Owned Comment"><comment classType="Comment" humanType="Comment" icon="MTConnectAssets_files/icon_comment_1043177908.svg" refid="4c86dcf3-31cd-4b05-a322-291551783380"/></ownedComment><ownedElement humanName="Owned Element"><generalization classType="Generalization" humanType="Generalization" icon="MTConnectAssets_files/icon_generalization_1702478809.svg" isRelationship="true" refid="fdb0c9e2-673c-4a4f-b17c-71eff61d228c"/><comment classType="Comment" humanType="Comment" icon="MTConnectAssets_files/icon_comment_1043177908.svg" refid="4c86dcf3-31cd-4b05-a322-291551783380"/><instancespecification classType="InstanceSpecification" humanType="Instance Specification" icon="MTConnectAssets_files/icon_instancespecification_13643661.svg" name=" : SysML::Blocks::Block" refid="125210ed-b06b-4add-a28d-5f522f6bb275"/><partproperty classType="Property" humanType="Part Property" icon="MTConnectAssets_files/icon_partproperty_1289757170.svg" name="hasQIFDocument" refid="b6ba08c3-dc9c-4bd5-bd8b-bd2cc3c408ed"/></ownedElement><ownedMember humanName="Owned Member"><partproperty classType="Property" humanType="Part Property" icon="MTConnectAssets_files/icon_partproperty_1289757170.svg" name="hasQIFDocument" refid="b6ba08c3-dc9c-4bd5-bd8b-bd2cc3c408ed"/></ownedMember><owner classType="Package" humanName="Owner" humanType="Package" icon="MTConnectAssets_files/icon_package_1622863652.svg" mode="s,e" name="InspectionResult" refid="ca33feaa-1255-4b02-aca4-db00445c3822"/><owningPackage classType="Package" humanName="Owning Package" humanType="Package" icon="MTConnectAssets_files/icon_package_1622863652.svg" name="InspectionResult" refid="ca33feaa-1255-4b02-aca4-db00445c3822"/><package classType="Package" humanName="Package" humanType="Package" icon="MTConnectAssets_files/icon_package_1622863652.svg" name="InspectionResult" refid="ca33feaa-1255-4b02-aca4-db00445c3822"/><part humanName="Part"><partproperty classType="Property" humanType="Part Property" icon="MTConnectAssets_files/icon_partproperty_1289757170.svg" name="hasQIFDocument" refid="b6ba08c3-dc9c-4bd5-bd8b-bd2cc3c408ed"/></part><qualifiedName humanName="Qualified Name" mode="e">Asset::InspectionResult::InspectionResult</qualifiedName><role humanName="Role"><partproperty classType="Property" humanType="Part Property" icon="MTConnectAssets_files/icon_partproperty_1289757170.svg" name="hasQIFDocument" refid="b6ba08c3-dc9c-4bd5-bd8b-bd2cc3c408ed"/></role><superClass humanName="Super Class"><block classType="Class" humanType="Block" icon="MTConnectAssets_files/icon_block_1651251671.svg" name="Asset" refid="605ecbad-4515-4ca8-9ccb-25ca175744fa"/></superClass><TO_DO humanName="To Do"/><visibility humanName="Visibility">public</visibility></block></magicdraw>