<?xml version="1.0" encoding="UTF-8"?><magicdraw><enumerationliteral classType="EnumerationLiteral" humanType="Enumeration Literal" icon="MTConnectAssets_files/icon_enumerationliteral_1191775513.svg" id="15f99a96-78e3-48ef-a1e5-7506ee9d4594"><classifier humanName="Classifier"><enumeration classType="Enumeration" humanType="Enumeration" icon="MTConnectAssets_files/icon_enumeration_1832284192.svg" name="ProcessState" refid="0d16adfd-7db9-4fb8-85e0-fd8254370c9d"/></classifier><documentation humanName="Documentation"/><enumeration classType="Enumeration" humanName="Enumeration" humanType="Enumeration" icon="MTConnectAssets_files/icon_enumeration_1832284192.svg" name="ProcessState" refid="0d16adfd-7db9-4fb8-85e0-fd8254370c9d"/><name humanName="Name" mode="s,e">COMPLETE</name><namespace classType="Enumeration" humanName="Namespace" humanType="Enumeration" icon="MTConnectAssets_files/icon_enumeration_1832284192.svg" name="ProcessState" refid="0d16adfd-7db9-4fb8-85e0-fd8254370c9d"/><owner classType="Enumeration" humanName="Owner" humanType="Enumeration" icon="MTConnectAssets_files/icon_enumeration_1832284192.svg" mode="s,e" name="ProcessState" refid="0d16adfd-7db9-4fb8-85e0-fd8254370c9d"/><qualifiedName humanName="Qualified Name" mode="e">Asset::PartsProcesses::DataItems::ProcessState::COMPLETE</qualifiedName><TO_DO humanName="To Do" mode="s,e"/><visibility humanName="Visibility" mode="s,e">public</visibility><appearsIn><diagram classType="Diagram" humanType="Diagram" icon="MTConnectAssets_files/icon_Class Diagram_2127840576.svg" name="PartRecordTraceability" refid="df95fe2c-463b-4ae4-aa72-bb92b80fe02b"/></appearsIn></enumerationliteral></magicdraw>