<?xml version="1.0" encoding="UTF-8"?><magicdraw><literalstring classType="LiteralString" humanType="Literal String" icon="MTConnectAssets_files/icon_literalstring_989251045.svg" id="1615d32d-d8b8-4c09-ac6c-d31af4c8e45b"><documentation humanName="Documentation"/><name humanName="Name"/><owner classType="Slot" humanName="Owner" humanType="Slot" icon="MTConnectAssets_files/icon_slot_1314472474.svg" mode="e" refid="74306278-29c9-485e-b037-c5f5b938da62"/><owningSlot classType="Slot" humanName="Owning Slot" humanType="Slot" icon="MTConnectAssets_files/icon_slot_1314472474.svg" refid="74306278-29c9-485e-b037-c5f5b938da62"/><qualifiedName humanName="Qualified Name"/><text humanName="Text" mode="standard">1/20/20 9:50 AM</text><TO_DO humanName="To Do"/><TYPE_MODIFIER humanName="Type Modifier"/><value humanName="Value" mode="s,e">1/20/20 9:50 AM</value><visibility humanName="Visibility">public</visibility></literalstring></magicdraw>