<?xml version="1.0" encoding="UTF-8"?><magicdraw><literalinteger classType="LiteralInteger" humanType="Literal Integer" icon="MTConnectAssets_files/icon_literalinteger_922180500.svg" id="162b36fe-7646-47dc-9003-5d0af01df3af"><documentation humanName="Documentation"/><name humanName="Name"/><owner classType="Property" humanName="Owner" humanType="Value Property" icon="MTConnectAssets_files/icon_valueproperty_924840719.svg" mode="e" name="nativeUnits" refid="a0efd726-5eba-4acd-80a7-0f0c6bd006ca"/><owningUpper classType="Property" humanName="Owning Upper" humanType="Value Property" icon="MTConnectAssets_files/icon_valueproperty_924840719.svg" name="nativeUnits" refid="a0efd726-5eba-4acd-80a7-0f0c6bd006ca"/><qualifiedName humanName="Qualified Name">Asset::CuttingTool::Measurement::nativeUnits::</qualifiedName><text humanName="Text" mode="standard">1</text><TO_DO humanName="To Do"/><TYPE_MODIFIER humanName="Type Modifier"/><value humanName="Value" mode="s,e">1</value><visibility humanName="Visibility">public</visibility></literalinteger></magicdraw>