<?xml version="1.0" encoding="UTF-8"?><magicdraw><literalinteger classType="LiteralInteger" humanType="Literal Integer" icon="MTConnectAssets_files/icon_literalinteger_922180500.svg" id="16b5c98e-9302-438c-8194-7972063ab8d2"><documentation humanName="Documentation"/><name humanName="Name"/><owner classType="Property" humanName="Owner" humanType="Property" icon="MTConnectAssets_files/icon_property_627361964.svg" mode="e" name="name" refid="1a0eee6b-c767-48b1-a729-e1dacf3b6ec2"/><owningLower classType="Property" humanName="Owning Lower" humanType="Property" icon="MTConnectAssets_files/icon_property_627361964.svg" name="name" refid="1a0eee6b-c767-48b1-a729-e1dacf3b6ec2"/><qualifiedName humanName="Qualified Name">Asset::PartsProcesses::DataItems::PartCharacteristics::MaterialType::VendorType::name::</qualifiedName><text humanName="Text" mode="standard">0</text><TO_DO humanName="To Do"/><TYPE_MODIFIER humanName="Type Modifier"/><value humanName="Value" mode="s,e">0</value><visibility humanName="Visibility">public</visibility></literalinteger></magicdraw>