<?xml version="1.0" encoding="UTF-8"?><magicdraw><literalinteger classType="LiteralInteger" humanType="Literal Integer" icon="MTConnectAssets_files/icon_literalinteger_922180500.svg" id="17ac2318-0506-428b-be85-fe463208a2e1"><documentation humanName="Documentation"/><name humanName="Name"/><owner classType="Property" humanName="Owner" humanType="Reference Property" icon="MTConnectAssets_files/icon_referenceproperty_151450878.svg" mode="e" name="processType" refid="74a58a88-9bfd-4308-a174-603cb8901325"/><owningLower classType="Property" humanName="Owning Lower" humanType="Reference Property" icon="MTConnectAssets_files/icon_referenceproperty_151450878.svg" name="processType" refid="74a58a88-9bfd-4308-a174-603cb8901325"/><qualifiedName humanName="Qualified Name">Asset::PartsProcesses::Components::ProcessOccurrence::processType::</qualifiedName><text humanName="Text" mode="standard">0</text><TO_DO humanName="To Do"/><TYPE_MODIFIER humanName="Type Modifier"/><value humanName="Value" mode="s,e">0</value><visibility humanName="Visibility">public</visibility></literalinteger></magicdraw>