<?xml version="1.0" encoding="UTF-8"?><magicdraw><instancespecification classType="InstanceSpecification" humanType="Instance Specification" icon="MTConnectAssets_files/icon_instancespecification_13643661.svg" id="1887b332-dfe4-455b-add1-683af0b3cdc5"><classifier humanName="Classifier" mode="s,e"><stereotype classType="Stereotype" humanType="Stereotype" icon="MTConnectAssets_files/icon_stereotype_395112008.svg" name="ValueType" refid="696b8ea6-7fa5-4354-aca1-5de49b0f28a6"/></classifier><documentation humanName="Documentation"/><name humanName="Name" mode="s,e"/><owner classType="DataType" humanName="Owner" humanType="Value Type" icon="MTConnectAssets_files/icon_valuetype_395112008.svg" mode="s,e" name="MimeType" refid="4f016968-f3f3-450b-96c1-f8a93744379d"/><qualifiedName humanName="Qualified Name" mode="e">Asset::Files::MimeType::</qualifiedName><stereotypedElement classType="DataType" humanName="Stereotyped Element" humanType="Value Type" icon="MTConnectAssets_files/icon_valuetype_395112008.svg" name="MimeType" refid="4f016968-f3f3-450b-96c1-f8a93744379d"/><TO_DO humanName="To Do" mode="s,e"/><visibility humanName="Visibility">public</visibility></instancespecification></magicdraw>