<?xml version="1.0" encoding="UTF-8"?><magicdraw><literalunlimitednatural classType="LiteralUnlimitedNatural" humanType="Literal Unlimited Natural" icon="MTConnectAssets_files/icon_literalunlimitednatural_919671508.svg" id="18b1e331-c233-49b5-837d-e78d7cd76281"><documentation humanName="Documentation"/><name humanName="Name"/><owner classType="Property" humanName="Owner" humanType="Property" icon="MTConnectAssets_files/icon_property_627361964.svg" mode="e" name="customerID" refid="e533dd6a-a353-4b5d-893b-f0fa34a40c0b"/><owningUpper classType="Property" humanName="Owning Upper" humanType="Property" icon="MTConnectAssets_files/icon_property_627361964.svg" name="customerID" refid="e533dd6a-a353-4b5d-893b-f0fa34a40c0b"/><qualifiedName humanName="Qualified Name">Asset::PartsProcesses::DataItems::PartCharacteristics::Customer::customerID::</qualifiedName><text humanName="Text" mode="standard">1</text><TO_DO humanName="To Do"/><TYPE_MODIFIER humanName="Type Modifier"/><value humanName="Value" mode="s,e">1</value><visibility humanName="Visibility">public</visibility></literalunlimitednatural></magicdraw>