<?xml version="1.0" encoding="UTF-8"?><magicdraw><literalunlimitednatural classType="LiteralUnlimitedNatural" humanType="Literal Unlimited Natural" icon="MTConnectAssets_files/icon_literalunlimitednatural_919671508.svg" id="18b4c6d6-e8e0-4626-8d0c-a975ec71ab1b"><documentation humanName="Documentation"/><name humanName="Name"/><owner classType="Property" humanName="Owner" humanType="Property" icon="MTConnectAssets_files/icon_property_627361964.svg" mode="e" name="actualCompleteTime" refid="fb96876e-218f-4561-810e-6f8fdb3d1492"/><owningUpper classType="Property" humanName="Owning Upper" humanType="Property" icon="MTConnectAssets_files/icon_property_627361964.svg" name="actualCompleteTime" refid="fb96876e-218f-4561-810e-6f8fdb3d1492"/><qualifiedName humanName="Qualified Name">Asset::PartsProcesses::Components::Part::actualCompleteTime::</qualifiedName><text humanName="Text" mode="standard">1</text><TO_DO humanName="To Do"/><TYPE_MODIFIER humanName="Type Modifier"/><value humanName="Value" mode="s,e">1</value><visibility humanName="Visibility">public</visibility></literalunlimitednatural></magicdraw>