<?xml version="1.0" encoding="UTF-8"?><magicdraw><enumerationliteral classType="EnumerationLiteral" humanType="Enumeration Literal" icon="MTConnectAssets_files/icon_enumerationliteral_1191775513.svg" id="198cfc85-2b6d-48b5-a5d7-4aa4f64134f1"><classifier humanName="Classifier"><enumeration classType="Enumeration" humanType="Enumeration" icon="MTConnectAssets_files/icon_enumeration_1832284192.svg" name="SourceType" refid="1acc1d7a-df76-431a-8029-a4574e187c3d"/></classifier><documentation humanName="Documentation"/><enumeration classType="Enumeration" humanName="Enumeration" humanType="Enumeration" icon="MTConnectAssets_files/icon_enumeration_1832284192.svg" name="SourceType" refid="1acc1d7a-df76-431a-8029-a4574e187c3d"/><name humanName="Name" mode="s,e">FILAMENT</name><namespace classType="Enumeration" humanName="Namespace" humanType="Enumeration" icon="MTConnectAssets_files/icon_enumeration_1832284192.svg" name="SourceType" refid="1acc1d7a-df76-431a-8029-a4574e187c3d"/><owner classType="Enumeration" humanName="Owner" humanType="Enumeration" icon="MTConnectAssets_files/icon_enumeration_1832284192.svg" mode="s,e" name="SourceType" refid="1acc1d7a-df76-431a-8029-a4574e187c3d"/><qualifiedName humanName="Qualified Name" mode="e">Asset::PartsProcesses::DataItems::PartCharacteristics::MaterialType::SourceType::FILAMENT</qualifiedName><TO_DO humanName="To Do" mode="s,e"/><visibility humanName="Visibility" mode="s,e">public</visibility></enumerationliteral></magicdraw>