<?xml version="1.0" encoding="UTF-8"?><magicdraw><referenceproperty classType="Property" humanType="Reference Property" icon="MTConnectAssets_files/icon_referenceproperty_151450878.svg" id="19d50d00-5e44-4716-8b34-092ba043037b"><aggregation humanName="Aggregation" mode="s,e">none</aggregation><APPLIED_STEREOTYPES humanName="Applied Stereotype" mode="s,e"><stereotype classType="Stereotype" humanType="Stereotype" icon="MTConnectAssets_files/icon_stereotype_151450878.svg" name="ReferenceProperty" refid="f430da61-f435-4fb1-b6a5-858074ac8e17"/></APPLIED_STEREOTYPES><appliedStereotype humanName="Applied Stereotype" mode="s,e"><stereotype classType="Stereotype" humanType="Stereotype" icon="MTConnectAssets_files/icon_stereotype_151450878.svg" name="ReferenceProperty" refid="f430da61-f435-4fb1-b6a5-858074ac8e17"><property classType="Property" humanName="Base_ Element" humanType="Property" icon="MTConnectAssets_files/icon_property_627361964.svg" name="base_Element" refid="f2b6fe0b-c570-47bb-81f0-cd774bc371ca"/><property classType="Property" humanName="Base_ Property" humanType="Property" icon="MTConnectAssets_files/icon_property_627361964.svg" name="base_Property" refid="d9d23dab-47bb-4563-8650-7825c3db8019"/><property classType="Property" humanName="Base_ Property" humanType="Property" icon="MTConnectAssets_files/icon_property_627361964.svg" name="base_Property" refid="6eb34217-ea36-4993-bb7a-23b86009bba7"/><property classType="Property" humanName="Base_ Property" humanType="Property" icon="MTConnectAssets_files/icon_property_627361964.svg" name="base_Property" refid="41f99477-7d41-4c68-9770-b7e6cec79b4b"/></stereotype></appliedStereotype><appliedStereotypeInstance classType="InstanceSpecification" humanName="Applied Stereotype Instance" humanType="Instance Specification" icon="MTConnectAssets_files/icon_instancespecification_13643661.svg" name=" : MD Customization for SysML::additional_stereotypes::ReferenceProperty" refid="9b854d3d-7dd2-4982-8182-8cbae83032fa"/><association classType="Association" humanName="Association" humanType="Association" icon="MTConnectAssets_files/icon_association_1240125658.svg" isRelationship="true" name="partTypeRef" refid="3fb1cdf7-7df1-4ce8-99a3-c71f3c4832cd"/><UMLClass classType="Class" humanName="Class" humanType="Block" icon="MTConnectAssets_files/icon_block_1651251671.svg" name="Part" refid="edd1c9d3-6e67-427c-b4a1-0aa335091da2"/><classifier classType="Class" humanName="Classifier" humanType="Block" icon="MTConnectAssets_files/icon_block_1651251671.svg" name="Part" refid="edd1c9d3-6e67-427c-b4a1-0aa335091da2"/><documentation humanName="Documentation"/><effectiveIRI humanName="Effective IRI"/><featuringClassifier classType="Class" humanName="Featuring Classifier" humanType="Block" icon="MTConnectAssets_files/icon_block_1651251671.svg" name="Part" refid="edd1c9d3-6e67-427c-b4a1-0aa335091da2"/><isComposite humanName="Is Composite">false</isComposite><isDerived humanName="Is Derived" mode="s,e">false</isDerived><isDerivedUnion humanName="Is Derived Union" mode="e">false</isDerivedUnion><isID humanName="Is ID" mode="e">false</isID><isLeaf humanName="Is Leaf">false</isLeaf><isOrdered humanName="Is Ordered" mode="e">false</isOrdered><isReadOnly humanName="Is Read Only" mode="s,e">false</isReadOnly><isStatic humanName="Is Static" mode="s,e">false</isStatic><isUnique humanName="Is Unique" mode="e">true</isUnique><lower humanName="Lower">0</lower><lowerValue classType="LiteralInteger" humanName="Lower Value" humanType="Literal Integer" icon="MTConnectAssets_files/icon_literalinteger_922180500.svg" name="0" refid="9885aaca-a2a6-4599-bdbe-876bab433cc0" text="0"/><multiplicity humanName="Multiplicity" mode="s,e">0..1</multiplicity><multiplicity humanName="Multiplicity" mode="s,e">0..1</multiplicity><name humanName="Name" mode="s,e">partType</name><namespace classType="Class" humanName="Namespace" humanType="Block" icon="MTConnectAssets_files/icon_block_1651251671.svg" name="Part" refid="edd1c9d3-6e67-427c-b4a1-0aa335091da2"/><navigable humanName="Navigable">true</navigable><opposite classType="Property" humanName="Opposite" humanType="Property" icon="MTConnectAssets_files/icon_property_627361964.svg" name=" : Asset::PartsProcesses::Components::Part [1..*]" refid="2d5dc07c-28dc-4654-8cc7-4dc6e35537b2"/><ownedBy classType="Class" humanName="Owned By" humanType="Block" icon="MTConnectAssets_files/icon_block_1651251671.svg" name="Part" refid="edd1c9d3-6e67-427c-b4a1-0aa335091da2"/><ownedElement humanName="Owned Element"><instancespecification classType="InstanceSpecification" humanType="Instance Specification" icon="MTConnectAssets_files/icon_instancespecification_13643661.svg" name=" : MD Customization for SysML::additional_stereotypes::ReferenceProperty" refid="9b854d3d-7dd2-4982-8182-8cbae83032fa"/><literalinteger classType="LiteralInteger" humanType="Literal Integer" icon="MTConnectAssets_files/icon_literalinteger_922180500.svg" name="0" refid="9885aaca-a2a6-4599-bdbe-876bab433cc0" text="0"/><literalunlimitednatural classType="LiteralUnlimitedNatural" humanType="Literal Unlimited Natural" icon="MTConnectAssets_files/icon_literalunlimitednatural_919671508.svg" name="1" refid="ec8cab3d-0f28-43a5-bd28-f301ed8f2282" text="1"/></ownedElement><owner classType="Class" humanName="Owner" humanType="Block" icon="MTConnectAssets_files/icon_block_1651251671.svg" name="Part" refid="edd1c9d3-6e67-427c-b4a1-0aa335091da2"/><qualifiedName humanName="Qualified Name" mode="e">Asset::PartsProcesses::Components::Part::partType</qualifiedName><redefinitionContext humanName="Redefinition Context"><block classType="Class" humanType="Block" icon="MTConnectAssets_files/icon_block_1651251671.svg" name="Part" refid="edd1c9d3-6e67-427c-b4a1-0aa335091da2"/></redefinitionContext><TO_DO humanName="To Do" mode="s,e"/><type classType="Class" humanName="Type" humanType="Block" icon="MTConnectAssets_files/icon_block_1651251671.svg" mode="s,e" name="PartArchetype" refid="f235fb6c-a8e2-428a-9a60-c7a6cafa678d"/><TYPE_MODIFIER humanName="Type Modifier" mode="e"/><upper humanName="Upper">1</upper><upperValue classType="LiteralUnlimitedNatural" humanName="Upper Value" humanType="Literal Unlimited Natural" icon="MTConnectAssets_files/icon_literalunlimitednatural_919671508.svg" name="1" refid="ec8cab3d-0f28-43a5-bd28-f301ed8f2282" text="1"/><visibility humanName="Visibility" mode="e">public</visibility><appearsIn><diagram classType="Diagram" humanType="Diagram" icon="MTConnectAssets_files/icon_SysML Block Definition Diagram_378716347.svg" name="PartsProcessesOverview" refid="46289224-3470-4d70-8a0f-0f0033ea0b67"/><diagram classType="Diagram" humanType="Diagram" icon="MTConnectAssets_files/icon_Class Diagram_2127840576.svg" name="PartRecordTraceability" refid="df95fe2c-463b-4ae4-aa72-bb92b80fe02b"/><diagram classType="Diagram" humanType="Diagram" icon="MTConnectAssets_files/icon_SysML Block Definition Diagram_378716347.svg" name="PartsProcessesIntegration" refid="cb1044c6-6e9f-4369-8c76-2e7bc50e1a08"/><diagram classType="Diagram" humanType="Diagram" icon="MTConnectAssets_files/icon_SysML Block Definition Diagram_378716347.svg" name="PartArchetype_Overview" refid="9765b8e1-5903-40f6-a864-d7c656f7c768"/><diagram classType="Diagram" humanType="Diagram" icon="MTConnectAssets_files/icon_SysML Block Definition Diagram_378716347.svg" name="PartsProcessesOverview_medium" refid="bc404503-8db7-49e9-95ba-85d8f263a740"/></appearsIn></referenceproperty></magicdraw>