<?xml version="1.0" encoding="UTF-8"?><magicdraw><literalinteger classType="LiteralInteger" humanType="Literal Integer" icon="MTConnectAssets_files/icon_literalinteger_922180500.svg" id="1a159e26-6f5e-4c61-8fb9-0924d75d8afd"><documentation humanName="Documentation"/><name humanName="Name"/><owner classType="Property" humanName="Owner" humanType="Part Property" icon="MTConnectAssets_files/icon_partproperty_1142063748.svg" mode="e" name=" : Asset::CuttingTool::CuttingItem::CuttingItem [0..*]" refid="d774cdc5-8f61-4ff8-9ea9-2d5a9a93549c"/><owningLower classType="Property" humanName="Owning Lower" humanType="Part Property" icon="MTConnectAssets_files/icon_partproperty_1142063748.svg" name=" : Asset::CuttingTool::CuttingItem::CuttingItem [0..*]" refid="d774cdc5-8f61-4ff8-9ea9-2d5a9a93549c"/><qualifiedName humanName="Qualified Name">Asset::CuttingTool::CuttingItem::CuttingItems::::</qualifiedName><text humanName="Text" mode="standard">0</text><TO_DO humanName="To Do"/><TYPE_MODIFIER humanName="Type Modifier"/><value humanName="Value" mode="s,e">0</value><visibility humanName="Visibility">public</visibility></literalinteger></magicdraw>