<?xml version="1.0" encoding="UTF-8"?><magicdraw><literalstring classType="LiteralString" humanType="Literal String" icon="MTConnectAssets_files/icon_literalstring_989251045.svg" id="1a4e54ea-185a-43c8-a603-891fd4b524ee"><documentation humanName="Documentation"/><name humanName="Name"/><owner classType="Slot" humanName="Owner" humanType="Slot" icon="MTConnectAssets_files/icon_slot_1314472474.svg" mode="e" refid="c12de22e-f4c9-4e26-ae27-8a1df54a3654"/><owningSlot classType="Slot" humanName="Owning Slot" humanType="Slot" icon="MTConnectAssets_files/icon_slot_1314472474.svg" refid="c12de22e-f4c9-4e26-ae27-8a1df54a3654"/><qualifiedName humanName="Qualified Name"/><text humanName="Text" mode="standard">ssingh</text><TO_DO humanName="To Do"/><TYPE_MODIFIER humanName="Type Modifier"/><value humanName="Value" mode="s,e">ssingh</value><visibility humanName="Visibility">public</visibility></literalstring></magicdraw>