<?xml version="1.0" encoding="UTF-8"?><magicdraw><valueproperty classType="Property" humanType="Value Property" icon="MTConnectAssets_files/icon_valueproperty_469196179.svg" id="1a95dd23-ec97-4e61-ba0d-2dbca5398d9b"><aggregation humanName="Aggregation" mode="s,e">none</aggregation><APPLIED_STEREOTYPES humanName="Applied Stereotype" mode="s,e"><stereotype classType="Stereotype" humanType="Stereotype" icon="MTConnectAssets_files/icon_stereotype_469196179.svg" name="ValueProperty" refid="f9f8ec08-03ee-474f-9513-fba19063df38"/></APPLIED_STEREOTYPES><appliedStereotype humanName="Applied Stereotype" mode="s,e"><stereotype classType="Stereotype" humanType="Stereotype" icon="MTConnectAssets_files/icon_stereotype_469196179.svg" name="ValueProperty" refid="f9f8ec08-03ee-474f-9513-fba19063df38"><property classType="Property" humanName="Base_ Element" humanType="Property" icon="MTConnectAssets_files/icon_property_627361964.svg" name="base_Element" refid="f2b6fe0b-c570-47bb-81f0-cd774bc371ca"/><property classType="Property" humanName="Base_ Property" humanType="Property" icon="MTConnectAssets_files/icon_property_627361964.svg" name="base_Property" refid="d3d3c5fb-9db9-4dad-b04e-7adb9b1b36f7"/></stereotype></appliedStereotype><appliedStereotypeInstance classType="InstanceSpecification" humanName="Applied Stereotype Instance" humanType="Instance Specification" icon="MTConnectAssets_files/icon_instancespecification_13643661.svg" name=" : MD Customization for SysML::additional_stereotypes::ValueProperty" refid="fbcf6439-f066-4789-b613-b6efe152a1cb"/><UMLClass classType="Class" humanName="Class" humanType="Block" icon="MTConnectAssets_files/icon_block_1651251671.svg" name="CuttingTool" refid="c4f70e71-83a8-4771-83e9-6e4f81d0dbfb"/><classifier classType="Class" humanName="Classifier" humanType="Block" icon="MTConnectAssets_files/icon_block_1651251671.svg" name="CuttingTool" refid="c4f70e71-83a8-4771-83e9-6e4f81d0dbfb"/><documentation humanName="Documentation" mode="standard">The identifier for a class of cutting tools.</documentation><effectiveIRI humanName="Effective IRI"/><featuringClassifier classType="Class" humanName="Featuring Classifier" humanType="Block" icon="MTConnectAssets_files/icon_block_1651251671.svg" name="CuttingTool" refid="c4f70e71-83a8-4771-83e9-6e4f81d0dbfb"/><isComposite humanName="Is Composite">false</isComposite><isDerived humanName="Is Derived" mode="s,e">false</isDerived><isDerivedUnion humanName="Is Derived Union" mode="e">false</isDerivedUnion><isID humanName="Is ID" mode="e">false</isID><isLeaf humanName="Is Leaf">false</isLeaf><isOrdered humanName="Is Ordered" mode="e">false</isOrdered><isReadOnly humanName="Is Read Only" mode="s,e">false</isReadOnly><isStatic humanName="Is Static" mode="s,e">false</isStatic><isUnique humanName="Is Unique" mode="e">true</isUnique><lower humanName="Lower">1</lower><lowerValue classType="LiteralInteger" humanName="Lower Value" humanType="Literal Integer" icon="MTConnectAssets_files/icon_literalinteger_922180500.svg" name="1" refid="29b18231-476c-4def-b1a9-01fda12c504a" text="1"/><multiplicity humanName="Multiplicity" mode="s,e">1</multiplicity><multiplicity humanName="Multiplicity" mode="s,e">1</multiplicity><name humanName="Name" mode="s,e">toolId</name><namespace classType="Class" humanName="Namespace" humanType="Block" icon="MTConnectAssets_files/icon_block_1651251671.svg" name="CuttingTool" refid="c4f70e71-83a8-4771-83e9-6e4f81d0dbfb"/><navigable humanName="Navigable">true</navigable><ownedBy classType="Class" humanName="Owned By" humanType="Block" icon="MTConnectAssets_files/icon_block_1651251671.svg" name="CuttingTool" refid="c4f70e71-83a8-4771-83e9-6e4f81d0dbfb"/><ownedComment humanName="Owned Comment"><comment classType="Comment" humanType="Comment" icon="MTConnectAssets_files/icon_comment_1043177908.svg" refid="97845724-a77c-4890-b86a-04be9218b190"/></ownedComment><ownedElement humanName="Owned Element"><comment classType="Comment" humanType="Comment" icon="MTConnectAssets_files/icon_comment_1043177908.svg" refid="97845724-a77c-4890-b86a-04be9218b190"/><instancespecification classType="InstanceSpecification" humanType="Instance Specification" icon="MTConnectAssets_files/icon_instancespecification_13643661.svg" name=" : MD Customization for SysML::additional_stereotypes::ValueProperty" refid="fbcf6439-f066-4789-b613-b6efe152a1cb"/><literalinteger classType="LiteralInteger" humanType="Literal Integer" icon="MTConnectAssets_files/icon_literalinteger_922180500.svg" name="1" refid="29b18231-476c-4def-b1a9-01fda12c504a" text="1"/><literalunlimitednatural classType="LiteralUnlimitedNatural" humanType="Literal Unlimited Natural" icon="MTConnectAssets_files/icon_literalunlimitednatural_919671508.svg" name="1" refid="d12442b4-61f1-4268-8dd4-83435c08de4a" text="1"/></ownedElement><owner classType="Class" humanName="Owner" humanType="Block" icon="MTConnectAssets_files/icon_block_1651251671.svg" name="CuttingTool" refid="c4f70e71-83a8-4771-83e9-6e4f81d0dbfb"/><qualifiedName humanName="Qualified Name" mode="e">Asset::CuttingTool::CuttingTool::toolId</qualifiedName><redefinitionContext humanName="Redefinition Context"><block classType="Class" humanType="Block" icon="MTConnectAssets_files/icon_block_1651251671.svg" name="CuttingTool" refid="c4f70e71-83a8-4771-83e9-6e4f81d0dbfb"/></redefinitionContext><TO_DO humanName="To Do" mode="s,e"/><type classType="DataType" humanName="Type" humanType="Value Type" icon="MTConnectAssets_files/icon_valuetype_395112008.svg" mode="s,e" name="string" refid="b12c5fb1-4355-4664-b354-d60bb7efe46e"/><TYPE_MODIFIER humanName="Type Modifier" mode="e"/><upper humanName="Upper">1</upper><upperValue classType="LiteralUnlimitedNatural" humanName="Upper Value" humanType="Literal Unlimited Natural" icon="MTConnectAssets_files/icon_literalunlimitednatural_919671508.svg" name="1" refid="d12442b4-61f1-4268-8dd4-83435c08de4a" text="1"/><visibility humanName="Visibility" mode="e">public</visibility><appearsIn><diagram classType="Diagram" humanType="Diagram" icon="MTConnectAssets_files/icon_SysML Block Definition Diagram_378716347.svg" name="CuttingToolModel" refid="ddd06d83-5c7d-453e-8f76-d5a5071cc7af"/></appearsIn></valueproperty></magicdraw>