<?xml version="1.0" encoding="UTF-8"?><magicdraw><enumeration classType="Enumeration" humanType="Enumeration" icon="MTConnectAssets_files/icon_enumeration_1832284192.svg" id="1acc1d7a-df76-431a-8029-a4574e187c3d"><UMLClass classType="Class" humanName="Class" humanType="Block" icon="MTConnectAssets_files/icon_block_1651251671.svg" name="MaterialType" refid="9a6f7082-31eb-4677-892a-a3c8730bce20"/><documentation humanName="Documentation"/><effectiveIRI humanName="Effective IRI"/><isAbstract humanName="Is Abstract" mode="e">false</isAbstract><isFinalSpecialization humanName="Is Final Specialization" mode="e">false</isFinalSpecialization><isLeaf humanName="Is Leaf" mode="e">false</isLeaf><member humanName="Member"><enumerationliteral classType="EnumerationLiteral" humanType="Enumeration Literal" icon="MTConnectAssets_files/icon_enumerationliteral_1191775513.svg" name="BAR_STOCK" refid="f95373f7-2ffd-4055-a2be-5f0271c60f8b"/><enumerationliteral classType="EnumerationLiteral" humanType="Enumeration Literal" icon="MTConnectAssets_files/icon_enumerationliteral_1191775513.svg" name="CASTING" refid="f5642e04-fe0e-4a52-98b4-b315b1c9c35b"/><enumerationliteral classType="EnumerationLiteral" humanType="Enumeration Literal" icon="MTConnectAssets_files/icon_enumerationliteral_1191775513.svg" name="FILAMENT" refid="198cfc85-2b6d-48b5-a5d7-4aa4f64134f1"/><enumerationliteral classType="EnumerationLiteral" humanType="Enumeration Literal" icon="MTConnectAssets_files/icon_enumerationliteral_1191775513.svg" name="FORGING" refid="74c9a6c6-f547-4bb4-af10-a45816d48db5"/><enumerationliteral classType="EnumerationLiteral" humanType="Enumeration Literal" icon="MTConnectAssets_files/icon_enumerationliteral_1191775513.svg" name="LIQUID" refid="5b67746c-02aa-40d8-840b-4875fc12167d"/><enumerationliteral classType="EnumerationLiteral" humanType="Enumeration Literal" icon="MTConnectAssets_files/icon_enumerationliteral_1191775513.svg" name="POWDER" refid="679fed9d-7976-4781-9363-2f1afdfb3a48"/><enumerationliteral classType="EnumerationLiteral" humanType="Enumeration Literal" icon="MTConnectAssets_files/icon_enumerationliteral_1191775513.svg" name="ROD" refid="309e3bdf-be5c-46c5-9397-7ab02c4986be"/><enumerationliteral classType="EnumerationLiteral" humanType="Enumeration Literal" icon="MTConnectAssets_files/icon_enumerationliteral_1191775513.svg" name="SHEET" refid="44314b0f-62ec-47a1-a87d-5b21cbd335bb"/></member><name humanName="Name" mode="s,e">SourceType</name><namespace classType="Class" humanName="Namespace" humanType="Block" icon="MTConnectAssets_files/icon_block_1651251671.svg" name="MaterialType" refid="9a6f7082-31eb-4677-892a-a3c8730bce20"/><ownedElement humanName="Owned Element"><enumerationliteral classType="EnumerationLiteral" humanType="Enumeration Literal" icon="MTConnectAssets_files/icon_enumerationliteral_1191775513.svg" name="BAR_STOCK" refid="f95373f7-2ffd-4055-a2be-5f0271c60f8b"/><enumerationliteral classType="EnumerationLiteral" humanType="Enumeration Literal" icon="MTConnectAssets_files/icon_enumerationliteral_1191775513.svg" name="CASTING" refid="f5642e04-fe0e-4a52-98b4-b315b1c9c35b"/><enumerationliteral classType="EnumerationLiteral" humanType="Enumeration Literal" icon="MTConnectAssets_files/icon_enumerationliteral_1191775513.svg" name="FILAMENT" refid="198cfc85-2b6d-48b5-a5d7-4aa4f64134f1"/><enumerationliteral classType="EnumerationLiteral" humanType="Enumeration Literal" icon="MTConnectAssets_files/icon_enumerationliteral_1191775513.svg" name="FORGING" refid="74c9a6c6-f547-4bb4-af10-a45816d48db5"/><enumerationliteral classType="EnumerationLiteral" humanType="Enumeration Literal" icon="MTConnectAssets_files/icon_enumerationliteral_1191775513.svg" name="LIQUID" refid="5b67746c-02aa-40d8-840b-4875fc12167d"/><enumerationliteral classType="EnumerationLiteral" humanType="Enumeration Literal" icon="MTConnectAssets_files/icon_enumerationliteral_1191775513.svg" name="POWDER" refid="679fed9d-7976-4781-9363-2f1afdfb3a48"/><enumerationliteral classType="EnumerationLiteral" humanType="Enumeration Literal" icon="MTConnectAssets_files/icon_enumerationliteral_1191775513.svg" name="ROD" refid="309e3bdf-be5c-46c5-9397-7ab02c4986be"/><enumerationliteral classType="EnumerationLiteral" humanType="Enumeration Literal" icon="MTConnectAssets_files/icon_enumerationliteral_1191775513.svg" name="SHEET" refid="44314b0f-62ec-47a1-a87d-5b21cbd335bb"/></ownedElement><ownedLiteral humanName="Owned Literal"><enumerationliteral classType="EnumerationLiteral" humanType="Enumeration Literal" icon="MTConnectAssets_files/icon_enumerationliteral_1191775513.svg" name="BAR_STOCK" refid="f95373f7-2ffd-4055-a2be-5f0271c60f8b"/><enumerationliteral classType="EnumerationLiteral" humanType="Enumeration Literal" icon="MTConnectAssets_files/icon_enumerationliteral_1191775513.svg" name="CASTING" refid="f5642e04-fe0e-4a52-98b4-b315b1c9c35b"/><enumerationliteral classType="EnumerationLiteral" humanType="Enumeration Literal" icon="MTConnectAssets_files/icon_enumerationliteral_1191775513.svg" name="FILAMENT" refid="198cfc85-2b6d-48b5-a5d7-4aa4f64134f1"/><enumerationliteral classType="EnumerationLiteral" humanType="Enumeration Literal" icon="MTConnectAssets_files/icon_enumerationliteral_1191775513.svg" name="FORGING" refid="74c9a6c6-f547-4bb4-af10-a45816d48db5"/><enumerationliteral classType="EnumerationLiteral" humanType="Enumeration Literal" icon="MTConnectAssets_files/icon_enumerationliteral_1191775513.svg" name="LIQUID" refid="5b67746c-02aa-40d8-840b-4875fc12167d"/><enumerationliteral classType="EnumerationLiteral" humanType="Enumeration Literal" icon="MTConnectAssets_files/icon_enumerationliteral_1191775513.svg" name="POWDER" refid="679fed9d-7976-4781-9363-2f1afdfb3a48"/><enumerationliteral classType="EnumerationLiteral" humanType="Enumeration Literal" icon="MTConnectAssets_files/icon_enumerationliteral_1191775513.svg" name="ROD" refid="309e3bdf-be5c-46c5-9397-7ab02c4986be"/><enumerationliteral classType="EnumerationLiteral" humanType="Enumeration Literal" icon="MTConnectAssets_files/icon_enumerationliteral_1191775513.svg" name="SHEET" refid="44314b0f-62ec-47a1-a87d-5b21cbd335bb"/></ownedLiteral><ownedMember humanName="Owned Member"><enumerationliteral classType="EnumerationLiteral" humanType="Enumeration Literal" icon="MTConnectAssets_files/icon_enumerationliteral_1191775513.svg" name="BAR_STOCK" refid="f95373f7-2ffd-4055-a2be-5f0271c60f8b"/><enumerationliteral classType="EnumerationLiteral" humanType="Enumeration Literal" icon="MTConnectAssets_files/icon_enumerationliteral_1191775513.svg" name="CASTING" refid="f5642e04-fe0e-4a52-98b4-b315b1c9c35b"/><enumerationliteral classType="EnumerationLiteral" humanType="Enumeration Literal" icon="MTConnectAssets_files/icon_enumerationliteral_1191775513.svg" name="FILAMENT" refid="198cfc85-2b6d-48b5-a5d7-4aa4f64134f1"/><enumerationliteral classType="EnumerationLiteral" humanType="Enumeration Literal" icon="MTConnectAssets_files/icon_enumerationliteral_1191775513.svg" name="FORGING" refid="74c9a6c6-f547-4bb4-af10-a45816d48db5"/><enumerationliteral classType="EnumerationLiteral" humanType="Enumeration Literal" icon="MTConnectAssets_files/icon_enumerationliteral_1191775513.svg" name="LIQUID" refid="5b67746c-02aa-40d8-840b-4875fc12167d"/><enumerationliteral classType="EnumerationLiteral" humanType="Enumeration Literal" icon="MTConnectAssets_files/icon_enumerationliteral_1191775513.svg" name="POWDER" refid="679fed9d-7976-4781-9363-2f1afdfb3a48"/><enumerationliteral classType="EnumerationLiteral" humanType="Enumeration Literal" icon="MTConnectAssets_files/icon_enumerationliteral_1191775513.svg" name="ROD" refid="309e3bdf-be5c-46c5-9397-7ab02c4986be"/><enumerationliteral classType="EnumerationLiteral" humanType="Enumeration Literal" icon="MTConnectAssets_files/icon_enumerationliteral_1191775513.svg" name="SHEET" refid="44314b0f-62ec-47a1-a87d-5b21cbd335bb"/></ownedMember><owner classType="Class" humanName="Owner" humanType="Block" icon="MTConnectAssets_files/icon_block_1651251671.svg" mode="s,e" name="MaterialType" refid="9a6f7082-31eb-4677-892a-a3c8730bce20"/><qualifiedName humanName="Qualified Name" mode="e">Asset::PartsProcesses::DataItems::PartCharacteristics::MaterialType::SourceType</qualifiedName><redefinitionContext humanName="Redefinition Context"><block classType="Class" humanType="Block" icon="MTConnectAssets_files/icon_block_1651251671.svg" name="MaterialType" refid="9a6f7082-31eb-4677-892a-a3c8730bce20"/></redefinitionContext><TO_DO humanName="To Do" mode="s,e"/><visibility humanName="Visibility">public</visibility></enumeration></magicdraw>