<?xml version="1.0" encoding="UTF-8"?><magicdraw><property classType="Property" humanType="Property" icon="MTConnectAssets_files/icon_property_627361964.svg" id="1b3b79bc-1c88-48ca-87ff-e9f070c2858f"><aggregation humanName="Aggregation" mode="s,e">none</aggregation><association classType="Association" humanName="Association" humanType="Association" icon="MTConnectAssets_files/icon_association_577959044.svg" isRelationship="true" name="Assets" refid="99d34d6e-ab8c-415c-99b2-71cc6995d6c7"/><documentation humanName="Documentation"/><effectiveIRI humanName="Effective IRI"/><featuringClassifier classType="Association" humanName="Featuring Classifier" humanType="Association" icon="MTConnectAssets_files/icon_association_577959044.svg" isRelationship="true" name="Assets" refid="99d34d6e-ab8c-415c-99b2-71cc6995d6c7"/><isComposite humanName="Is Composite">false</isComposite><isDerived humanName="Is Derived" mode="s,e">false</isDerived><isDerivedUnion humanName="Is Derived Union" mode="e">false</isDerivedUnion><isID humanName="Is ID" mode="e">false</isID><isLeaf humanName="Is Leaf">false</isLeaf><isOrdered humanName="Is Ordered" mode="e">false</isOrdered><isReadOnly humanName="Is Read Only" mode="s,e">false</isReadOnly><isStatic humanName="Is Static" mode="s,e">false</isStatic><isUnique humanName="Is Unique" mode="e">true</isUnique><lower humanName="Lower">1</lower><multiplicity humanName="Multiplicity" mode="s,e"/><multiplicity humanName="Multiplicity" mode="s,e"/><name humanName="Name" mode="s,e"/><namespace classType="Association" humanName="Namespace" humanType="Association" icon="MTConnectAssets_files/icon_association_577959044.svg" isRelationship="true" name="Assets" refid="99d34d6e-ab8c-415c-99b2-71cc6995d6c7"/><navigable humanName="Navigable">false</navigable><opposite classType="Property" humanName="Opposite" humanType="Reference Property" icon="MTConnectAssets_files/icon_referenceproperty_151450878.svg" name="hasAsset" refid="e054a80a-5656-440c-acc3-c1212787c52f"/><ownedBy classType="Association" humanName="Owned By" humanType="Association" icon="MTConnectAssets_files/icon_association_577959044.svg" isRelationship="true" name="Assets" refid="99d34d6e-ab8c-415c-99b2-71cc6995d6c7"/><owner classType="Association" humanName="Owner" humanType="Association" icon="MTConnectAssets_files/icon_association_577959044.svg" isRelationship="true" name="Assets" refid="99d34d6e-ab8c-415c-99b2-71cc6995d6c7"/><owningAssociation classType="Association" humanName="Owning Association" humanType="Association" icon="MTConnectAssets_files/icon_association_577959044.svg" isRelationship="true" name="Assets" refid="99d34d6e-ab8c-415c-99b2-71cc6995d6c7"/><qualifiedName humanName="Qualified Name" mode="e">Asset::Assets::</qualifiedName><redefinitionContext humanName="Redefinition Context"><association classType="Association" humanType="Association" icon="MTConnectAssets_files/icon_association_577959044.svg" isRelationship="true" name="Assets" refid="99d34d6e-ab8c-415c-99b2-71cc6995d6c7"/></redefinitionContext><TO_DO humanName="To Do" mode="s,e"/><type classType="Class" humanName="Type" humanType="Block" icon="MTConnectAssets_files/icon_block_1651251671.svg" mode="s,e" name="MTConnectAssets" refid="3b957fe6-441b-438c-9214-0365ada1ebc5"/><TYPE_MODIFIER humanName="Type Modifier" mode="e"/><upper humanName="Upper">1</upper><visibility humanName="Visibility" mode="e">public</visibility></property></magicdraw>