<?xml version="1.0" encoding="UTF-8"?><magicdraw><literalunlimitednatural classType="LiteralUnlimitedNatural" humanType="Literal Unlimited Natural" icon="MTConnectAssets_files/icon_literalunlimitednatural_919671508.svg" id="1b7e6309-f2c8-4440-9a0d-5ce47917a4ee"><documentation humanName="Documentation"/><name humanName="Name"/><owner classType="Property" humanName="Owner" humanType="Reference Property" icon="MTConnectAssets_files/icon_referenceproperty_151450878.svg" mode="e" name="characteristics" refid="a63a7241-e677-4801-a400-4b2424494175"/><owningUpper classType="Property" humanName="Owning Upper" humanType="Reference Property" icon="MTConnectAssets_files/icon_referenceproperty_151450878.svg" name="characteristics" refid="a63a7241-e677-4801-a400-4b2424494175"/><qualifiedName humanName="Qualified Name">Asset::PartsProcesses::PartArchetype::characteristics::</qualifiedName><text humanName="Text" mode="standard">*</text><TO_DO humanName="To Do"/><TYPE_MODIFIER humanName="Type Modifier"/><value humanName="Value" mode="s,e">-1</value><visibility humanName="Visibility">public</visibility></literalunlimitednatural></magicdraw>