<?xml version="1.0" encoding="UTF-8"?><magicdraw><property classType="Property" humanType="Property" icon="MTConnectAssets_files/icon_property_627361964.svg" id="1b7f96e1-f380-44aa-843f-22a6b127b20b"><aggregation humanName="Aggregation" mode="s,e">none</aggregation><UMLClass classType="Class" humanName="Class" humanType="Class" icon="MTConnectAssets_files/icon_class_1682619279.svg" name="HardnessType" refid="bcfca944-4b70-4b1c-9e52-45a486ff2dea"/><classifier classType="Class" humanName="Classifier" humanType="Class" icon="MTConnectAssets_files/icon_class_1682619279.svg" name="HardnessType" refid="bcfca944-4b70-4b1c-9e52-45a486ff2dea"/><defaultValue classType="InstanceValue" humanName="Default Value" humanType="Instance Value" icon="MTConnectAssets_files/icon_instancevalue_791667808.svg" mode="s,e" name="ROCKWELL" refid="3af0320b-7d19-410f-9cd1-fe963c7d98a1" text="ROCKWELL"/><documentation humanName="Documentation"/><effectiveIRI humanName="Effective IRI"/><featuringClassifier classType="Class" humanName="Featuring Classifier" humanType="Class" icon="MTConnectAssets_files/icon_class_1682619279.svg" name="HardnessType" refid="bcfca944-4b70-4b1c-9e52-45a486ff2dea"/><isComposite humanName="Is Composite">false</isComposite><isDerived humanName="Is Derived" mode="s,e">false</isDerived><isDerivedUnion humanName="Is Derived Union" mode="e">false</isDerivedUnion><isID humanName="Is ID" mode="e">false</isID><isLeaf humanName="Is Leaf">false</isLeaf><isOrdered humanName="Is Ordered" mode="e">false</isOrdered><isReadOnly humanName="Is Read Only" mode="s,e">false</isReadOnly><isStatic humanName="Is Static" mode="s,e">false</isStatic><isUnique humanName="Is Unique" mode="e">true</isUnique><lower humanName="Lower">0</lower><lowerValue classType="LiteralInteger" humanName="Lower Value" humanType="Literal Integer" icon="MTConnectAssets_files/icon_literalinteger_922180500.svg" name="0" refid="d7c97793-020d-4e38-bb7d-de9ca8b38324" text="0"/><multiplicity humanName="Multiplicity" mode="s,e">0..1</multiplicity><multiplicity humanName="Multiplicity" mode="s,e">0..1</multiplicity><name humanName="Name" mode="s,e">scale</name><namespace classType="Class" humanName="Namespace" humanType="Class" icon="MTConnectAssets_files/icon_class_1682619279.svg" name="HardnessType" refid="bcfca944-4b70-4b1c-9e52-45a486ff2dea"/><navigable humanName="Navigable">true</navigable><ownedBy classType="Class" humanName="Owned By" humanType="Class" icon="MTConnectAssets_files/icon_class_1682619279.svg" name="HardnessType" refid="bcfca944-4b70-4b1c-9e52-45a486ff2dea"/><ownedElement humanName="Owned Element"><literalinteger classType="LiteralInteger" humanType="Literal Integer" icon="MTConnectAssets_files/icon_literalinteger_922180500.svg" name="0" refid="d7c97793-020d-4e38-bb7d-de9ca8b38324" text="0"/><literalunlimitednatural classType="LiteralUnlimitedNatural" humanType="Literal Unlimited Natural" icon="MTConnectAssets_files/icon_literalunlimitednatural_919671508.svg" name="1" refid="545e7225-7ce4-4315-99fa-1c09af1222be" text="1"/><instancevalue classType="InstanceValue" humanType="Instance Value" icon="MTConnectAssets_files/icon_instancevalue_791667808.svg" name="ROCKWELL" refid="3af0320b-7d19-410f-9cd1-fe963c7d98a1" text="ROCKWELL"/></ownedElement><owner classType="Class" humanName="Owner" humanType="Class" icon="MTConnectAssets_files/icon_class_1682619279.svg" name="HardnessType" refid="bcfca944-4b70-4b1c-9e52-45a486ff2dea"/><qualifiedName humanName="Qualified Name" mode="e">Asset::PartsProcesses::DataItems::PartCharacteristics::MaterialType::HardnessType::scale</qualifiedName><redefinitionContext humanName="Redefinition Context"><class classType="Class" humanType="Class" icon="MTConnectAssets_files/icon_class_1682619279.svg" name="HardnessType" refid="bcfca944-4b70-4b1c-9e52-45a486ff2dea"/></redefinitionContext><TO_DO humanName="To Do" mode="s,e"/><type classType="Enumeration" humanName="Type" humanType="Enumeration" icon="MTConnectAssets_files/icon_enumeration_1832284192.svg" mode="s,e" name="HardnessScale" refid="85e9d324-b8b8-479e-b589-95ac5c3c7311"/><TYPE_MODIFIER humanName="Type Modifier" mode="e"/><upper humanName="Upper">1</upper><upperValue classType="LiteralUnlimitedNatural" humanName="Upper Value" humanType="Literal Unlimited Natural" icon="MTConnectAssets_files/icon_literalunlimitednatural_919671508.svg" name="1" refid="545e7225-7ce4-4315-99fa-1c09af1222be" text="1"/></property></magicdraw>