<?xml version="1.0" encoding="UTF-8"?><magicdraw><instancespecification classType="InstanceSpecification" humanType="Instance Specification" icon="MTConnectAssets_files/icon_instancespecification_13643661.svg" id="1ce9cbbb-6bb8-4cad-86b5-29fda6b2e318"><classifier humanName="Classifier" mode="s,e"><stereotype classType="Stereotype" humanType="Stereotype" icon="MTConnectAssets_files/icon_stereotype_918307166.svg" name="Literal Annotation" refid="27da4e70-0012-4d27-82d7-37552b850484"/></classifier><documentation humanName="Documentation"/><name humanName="Name" mode="s,e"/><owner classType="Comment" humanName="Owner" humanType="Comment" icon="MTConnectAssets_files/icon_comment_1043177908.svg" mode="s,e" refid="a63d9899-78e8-4588-908c-7aaf1858c6bd"/><qualifiedName humanName="Qualified Name" mode="e"/><stereotypedElement classType="Comment" humanName="Stereotyped Element" humanType="Comment" icon="MTConnectAssets_files/icon_comment_1043177908.svg" refid="a63d9899-78e8-4588-908c-7aaf1858c6bd"/><TO_DO humanName="To Do" mode="s,e"/><visibility humanName="Visibility">public</visibility></instancespecification></magicdraw>