<?xml version="1.0" encoding="UTF-8"?><magicdraw><literalinteger classType="LiteralInteger" humanType="Literal Integer" icon="MTConnectAssets_files/icon_literalinteger_922180500.svg" id="1d2c3992-35a1-4a40-8550-fb3c6c9111cd"><documentation humanName="Documentation"/><name humanName="Name"/><owner classType="Property" humanName="Owner" humanType="Property" icon="MTConnectAssets_files/icon_property_627361964.svg" mode="e" name="Hardness" refid="3f64da32-4d85-4bb4-9041-a2037abeae87"/><owningLower classType="Property" humanName="Owning Lower" humanType="Property" icon="MTConnectAssets_files/icon_property_627361964.svg" name="Hardness" refid="3f64da32-4d85-4bb4-9041-a2037abeae87"/><qualifiedName humanName="Qualified Name">Asset::PartsProcesses::DataItems::PartCharacteristics::MaterialType::Hardness::</qualifiedName><text humanName="Text" mode="standard">0</text><TO_DO humanName="To Do"/><TYPE_MODIFIER humanName="Type Modifier"/><value humanName="Value" mode="s,e">0</value><visibility humanName="Visibility">public</visibility></literalinteger></magicdraw>