<?xml version="1.0" encoding="UTF-8"?><magicdraw><package classType="Package" humanType="Package" icon="MTConnectAssets_files/icon_package_1622863652.svg" id="1e2ca153-69cf-4636-a5d2-571e323348f5"><documentation humanName="Documentation" mode="standard">The \gls{cuttingtool} \gls{information model} illustrated in \fig{cuttingtool-schema} has the identical structure as the \gls{cuttingtoolarchetype} \gls{information model} except for the XML element \gls{cuttingtooldefinition} that has been \DEPRECATED in the \gls{cuttingtool} schema.</documentation><member humanName="Member"><valuetype classType="Enumeration" humanType="Value Type" icon="MTConnectAssets_files/icon_valuetype_1006927239.svg" name="CodeEnum" refid="ac78b8ca-262b-44cd-829c-a83b79aca3dc"/><valuetype classType="Enumeration" humanType="Value Type" icon="MTConnectAssets_files/icon_valuetype_1006927239.svg" name="CountDirectionType" refid="069ca52c-fc31-4ade-b84d-2ddb5d934d83"/><association classType="Association" humanType="Association" icon="MTConnectAssets_files/icon_association_1240125658.svg" isRelationship="true" name="CutterStatus" refid="3dde87a4-3dfd-4468-a84e-677ade84a3be"/><association classType="Association" humanType="Association" icon="MTConnectAssets_files/icon_association_1240125658.svg" isRelationship="true" name="CutterStatus" refid="68d0de5f-0e5d-4032-bc95-801831627dc6"/><valuetype classType="Enumeration" humanType="Value Type" icon="MTConnectAssets_files/icon_valuetype_1006927239.svg" name="CutterStatusType" refid="70b07129-3157-4bd3-a7cb-a7d2ec4204ce"/><package classType="Package" humanType="Package" icon="MTConnectAssets_files/icon_package_1622863652.svg" name="CuttingItem" refid="c0e2f2c2-c8b4-4427-b8d2-ac774f2e1938"/><block classType="Class" humanType="Block" icon="MTConnectAssets_files/icon_block_1271079013.svg" name="CuttingTool" refid="c4f70e71-83a8-4771-83e9-6e4f81d0dbfb"/><block classType="Class" humanType="Block" icon="MTConnectAssets_files/icon_block_1271079013.svg" name="CuttingToolArchetype" refid="57161282-2419-443b-8aac-c274bc0d6526"/><association classType="Association" humanType="Association" icon="MTConnectAssets_files/icon_association_1240125658.svg" isRelationship="true" name="CuttingToolArchetypeReference" refid="6e1b904d-61f8-466e-8376-0c22f7bd45f6"/><block classType="Class" humanType="Block" icon="MTConnectAssets_files/icon_block_1271079013.svg" name="CuttingToolArchetypeReference" refid="b26bc64f-20be-4978-a6a9-3b6898022137"/><association classType="Association" humanType="Association" icon="MTConnectAssets_files/icon_association_1240125658.svg" isRelationship="true" name="CuttingToolDefinition" refid="ff8cf09f-459f-47f0-bc4c-aba5f90ec1ab"/><association classType="Association" humanType="Association" icon="MTConnectAssets_files/icon_association_1240125658.svg" isRelationship="true" name="CuttingToolDefinition" refid="87c5d3e2-ba8e-487c-a71e-1d2788016476"/><block classType="Class" humanType="Block" icon="MTConnectAssets_files/icon_block_1271079013.svg" name="CuttingToolDefinition" refid="df3c49e8-3da7-4f10-bd1a-9bbfb600aa26"/><association classType="Association" humanType="Association" icon="MTConnectAssets_files/icon_association_1240125658.svg" isRelationship="true" name="CuttingToolLifeCycle" refid="2e46f70c-8c3c-4a6f-bae0-5f514a0ad9e3"/><association classType="Association" humanType="Association" icon="MTConnectAssets_files/icon_association_1240125658.svg" isRelationship="true" name="CuttingToolLifeCycle" refid="f3a764c5-281d-41da-b90b-b6de984b9ad6"/><block classType="Class" humanType="Block" icon="MTConnectAssets_files/icon_block_1271079013.svg" name="CuttingToolLifeCycle" refid="be01f8a1-6645-424a-92cf-c1756524a031"/><diagram classType="Diagram" humanType="Diagram" icon="MTConnectAssets_files/icon_SysML Block Definition Diagram_378716347.svg" name="CuttingToolLifeCycleModel" refid="ee864f60-1bb3-4e13-9955-1180841334a9"/><diagram classType="Diagram" humanType="Diagram" icon="MTConnectAssets_files/icon_SysML Block Definition Diagram_378716347.svg" name="CuttingToolModel" refid="ddd06d83-5c7d-453e-8f76-d5a5071cc7af"/><association classType="Association" humanType="Association" icon="MTConnectAssets_files/icon_association_1240125658.svg" isRelationship="true" name="Location" refid="ef3d694f-6db9-4ad8-9529-50677dcddd79"/><block classType="Class" humanType="Block" icon="MTConnectAssets_files/icon_block_1271079013.svg" name="Location" refid="e7ee6f97-398d-4fe7-b12a-3c033882a5e2"/><valuetype classType="Enumeration" humanType="Value Type" icon="MTConnectAssets_files/icon_valuetype_1006927239.svg" name="LocationType" refid="7a9f35c4-8208-4777-b0bd-56b94aa663ea"/><block classType="Class" humanType="Block" icon="MTConnectAssets_files/icon_block_1271079013.svg" name="Measurement" refid="9d96f557-336e-4a28-a1be-8fc1e3637a8a"/><package classType="Package" humanType="Package" icon="MTConnectAssets_files/icon_package_1622863652.svg" name="Measurement Subtypes" refid="b715937e-eb48-4221-a257-eb38757ad35d"/><association classType="Association" humanType="Association" icon="MTConnectAssets_files/icon_association_1240125658.svg" isRelationship="true" name="Measurements" refid="caae4745-90c2-421a-886c-6d1a1a9f8226"/><association classType="Association" humanType="Association" icon="MTConnectAssets_files/icon_association_1240125658.svg" isRelationship="true" name="ProcessFeedRate" refid="ddf9b246-aaf2-4e73-be90-0c0df2da985f"/><block classType="Class" humanType="Block" icon="MTConnectAssets_files/icon_block_1271079013.svg" name="ProcessFeedRate" refid="4482a5f1-cb26-4f7a-9712-7380f3bc0f82"/><association classType="Association" humanType="Association" icon="MTConnectAssets_files/icon_association_1240125658.svg" isRelationship="true" name="ProcessSpindleSpeed" refid="d14ea3c4-a562-4bdb-8683-6de055d008b4"/><block classType="Class" humanType="Block" icon="MTConnectAssets_files/icon_block_1271079013.svg" name="ProcessSpindleSpeed" refid="365a63a0-ae81-400c-a482-04f847a4cdb8"/><association classType="Association" humanType="Association" icon="MTConnectAssets_files/icon_association_1240125658.svg" isRelationship="true" name="ReconditionCount" refid="314726c6-34d6-4779-8b28-1f5059e5b7d2"/><block classType="Class" humanType="Block" icon="MTConnectAssets_files/icon_block_1271079013.svg" name="ReconditionCount" refid="bfff5afc-f033-4a48-9c78-893ce92cb885"/><block classType="Class" humanType="Block" icon="MTConnectAssets_files/icon_block_1271079013.svg" name="Status" refid="e5d7ef17-4350-4d94-a851-c4afd5741fc0"/><association classType="Association" humanType="Association" icon="MTConnectAssets_files/icon_association_1240125658.svg" isRelationship="true" name="ToolLife" refid="41702562-97de-427b-acff-f20130b388cc"/><association classType="Association" humanType="Association" icon="MTConnectAssets_files/icon_association_1240125658.svg" isRelationship="true" name="ToolLife" refid="8f1f28fb-c23b-4e47-987c-ba9485ed6440"/><association classType="Association" humanType="Association" icon="MTConnectAssets_files/icon_association_1240125658.svg" isRelationship="true" name="ToolLife" refid="ff085d52-a792-4b68-a9ba-a2b5073f7c46"/><block classType="Class" humanType="Block" icon="MTConnectAssets_files/icon_block_1271079013.svg" name="ToolLife" refid="e1c9944c-c2e2-4e39-9b05-f862314aee49"/><association classType="Association" humanType="Association" icon="MTConnectAssets_files/icon_association_1240125658.svg" isRelationship="true" name="value" refid="7eeea438-bb0b-43ac-988f-f5405c1baad4"/></member><name humanName="Name" mode="s,e">CuttingTool</name><namespace classType="Package" humanName="Namespace" humanType="Package" icon="MTConnectAssets_files/icon_package_1622863652.svg" name="Asset" refid="90f9f8f8-d243-4969-a48a-bdac168084ca"/><nestedPackage humanName="Nested Package"><package classType="Package" humanType="Package" icon="MTConnectAssets_files/icon_package_1622863652.svg" name="CuttingItem" refid="c0e2f2c2-c8b4-4427-b8d2-ac774f2e1938"/><package classType="Package" humanType="Package" icon="MTConnectAssets_files/icon_package_1622863652.svg" name="Measurement Subtypes" refid="b715937e-eb48-4221-a257-eb38757ad35d"/></nestedPackage><nestingPackage classType="Package" humanName="Nesting Package" humanType="Package" icon="MTConnectAssets_files/icon_package_1622863652.svg" name="Asset" refid="90f9f8f8-d243-4969-a48a-bdac168084ca"/><ownedComment humanName="Owned Comment"><comment classType="Comment" humanType="Comment" icon="MTConnectAssets_files/icon_comment_1043177908.svg" refid="9ce2a6ea-d7c9-4e31-8fd6-3dba8a3819f7"/></ownedComment><ownedDiagram humanName="Owned Diagram"><diagram classType="Diagram" humanType="Diagram" icon="MTConnectAssets_files/icon_SysML Block Definition Diagram_378716347.svg" name="CuttingToolLifeCycleModel" refid="ee864f60-1bb3-4e13-9955-1180841334a9"/><diagram classType="Diagram" humanType="Diagram" icon="MTConnectAssets_files/icon_SysML Block Definition Diagram_378716347.svg" name="CuttingToolModel" refid="ddd06d83-5c7d-453e-8f76-d5a5071cc7af"/></ownedDiagram><ownedElement humanName="Owned Element"><comment classType="Comment" humanType="Comment" icon="MTConnectAssets_files/icon_comment_1043177908.svg" refid="9ce2a6ea-d7c9-4e31-8fd6-3dba8a3819f7"/><valuetype classType="Enumeration" humanType="Value Type" icon="MTConnectAssets_files/icon_valuetype_1006927239.svg" name="CodeEnum" refid="ac78b8ca-262b-44cd-829c-a83b79aca3dc"/><valuetype classType="Enumeration" humanType="Value Type" icon="MTConnectAssets_files/icon_valuetype_1006927239.svg" name="CountDirectionType" refid="069ca52c-fc31-4ade-b84d-2ddb5d934d83"/><association classType="Association" humanType="Association" icon="MTConnectAssets_files/icon_association_1240125658.svg" isRelationship="true" name="CutterStatus" refid="3dde87a4-3dfd-4468-a84e-677ade84a3be"/><association classType="Association" humanType="Association" icon="MTConnectAssets_files/icon_association_1240125658.svg" isRelationship="true" name="CutterStatus" refid="68d0de5f-0e5d-4032-bc95-801831627dc6"/><valuetype classType="Enumeration" humanType="Value Type" icon="MTConnectAssets_files/icon_valuetype_1006927239.svg" name="CutterStatusType" refid="70b07129-3157-4bd3-a7cb-a7d2ec4204ce"/><package classType="Package" humanType="Package" icon="MTConnectAssets_files/icon_package_1622863652.svg" name="CuttingItem" refid="c0e2f2c2-c8b4-4427-b8d2-ac774f2e1938"/><block classType="Class" humanType="Block" icon="MTConnectAssets_files/icon_block_1271079013.svg" name="CuttingTool" refid="c4f70e71-83a8-4771-83e9-6e4f81d0dbfb"/><block classType="Class" humanType="Block" icon="MTConnectAssets_files/icon_block_1271079013.svg" name="CuttingToolArchetype" refid="57161282-2419-443b-8aac-c274bc0d6526"/><association classType="Association" humanType="Association" icon="MTConnectAssets_files/icon_association_1240125658.svg" isRelationship="true" name="CuttingToolArchetypeReference" refid="6e1b904d-61f8-466e-8376-0c22f7bd45f6"/><block classType="Class" humanType="Block" icon="MTConnectAssets_files/icon_block_1271079013.svg" name="CuttingToolArchetypeReference" refid="b26bc64f-20be-4978-a6a9-3b6898022137"/><association classType="Association" humanType="Association" icon="MTConnectAssets_files/icon_association_1240125658.svg" isRelationship="true" name="CuttingToolDefinition" refid="ff8cf09f-459f-47f0-bc4c-aba5f90ec1ab"/><association classType="Association" humanType="Association" icon="MTConnectAssets_files/icon_association_1240125658.svg" isRelationship="true" name="CuttingToolDefinition" refid="87c5d3e2-ba8e-487c-a71e-1d2788016476"/><block classType="Class" humanType="Block" icon="MTConnectAssets_files/icon_block_1271079013.svg" name="CuttingToolDefinition" refid="df3c49e8-3da7-4f10-bd1a-9bbfb600aa26"/><association classType="Association" humanType="Association" icon="MTConnectAssets_files/icon_association_1240125658.svg" isRelationship="true" name="CuttingToolLifeCycle" refid="2e46f70c-8c3c-4a6f-bae0-5f514a0ad9e3"/><association classType="Association" humanType="Association" icon="MTConnectAssets_files/icon_association_1240125658.svg" isRelationship="true" name="CuttingToolLifeCycle" refid="f3a764c5-281d-41da-b90b-b6de984b9ad6"/><block classType="Class" humanType="Block" icon="MTConnectAssets_files/icon_block_1271079013.svg" name="CuttingToolLifeCycle" refid="be01f8a1-6645-424a-92cf-c1756524a031"/><diagram classType="Diagram" humanType="Diagram" icon="MTConnectAssets_files/icon_SysML Block Definition Diagram_378716347.svg" name="CuttingToolLifeCycleModel" refid="ee864f60-1bb3-4e13-9955-1180841334a9"/><diagram classType="Diagram" humanType="Diagram" icon="MTConnectAssets_files/icon_SysML Block Definition Diagram_378716347.svg" name="CuttingToolModel" refid="ddd06d83-5c7d-453e-8f76-d5a5071cc7af"/><association classType="Association" humanType="Association" icon="MTConnectAssets_files/icon_association_1240125658.svg" isRelationship="true" name="Location" refid="ef3d694f-6db9-4ad8-9529-50677dcddd79"/><block classType="Class" humanType="Block" icon="MTConnectAssets_files/icon_block_1271079013.svg" name="Location" refid="e7ee6f97-398d-4fe7-b12a-3c033882a5e2"/><valuetype classType="Enumeration" humanType="Value Type" icon="MTConnectAssets_files/icon_valuetype_1006927239.svg" name="LocationType" refid="7a9f35c4-8208-4777-b0bd-56b94aa663ea"/><block classType="Class" humanType="Block" icon="MTConnectAssets_files/icon_block_1271079013.svg" name="Measurement" refid="9d96f557-336e-4a28-a1be-8fc1e3637a8a"/><package classType="Package" humanType="Package" icon="MTConnectAssets_files/icon_package_1622863652.svg" name="Measurement Subtypes" refid="b715937e-eb48-4221-a257-eb38757ad35d"/><association classType="Association" humanType="Association" icon="MTConnectAssets_files/icon_association_1240125658.svg" isRelationship="true" name="Measurements" refid="caae4745-90c2-421a-886c-6d1a1a9f8226"/><association classType="Association" humanType="Association" icon="MTConnectAssets_files/icon_association_1240125658.svg" isRelationship="true" name="ProcessFeedRate" refid="ddf9b246-aaf2-4e73-be90-0c0df2da985f"/><block classType="Class" humanType="Block" icon="MTConnectAssets_files/icon_block_1271079013.svg" name="ProcessFeedRate" refid="4482a5f1-cb26-4f7a-9712-7380f3bc0f82"/><association classType="Association" humanType="Association" icon="MTConnectAssets_files/icon_association_1240125658.svg" isRelationship="true" name="ProcessSpindleSpeed" refid="d14ea3c4-a562-4bdb-8683-6de055d008b4"/><block classType="Class" humanType="Block" icon="MTConnectAssets_files/icon_block_1271079013.svg" name="ProcessSpindleSpeed" refid="365a63a0-ae81-400c-a482-04f847a4cdb8"/><association classType="Association" humanType="Association" icon="MTConnectAssets_files/icon_association_1240125658.svg" isRelationship="true" name="ReconditionCount" refid="314726c6-34d6-4779-8b28-1f5059e5b7d2"/><block classType="Class" humanType="Block" icon="MTConnectAssets_files/icon_block_1271079013.svg" name="ReconditionCount" refid="bfff5afc-f033-4a48-9c78-893ce92cb885"/><block classType="Class" humanType="Block" icon="MTConnectAssets_files/icon_block_1271079013.svg" name="Status" refid="e5d7ef17-4350-4d94-a851-c4afd5741fc0"/><association classType="Association" humanType="Association" icon="MTConnectAssets_files/icon_association_1240125658.svg" isRelationship="true" name="ToolLife" refid="41702562-97de-427b-acff-f20130b388cc"/><association classType="Association" humanType="Association" icon="MTConnectAssets_files/icon_association_1240125658.svg" isRelationship="true" name="ToolLife" refid="8f1f28fb-c23b-4e47-987c-ba9485ed6440"/><association classType="Association" humanType="Association" icon="MTConnectAssets_files/icon_association_1240125658.svg" isRelationship="true" name="ToolLife" refid="ff085d52-a792-4b68-a9ba-a2b5073f7c46"/><block classType="Class" humanType="Block" icon="MTConnectAssets_files/icon_block_1271079013.svg" name="ToolLife" refid="e1c9944c-c2e2-4e39-9b05-f862314aee49"/><association classType="Association" humanType="Association" icon="MTConnectAssets_files/icon_association_1240125658.svg" isRelationship="true" name="value" refid="7eeea438-bb0b-43ac-988f-f5405c1baad4"/></ownedElement><ownedMember humanName="Owned Member"><valuetype classType="Enumeration" humanType="Value Type" icon="MTConnectAssets_files/icon_valuetype_1006927239.svg" name="CodeEnum" refid="ac78b8ca-262b-44cd-829c-a83b79aca3dc"/><valuetype classType="Enumeration" humanType="Value Type" icon="MTConnectAssets_files/icon_valuetype_1006927239.svg" name="CountDirectionType" refid="069ca52c-fc31-4ade-b84d-2ddb5d934d83"/><association classType="Association" humanType="Association" icon="MTConnectAssets_files/icon_association_1240125658.svg" isRelationship="true" name="CutterStatus" refid="3dde87a4-3dfd-4468-a84e-677ade84a3be"/><association classType="Association" humanType="Association" icon="MTConnectAssets_files/icon_association_1240125658.svg" isRelationship="true" name="CutterStatus" refid="68d0de5f-0e5d-4032-bc95-801831627dc6"/><valuetype classType="Enumeration" humanType="Value Type" icon="MTConnectAssets_files/icon_valuetype_1006927239.svg" name="CutterStatusType" refid="70b07129-3157-4bd3-a7cb-a7d2ec4204ce"/><package classType="Package" humanType="Package" icon="MTConnectAssets_files/icon_package_1622863652.svg" name="CuttingItem" refid="c0e2f2c2-c8b4-4427-b8d2-ac774f2e1938"/><block classType="Class" humanType="Block" icon="MTConnectAssets_files/icon_block_1271079013.svg" name="CuttingTool" refid="c4f70e71-83a8-4771-83e9-6e4f81d0dbfb"/><block classType="Class" humanType="Block" icon="MTConnectAssets_files/icon_block_1271079013.svg" name="CuttingToolArchetype" refid="57161282-2419-443b-8aac-c274bc0d6526"/><association classType="Association" humanType="Association" icon="MTConnectAssets_files/icon_association_1240125658.svg" isRelationship="true" name="CuttingToolArchetypeReference" refid="6e1b904d-61f8-466e-8376-0c22f7bd45f6"/><block classType="Class" humanType="Block" icon="MTConnectAssets_files/icon_block_1271079013.svg" name="CuttingToolArchetypeReference" refid="b26bc64f-20be-4978-a6a9-3b6898022137"/><association classType="Association" humanType="Association" icon="MTConnectAssets_files/icon_association_1240125658.svg" isRelationship="true" name="CuttingToolDefinition" refid="ff8cf09f-459f-47f0-bc4c-aba5f90ec1ab"/><association classType="Association" humanType="Association" icon="MTConnectAssets_files/icon_association_1240125658.svg" isRelationship="true" name="CuttingToolDefinition" refid="87c5d3e2-ba8e-487c-a71e-1d2788016476"/><block classType="Class" humanType="Block" icon="MTConnectAssets_files/icon_block_1271079013.svg" name="CuttingToolDefinition" refid="df3c49e8-3da7-4f10-bd1a-9bbfb600aa26"/><association classType="Association" humanType="Association" icon="MTConnectAssets_files/icon_association_1240125658.svg" isRelationship="true" name="CuttingToolLifeCycle" refid="2e46f70c-8c3c-4a6f-bae0-5f514a0ad9e3"/><association classType="Association" humanType="Association" icon="MTConnectAssets_files/icon_association_1240125658.svg" isRelationship="true" name="CuttingToolLifeCycle" refid="f3a764c5-281d-41da-b90b-b6de984b9ad6"/><block classType="Class" humanType="Block" icon="MTConnectAssets_files/icon_block_1271079013.svg" name="CuttingToolLifeCycle" refid="be01f8a1-6645-424a-92cf-c1756524a031"/><diagram classType="Diagram" humanType="Diagram" icon="MTConnectAssets_files/icon_SysML Block Definition Diagram_378716347.svg" name="CuttingToolLifeCycleModel" refid="ee864f60-1bb3-4e13-9955-1180841334a9"/><diagram classType="Diagram" humanType="Diagram" icon="MTConnectAssets_files/icon_SysML Block Definition Diagram_378716347.svg" name="CuttingToolModel" refid="ddd06d83-5c7d-453e-8f76-d5a5071cc7af"/><association classType="Association" humanType="Association" icon="MTConnectAssets_files/icon_association_1240125658.svg" isRelationship="true" name="Location" refid="ef3d694f-6db9-4ad8-9529-50677dcddd79"/><block classType="Class" humanType="Block" icon="MTConnectAssets_files/icon_block_1271079013.svg" name="Location" refid="e7ee6f97-398d-4fe7-b12a-3c033882a5e2"/><valuetype classType="Enumeration" humanType="Value Type" icon="MTConnectAssets_files/icon_valuetype_1006927239.svg" name="LocationType" refid="7a9f35c4-8208-4777-b0bd-56b94aa663ea"/><block classType="Class" humanType="Block" icon="MTConnectAssets_files/icon_block_1271079013.svg" name="Measurement" refid="9d96f557-336e-4a28-a1be-8fc1e3637a8a"/><package classType="Package" humanType="Package" icon="MTConnectAssets_files/icon_package_1622863652.svg" name="Measurement Subtypes" refid="b715937e-eb48-4221-a257-eb38757ad35d"/><association classType="Association" humanType="Association" icon="MTConnectAssets_files/icon_association_1240125658.svg" isRelationship="true" name="Measurements" refid="caae4745-90c2-421a-886c-6d1a1a9f8226"/><association classType="Association" humanType="Association" icon="MTConnectAssets_files/icon_association_1240125658.svg" isRelationship="true" name="ProcessFeedRate" refid="ddf9b246-aaf2-4e73-be90-0c0df2da985f"/><block classType="Class" humanType="Block" icon="MTConnectAssets_files/icon_block_1271079013.svg" name="ProcessFeedRate" refid="4482a5f1-cb26-4f7a-9712-7380f3bc0f82"/><association classType="Association" humanType="Association" icon="MTConnectAssets_files/icon_association_1240125658.svg" isRelationship="true" name="ProcessSpindleSpeed" refid="d14ea3c4-a562-4bdb-8683-6de055d008b4"/><block classType="Class" humanType="Block" icon="MTConnectAssets_files/icon_block_1271079013.svg" name="ProcessSpindleSpeed" refid="365a63a0-ae81-400c-a482-04f847a4cdb8"/><association classType="Association" humanType="Association" icon="MTConnectAssets_files/icon_association_1240125658.svg" isRelationship="true" name="ReconditionCount" refid="314726c6-34d6-4779-8b28-1f5059e5b7d2"/><block classType="Class" humanType="Block" icon="MTConnectAssets_files/icon_block_1271079013.svg" name="ReconditionCount" refid="bfff5afc-f033-4a48-9c78-893ce92cb885"/><block classType="Class" humanType="Block" icon="MTConnectAssets_files/icon_block_1271079013.svg" name="Status" refid="e5d7ef17-4350-4d94-a851-c4afd5741fc0"/><association classType="Association" humanType="Association" icon="MTConnectAssets_files/icon_association_1240125658.svg" isRelationship="true" name="ToolLife" refid="41702562-97de-427b-acff-f20130b388cc"/><association classType="Association" humanType="Association" icon="MTConnectAssets_files/icon_association_1240125658.svg" isRelationship="true" name="ToolLife" refid="8f1f28fb-c23b-4e47-987c-ba9485ed6440"/><association classType="Association" humanType="Association" icon="MTConnectAssets_files/icon_association_1240125658.svg" isRelationship="true" name="ToolLife" refid="ff085d52-a792-4b68-a9ba-a2b5073f7c46"/><block classType="Class" humanType="Block" icon="MTConnectAssets_files/icon_block_1271079013.svg" name="ToolLife" refid="e1c9944c-c2e2-4e39-9b05-f862314aee49"/><association classType="Association" humanType="Association" icon="MTConnectAssets_files/icon_association_1240125658.svg" isRelationship="true" name="value" refid="7eeea438-bb0b-43ac-988f-f5405c1baad4"/></ownedMember><ownedType humanName="Owned Type"><valuetype classType="Enumeration" humanType="Value Type" icon="MTConnectAssets_files/icon_valuetype_1006927239.svg" name="CodeEnum" refid="ac78b8ca-262b-44cd-829c-a83b79aca3dc"/><valuetype classType="Enumeration" humanType="Value Type" icon="MTConnectAssets_files/icon_valuetype_1006927239.svg" name="CountDirectionType" refid="069ca52c-fc31-4ade-b84d-2ddb5d934d83"/><association classType="Association" humanType="Association" icon="MTConnectAssets_files/icon_association_1240125658.svg" isRelationship="true" name="CutterStatus" refid="3dde87a4-3dfd-4468-a84e-677ade84a3be"/><association classType="Association" humanType="Association" icon="MTConnectAssets_files/icon_association_1240125658.svg" isRelationship="true" name="CutterStatus" refid="68d0de5f-0e5d-4032-bc95-801831627dc6"/><valuetype classType="Enumeration" humanType="Value Type" icon="MTConnectAssets_files/icon_valuetype_1006927239.svg" name="CutterStatusType" refid="70b07129-3157-4bd3-a7cb-a7d2ec4204ce"/><block classType="Class" humanType="Block" icon="MTConnectAssets_files/icon_block_1271079013.svg" name="CuttingTool" refid="c4f70e71-83a8-4771-83e9-6e4f81d0dbfb"/><block classType="Class" humanType="Block" icon="MTConnectAssets_files/icon_block_1271079013.svg" name="CuttingToolArchetype" refid="57161282-2419-443b-8aac-c274bc0d6526"/><association classType="Association" humanType="Association" icon="MTConnectAssets_files/icon_association_1240125658.svg" isRelationship="true" name="CuttingToolArchetypeReference" refid="6e1b904d-61f8-466e-8376-0c22f7bd45f6"/><block classType="Class" humanType="Block" icon="MTConnectAssets_files/icon_block_1271079013.svg" name="CuttingToolArchetypeReference" refid="b26bc64f-20be-4978-a6a9-3b6898022137"/><association classType="Association" humanType="Association" icon="MTConnectAssets_files/icon_association_1240125658.svg" isRelationship="true" name="CuttingToolDefinition" refid="ff8cf09f-459f-47f0-bc4c-aba5f90ec1ab"/><association classType="Association" humanType="Association" icon="MTConnectAssets_files/icon_association_1240125658.svg" isRelationship="true" name="CuttingToolDefinition" refid="87c5d3e2-ba8e-487c-a71e-1d2788016476"/><block classType="Class" humanType="Block" icon="MTConnectAssets_files/icon_block_1271079013.svg" name="CuttingToolDefinition" refid="df3c49e8-3da7-4f10-bd1a-9bbfb600aa26"/><association classType="Association" humanType="Association" icon="MTConnectAssets_files/icon_association_1240125658.svg" isRelationship="true" name="CuttingToolLifeCycle" refid="2e46f70c-8c3c-4a6f-bae0-5f514a0ad9e3"/><association classType="Association" humanType="Association" icon="MTConnectAssets_files/icon_association_1240125658.svg" isRelationship="true" name="CuttingToolLifeCycle" refid="f3a764c5-281d-41da-b90b-b6de984b9ad6"/><block classType="Class" humanType="Block" icon="MTConnectAssets_files/icon_block_1271079013.svg" name="CuttingToolLifeCycle" refid="be01f8a1-6645-424a-92cf-c1756524a031"/><association classType="Association" humanType="Association" icon="MTConnectAssets_files/icon_association_1240125658.svg" isRelationship="true" name="Location" refid="ef3d694f-6db9-4ad8-9529-50677dcddd79"/><block classType="Class" humanType="Block" icon="MTConnectAssets_files/icon_block_1271079013.svg" name="Location" refid="e7ee6f97-398d-4fe7-b12a-3c033882a5e2"/><valuetype classType="Enumeration" humanType="Value Type" icon="MTConnectAssets_files/icon_valuetype_1006927239.svg" name="LocationType" refid="7a9f35c4-8208-4777-b0bd-56b94aa663ea"/><block classType="Class" humanType="Block" icon="MTConnectAssets_files/icon_block_1271079013.svg" name="Measurement" refid="9d96f557-336e-4a28-a1be-8fc1e3637a8a"/><association classType="Association" humanType="Association" icon="MTConnectAssets_files/icon_association_1240125658.svg" isRelationship="true" name="Measurements" refid="caae4745-90c2-421a-886c-6d1a1a9f8226"/><association classType="Association" humanType="Association" icon="MTConnectAssets_files/icon_association_1240125658.svg" isRelationship="true" name="ProcessFeedRate" refid="ddf9b246-aaf2-4e73-be90-0c0df2da985f"/><block classType="Class" humanType="Block" icon="MTConnectAssets_files/icon_block_1271079013.svg" name="ProcessFeedRate" refid="4482a5f1-cb26-4f7a-9712-7380f3bc0f82"/><association classType="Association" humanType="Association" icon="MTConnectAssets_files/icon_association_1240125658.svg" isRelationship="true" name="ProcessSpindleSpeed" refid="d14ea3c4-a562-4bdb-8683-6de055d008b4"/><block classType="Class" humanType="Block" icon="MTConnectAssets_files/icon_block_1271079013.svg" name="ProcessSpindleSpeed" refid="365a63a0-ae81-400c-a482-04f847a4cdb8"/><association classType="Association" humanType="Association" icon="MTConnectAssets_files/icon_association_1240125658.svg" isRelationship="true" name="ReconditionCount" refid="314726c6-34d6-4779-8b28-1f5059e5b7d2"/><block classType="Class" humanType="Block" icon="MTConnectAssets_files/icon_block_1271079013.svg" name="ReconditionCount" refid="bfff5afc-f033-4a48-9c78-893ce92cb885"/><block classType="Class" humanType="Block" icon="MTConnectAssets_files/icon_block_1271079013.svg" name="Status" refid="e5d7ef17-4350-4d94-a851-c4afd5741fc0"/><association classType="Association" humanType="Association" icon="MTConnectAssets_files/icon_association_1240125658.svg" isRelationship="true" name="ToolLife" refid="41702562-97de-427b-acff-f20130b388cc"/><association classType="Association" humanType="Association" icon="MTConnectAssets_files/icon_association_1240125658.svg" isRelationship="true" name="ToolLife" refid="8f1f28fb-c23b-4e47-987c-ba9485ed6440"/><association classType="Association" humanType="Association" icon="MTConnectAssets_files/icon_association_1240125658.svg" isRelationship="true" name="ToolLife" refid="ff085d52-a792-4b68-a9ba-a2b5073f7c46"/><block classType="Class" humanType="Block" icon="MTConnectAssets_files/icon_block_1271079013.svg" name="ToolLife" refid="e1c9944c-c2e2-4e39-9b05-f862314aee49"/><association classType="Association" humanType="Association" icon="MTConnectAssets_files/icon_association_1240125658.svg" isRelationship="true" name="value" refid="7eeea438-bb0b-43ac-988f-f5405c1baad4"/></ownedType><owner classType="Package" humanName="Owner" humanType="Package" icon="MTConnectAssets_files/icon_package_1622863652.svg" mode="s,e" name="Asset" refid="90f9f8f8-d243-4969-a48a-bdac168084ca"/><owningPackage classType="Package" humanName="Owning Package" humanType="Package" icon="MTConnectAssets_files/icon_package_1622863652.svg" name="Asset" refid="90f9f8f8-d243-4969-a48a-bdac168084ca"/><packagedElement humanName="Packaged Element"><valuetype classType="Enumeration" humanType="Value Type" icon="MTConnectAssets_files/icon_valuetype_1006927239.svg" name="CodeEnum" refid="ac78b8ca-262b-44cd-829c-a83b79aca3dc"/><valuetype classType="Enumeration" humanType="Value Type" icon="MTConnectAssets_files/icon_valuetype_1006927239.svg" name="CountDirectionType" refid="069ca52c-fc31-4ade-b84d-2ddb5d934d83"/><association classType="Association" humanType="Association" icon="MTConnectAssets_files/icon_association_1240125658.svg" isRelationship="true" name="CutterStatus" refid="3dde87a4-3dfd-4468-a84e-677ade84a3be"/><association classType="Association" humanType="Association" icon="MTConnectAssets_files/icon_association_1240125658.svg" isRelationship="true" name="CutterStatus" refid="68d0de5f-0e5d-4032-bc95-801831627dc6"/><valuetype classType="Enumeration" humanType="Value Type" icon="MTConnectAssets_files/icon_valuetype_1006927239.svg" name="CutterStatusType" refid="70b07129-3157-4bd3-a7cb-a7d2ec4204ce"/><package classType="Package" humanType="Package" icon="MTConnectAssets_files/icon_package_1622863652.svg" name="CuttingItem" refid="c0e2f2c2-c8b4-4427-b8d2-ac774f2e1938"/><block classType="Class" humanType="Block" icon="MTConnectAssets_files/icon_block_1271079013.svg" name="CuttingTool" refid="c4f70e71-83a8-4771-83e9-6e4f81d0dbfb"/><block classType="Class" humanType="Block" icon="MTConnectAssets_files/icon_block_1271079013.svg" name="CuttingToolArchetype" refid="57161282-2419-443b-8aac-c274bc0d6526"/><association classType="Association" humanType="Association" icon="MTConnectAssets_files/icon_association_1240125658.svg" isRelationship="true" name="CuttingToolArchetypeReference" refid="6e1b904d-61f8-466e-8376-0c22f7bd45f6"/><block classType="Class" humanType="Block" icon="MTConnectAssets_files/icon_block_1271079013.svg" name="CuttingToolArchetypeReference" refid="b26bc64f-20be-4978-a6a9-3b6898022137"/><association classType="Association" humanType="Association" icon="MTConnectAssets_files/icon_association_1240125658.svg" isRelationship="true" name="CuttingToolDefinition" refid="ff8cf09f-459f-47f0-bc4c-aba5f90ec1ab"/><association classType="Association" humanType="Association" icon="MTConnectAssets_files/icon_association_1240125658.svg" isRelationship="true" name="CuttingToolDefinition" refid="87c5d3e2-ba8e-487c-a71e-1d2788016476"/><block classType="Class" humanType="Block" icon="MTConnectAssets_files/icon_block_1271079013.svg" name="CuttingToolDefinition" refid="df3c49e8-3da7-4f10-bd1a-9bbfb600aa26"/><association classType="Association" humanType="Association" icon="MTConnectAssets_files/icon_association_1240125658.svg" isRelationship="true" name="CuttingToolLifeCycle" refid="2e46f70c-8c3c-4a6f-bae0-5f514a0ad9e3"/><association classType="Association" humanType="Association" icon="MTConnectAssets_files/icon_association_1240125658.svg" isRelationship="true" name="CuttingToolLifeCycle" refid="f3a764c5-281d-41da-b90b-b6de984b9ad6"/><block classType="Class" humanType="Block" icon="MTConnectAssets_files/icon_block_1271079013.svg" name="CuttingToolLifeCycle" refid="be01f8a1-6645-424a-92cf-c1756524a031"/><association classType="Association" humanType="Association" icon="MTConnectAssets_files/icon_association_1240125658.svg" isRelationship="true" name="Location" refid="ef3d694f-6db9-4ad8-9529-50677dcddd79"/><block classType="Class" humanType="Block" icon="MTConnectAssets_files/icon_block_1271079013.svg" name="Location" refid="e7ee6f97-398d-4fe7-b12a-3c033882a5e2"/><valuetype classType="Enumeration" humanType="Value Type" icon="MTConnectAssets_files/icon_valuetype_1006927239.svg" name="LocationType" refid="7a9f35c4-8208-4777-b0bd-56b94aa663ea"/><block classType="Class" humanType="Block" icon="MTConnectAssets_files/icon_block_1271079013.svg" name="Measurement" refid="9d96f557-336e-4a28-a1be-8fc1e3637a8a"/><package classType="Package" humanType="Package" icon="MTConnectAssets_files/icon_package_1622863652.svg" name="Measurement Subtypes" refid="b715937e-eb48-4221-a257-eb38757ad35d"/><association classType="Association" humanType="Association" icon="MTConnectAssets_files/icon_association_1240125658.svg" isRelationship="true" name="Measurements" refid="caae4745-90c2-421a-886c-6d1a1a9f8226"/><association classType="Association" humanType="Association" icon="MTConnectAssets_files/icon_association_1240125658.svg" isRelationship="true" name="ProcessFeedRate" refid="ddf9b246-aaf2-4e73-be90-0c0df2da985f"/><block classType="Class" humanType="Block" icon="MTConnectAssets_files/icon_block_1271079013.svg" name="ProcessFeedRate" refid="4482a5f1-cb26-4f7a-9712-7380f3bc0f82"/><association classType="Association" humanType="Association" icon="MTConnectAssets_files/icon_association_1240125658.svg" isRelationship="true" name="ProcessSpindleSpeed" refid="d14ea3c4-a562-4bdb-8683-6de055d008b4"/><block classType="Class" humanType="Block" icon="MTConnectAssets_files/icon_block_1271079013.svg" name="ProcessSpindleSpeed" refid="365a63a0-ae81-400c-a482-04f847a4cdb8"/><association classType="Association" humanType="Association" icon="MTConnectAssets_files/icon_association_1240125658.svg" isRelationship="true" name="ReconditionCount" refid="314726c6-34d6-4779-8b28-1f5059e5b7d2"/><block classType="Class" humanType="Block" icon="MTConnectAssets_files/icon_block_1271079013.svg" name="ReconditionCount" refid="bfff5afc-f033-4a48-9c78-893ce92cb885"/><block classType="Class" humanType="Block" icon="MTConnectAssets_files/icon_block_1271079013.svg" name="Status" refid="e5d7ef17-4350-4d94-a851-c4afd5741fc0"/><association classType="Association" humanType="Association" icon="MTConnectAssets_files/icon_association_1240125658.svg" isRelationship="true" name="ToolLife" refid="41702562-97de-427b-acff-f20130b388cc"/><association classType="Association" humanType="Association" icon="MTConnectAssets_files/icon_association_1240125658.svg" isRelationship="true" name="ToolLife" refid="8f1f28fb-c23b-4e47-987c-ba9485ed6440"/><association classType="Association" humanType="Association" icon="MTConnectAssets_files/icon_association_1240125658.svg" isRelationship="true" name="ToolLife" refid="ff085d52-a792-4b68-a9ba-a2b5073f7c46"/><block classType="Class" humanType="Block" icon="MTConnectAssets_files/icon_block_1271079013.svg" name="ToolLife" refid="e1c9944c-c2e2-4e39-9b05-f862314aee49"/><association classType="Association" humanType="Association" icon="MTConnectAssets_files/icon_association_1240125658.svg" isRelationship="true" name="value" refid="7eeea438-bb0b-43ac-988f-f5405c1baad4"/></packagedElement><qualifiedName humanName="Qualified Name" mode="e">Asset::CuttingTool</qualifiedName><TO_DO humanName="To Do" mode="s,e"/><URI humanName="URI" mode="s,e"/><visibility humanName="Visibility">public</visibility></package></magicdraw>