<?xml version="1.0" encoding="UTF-8"?><magicdraw><instancespecification classType="InstanceSpecification" humanType="Instance Specification" icon="MTConnectAssets_files/icon_instancespecification_13643661.svg" id="1e6d0226-1d99-4afb-9c87-fac4c7bdade6"><classifier humanName="Classifier" mode="s,e"><stereotype classType="Stereotype" humanType="Stereotype" icon="MTConnectAssets_files/icon_stereotype_918307166.svg" name="Literal Annotation" refid="27da4e70-0012-4d27-82d7-37552b850484"/></classifier><documentation humanName="Documentation"/><name humanName="Name" mode="s,e"/><owner classType="Comment" humanName="Owner" humanType="Comment" icon="MTConnectAssets_files/icon_comment_1043177908.svg" mode="s,e" refid="563ed935-2803-434f-ae17-988f4eacee8e"/><qualifiedName humanName="Qualified Name" mode="e"/><stereotypedElement classType="Comment" humanName="Stereotyped Element" humanType="Comment" icon="MTConnectAssets_files/icon_comment_1043177908.svg" refid="563ed935-2803-434f-ae17-988f4eacee8e"/><TO_DO humanName="To Do" mode="s,e"/><visibility humanName="Visibility">public</visibility></instancespecification></magicdraw>