<?xml version="1.0" encoding="UTF-8"?><magicdraw><enumerationliteral classType="EnumerationLiteral" humanType="Enumeration Literal" icon="MTConnectAssets_files/icon_enumerationliteral_1191775513.svg" id="1e6f44cd-2add-4da3-8e2b-31de3569b46d"><classifier humanName="Classifier"><valuetype classType="Enumeration" humanType="Value Type" icon="MTConnectAssets_files/icon_valuetype_122648214.svg" name="CutterStatusType" refid="70b07129-3157-4bd3-a7cb-a7d2ec4204ce"/></classifier><documentation humanName="Documentation" mode="standard">The cutting tool has reached the end of its useful life.</documentation><enumeration classType="Enumeration" humanName="Enumeration" humanType="Value Type" icon="MTConnectAssets_files/icon_valuetype_122648214.svg" name="CutterStatusType" refid="70b07129-3157-4bd3-a7cb-a7d2ec4204ce"/><name humanName="Name" mode="s,e">EXPIRED</name><namespace classType="Enumeration" humanName="Namespace" humanType="Value Type" icon="MTConnectAssets_files/icon_valuetype_122648214.svg" name="CutterStatusType" refid="70b07129-3157-4bd3-a7cb-a7d2ec4204ce"/><ownedComment humanName="Owned Comment"><comment classType="Comment" humanType="Comment" icon="MTConnectAssets_files/icon_comment_1043177908.svg" refid="199e94f1-a402-4fda-b014-3ddd1f4ebaf1"/></ownedComment><ownedElement humanName="Owned Element"><comment classType="Comment" humanType="Comment" icon="MTConnectAssets_files/icon_comment_1043177908.svg" refid="199e94f1-a402-4fda-b014-3ddd1f4ebaf1"/></ownedElement><owner classType="Enumeration" humanName="Owner" humanType="Value Type" icon="MTConnectAssets_files/icon_valuetype_122648214.svg" mode="s,e" name="CutterStatusType" refid="70b07129-3157-4bd3-a7cb-a7d2ec4204ce"/><qualifiedName humanName="Qualified Name" mode="e">Asset::CuttingTool::CutterStatusType::EXPIRED</qualifiedName><TO_DO humanName="To Do" mode="s,e"/><visibility humanName="Visibility" mode="s,e">public</visibility></enumerationliteral></magicdraw>