<?xml version="1.0" encoding="UTF-8"?><magicdraw><property classType="Property" humanType="Property" icon="MTConnectAssets_files/icon_property_627361964.svg" id="1ef95cf7-4be9-4cf6-ba64-855f901a18bf"><aggregation humanName="Aggregation" mode="s,e">none</aggregation><association classType="Association" humanName="Association" humanType="Association" icon="MTConnectAssets_files/icon_association_577959044.svg" isRelationship="true" name="Association[location:Asset::PartsProcesses::DataItems::Location &lt;- Asset::PartsProcesses::Components::Part]" refid="a86a8e65-774b-43f1-8a0d-34e3ed0c7af1"/><documentation humanName="Documentation"/><effectiveIRI humanName="Effective IRI"/><featuringClassifier classType="Association" humanName="Featuring Classifier" humanType="Association" icon="MTConnectAssets_files/icon_association_577959044.svg" isRelationship="true" name="Association[location:Asset::PartsProcesses::DataItems::Location &lt;- Asset::PartsProcesses::Components::Part]" refid="a86a8e65-774b-43f1-8a0d-34e3ed0c7af1"/><isComposite humanName="Is Composite">false</isComposite><isDerived humanName="Is Derived" mode="s,e">false</isDerived><isDerivedUnion humanName="Is Derived Union" mode="e">false</isDerivedUnion><isID humanName="Is ID" mode="e">false</isID><isLeaf humanName="Is Leaf">false</isLeaf><isOrdered humanName="Is Ordered" mode="e">false</isOrdered><isReadOnly humanName="Is Read Only" mode="s,e">false</isReadOnly><isStatic humanName="Is Static" mode="s,e">false</isStatic><isUnique humanName="Is Unique" mode="e">true</isUnique><lower humanName="Lower">1</lower><multiplicity humanName="Multiplicity" mode="s,e"/><multiplicity humanName="Multiplicity" mode="s,e"/><name humanName="Name" mode="s,e"/><namespace classType="Association" humanName="Namespace" humanType="Association" icon="MTConnectAssets_files/icon_association_577959044.svg" isRelationship="true" name="Association[location:Asset::PartsProcesses::DataItems::Location &lt;- Asset::PartsProcesses::Components::Part]" refid="a86a8e65-774b-43f1-8a0d-34e3ed0c7af1"/><navigable humanName="Navigable">false</navigable><opposite classType="Property" humanName="Opposite" humanType="Reference Property" icon="MTConnectAssets_files/icon_referenceproperty_151450878.svg" name="location" refid="4064103a-3373-4507-bb2a-76e4404fa6e8"/><ownedBy classType="Association" humanName="Owned By" humanType="Association" icon="MTConnectAssets_files/icon_association_577959044.svg" isRelationship="true" name="Association[location:Asset::PartsProcesses::DataItems::Location &lt;- Asset::PartsProcesses::Components::Part]" refid="a86a8e65-774b-43f1-8a0d-34e3ed0c7af1"/><owner classType="Association" humanName="Owner" humanType="Association" icon="MTConnectAssets_files/icon_association_577959044.svg" isRelationship="true" name="Association[location:Asset::PartsProcesses::DataItems::Location &lt;- Asset::PartsProcesses::Components::Part]" refid="a86a8e65-774b-43f1-8a0d-34e3ed0c7af1"/><owningAssociation classType="Association" humanName="Owning Association" humanType="Association" icon="MTConnectAssets_files/icon_association_577959044.svg" isRelationship="true" name="Association[location:Asset::PartsProcesses::DataItems::Location &lt;- Asset::PartsProcesses::Components::Part]" refid="a86a8e65-774b-43f1-8a0d-34e3ed0c7af1"/><qualifiedName humanName="Qualified Name" mode="e">Asset::PartsProcesses::Components::::</qualifiedName><redefinitionContext humanName="Redefinition Context"><association classType="Association" humanType="Association" icon="MTConnectAssets_files/icon_association_577959044.svg" isRelationship="true" name="Association[location:Asset::PartsProcesses::DataItems::Location &lt;- Asset::PartsProcesses::Components::Part]" refid="a86a8e65-774b-43f1-8a0d-34e3ed0c7af1"/></redefinitionContext><TO_DO humanName="To Do" mode="s,e"/><type classType="Class" humanName="Type" humanType="Block" icon="MTConnectAssets_files/icon_block_1651251671.svg" mode="s,e" name="Part" refid="edd1c9d3-6e67-427c-b4a1-0aa335091da2"/><TYPE_MODIFIER humanName="Type Modifier" mode="e"/><upper humanName="Upper">1</upper><visibility humanName="Visibility" mode="e">private</visibility></property></magicdraw>