<?xml version="1.0" encoding="UTF-8"?><magicdraw><referenceproperty classType="Property" humanType="Reference Property" icon="MTConnectAssets_files/icon_referenceproperty_151450878.svg" id="1f66f8b4-b60d-4c72-8d6f-48eecc006e76"><aggregation humanName="Aggregation" mode="s,e">none</aggregation><APPLIED_STEREOTYPES humanName="Applied Stereotype" mode="s,e"><stereotype classType="Stereotype" humanType="Stereotype" icon="MTConnectAssets_files/icon_stereotype_151450878.svg" name="ReferenceProperty" refid="f430da61-f435-4fb1-b6a5-858074ac8e17"/></APPLIED_STEREOTYPES><appliedStereotype humanName="Applied Stereotype" mode="s,e"><stereotype classType="Stereotype" humanType="Stereotype" icon="MTConnectAssets_files/icon_stereotype_151450878.svg" name="ReferenceProperty" refid="f430da61-f435-4fb1-b6a5-858074ac8e17"><property classType="Property" humanName="Base_ Element" humanType="Property" icon="MTConnectAssets_files/icon_property_627361964.svg" name="base_Element" refid="f2b6fe0b-c570-47bb-81f0-cd774bc371ca"/><property classType="Property" humanName="Base_ Property" humanType="Property" icon="MTConnectAssets_files/icon_property_627361964.svg" name="base_Property" refid="d9d23dab-47bb-4563-8650-7825c3db8019"/><property classType="Property" humanName="Base_ Property" humanType="Property" icon="MTConnectAssets_files/icon_property_627361964.svg" name="base_Property" refid="6eb34217-ea36-4993-bb7a-23b86009bba7"/><property classType="Property" humanName="Base_ Property" humanType="Property" icon="MTConnectAssets_files/icon_property_627361964.svg" name="base_Property" refid="41f99477-7d41-4c68-9770-b7e6cec79b4b"/></stereotype></appliedStereotype><appliedStereotypeInstance classType="InstanceSpecification" humanName="Applied Stereotype Instance" humanType="Instance Specification" icon="MTConnectAssets_files/icon_instancespecification_13643661.svg" name=" : MD Customization for SysML::additional_stereotypes::ReferenceProperty" refid="33427d03-7a54-4846-8391-daba6ab1aec8"/><association classType="Association" humanName="Association" humanType="Association" icon="MTConnectAssets_files/icon_association_1240125658.svg" isRelationship="true" name="ProcessSpindleSpeed" refid="d14ea3c4-a562-4bdb-8683-6de055d008b4"/><UMLClass classType="Class" humanName="Class" humanType="Block" icon="MTConnectAssets_files/icon_block_1651251671.svg" name="CuttingToolLifeCycle" refid="be01f8a1-6645-424a-92cf-c1756524a031"/><classifier classType="Class" humanName="Classifier" humanType="Block" icon="MTConnectAssets_files/icon_block_1651251671.svg" name="CuttingToolLifeCycle" refid="be01f8a1-6645-424a-92cf-c1756524a031"/><documentation humanName="Documentation"/><effectiveIRI humanName="Effective IRI"/><featuringClassifier classType="Class" humanName="Featuring Classifier" humanType="Block" icon="MTConnectAssets_files/icon_block_1651251671.svg" name="CuttingToolLifeCycle" refid="be01f8a1-6645-424a-92cf-c1756524a031"/><isComposite humanName="Is Composite">false</isComposite><isDerived humanName="Is Derived" mode="s,e">false</isDerived><isDerivedUnion humanName="Is Derived Union" mode="e">false</isDerivedUnion><isID humanName="Is ID" mode="e">false</isID><isLeaf humanName="Is Leaf">false</isLeaf><isOrdered humanName="Is Ordered" mode="e">false</isOrdered><isReadOnly humanName="Is Read Only" mode="s,e">false</isReadOnly><isStatic humanName="Is Static" mode="s,e">false</isStatic><isUnique humanName="Is Unique" mode="e">true</isUnique><lower humanName="Lower">0</lower><lowerValue classType="LiteralInteger" humanName="Lower Value" humanType="Literal Integer" icon="MTConnectAssets_files/icon_literalinteger_922180500.svg" name="0" refid="e65310b7-6a4b-4e15-8bb6-93dccc0424f1" text="0"/><multiplicity humanName="Multiplicity" mode="s,e">0..1</multiplicity><multiplicity humanName="Multiplicity" mode="s,e">0..1</multiplicity><name humanName="Name" mode="s,e">hasProcessSpindleSpeed</name><namespace classType="Class" humanName="Namespace" humanType="Block" icon="MTConnectAssets_files/icon_block_1651251671.svg" name="CuttingToolLifeCycle" refid="be01f8a1-6645-424a-92cf-c1756524a031"/><navigable humanName="Navigable">true</navigable><opposite classType="Property" humanName="Opposite" humanType="Property" icon="MTConnectAssets_files/icon_property_627361964.svg" name=" : Asset::CuttingTool::CuttingToolLifeCycle" refid="c14858bf-14a7-4c4b-bd96-f897b172a560"/><ownedBy classType="Class" humanName="Owned By" humanType="Block" icon="MTConnectAssets_files/icon_block_1651251671.svg" name="CuttingToolLifeCycle" refid="be01f8a1-6645-424a-92cf-c1756524a031"/><ownedElement humanName="Owned Element"><instancespecification classType="InstanceSpecification" humanType="Instance Specification" icon="MTConnectAssets_files/icon_instancespecification_13643661.svg" name=" : MD Customization for SysML::additional_stereotypes::ReferenceProperty" refid="33427d03-7a54-4846-8391-daba6ab1aec8"/><literalinteger classType="LiteralInteger" humanType="Literal Integer" icon="MTConnectAssets_files/icon_literalinteger_922180500.svg" name="0" refid="e65310b7-6a4b-4e15-8bb6-93dccc0424f1" text="0"/><literalinteger classType="LiteralInteger" humanType="Literal Integer" icon="MTConnectAssets_files/icon_literalinteger_922180500.svg" name="1" refid="2e5c8bb3-ab9d-4ea1-a610-7c44375e661b" text="1"/></ownedElement><owner classType="Class" humanName="Owner" humanType="Block" icon="MTConnectAssets_files/icon_block_1651251671.svg" name="CuttingToolLifeCycle" refid="be01f8a1-6645-424a-92cf-c1756524a031"/><qualifiedName humanName="Qualified Name" mode="e">Asset::CuttingTool::CuttingToolLifeCycle::hasProcessSpindleSpeed</qualifiedName><redefinitionContext humanName="Redefinition Context"><block classType="Class" humanType="Block" icon="MTConnectAssets_files/icon_block_1651251671.svg" name="CuttingToolLifeCycle" refid="be01f8a1-6645-424a-92cf-c1756524a031"/></redefinitionContext><TO_DO humanName="To Do" mode="s,e"/><type classType="Class" humanName="Type" humanType="Block" icon="MTConnectAssets_files/icon_block_1651251671.svg" mode="s,e" name="ProcessSpindleSpeed" refid="365a63a0-ae81-400c-a482-04f847a4cdb8"/><TYPE_MODIFIER humanName="Type Modifier" mode="e"/><upper humanName="Upper">1</upper><upperValue classType="LiteralInteger" humanName="Upper Value" humanType="Literal Integer" icon="MTConnectAssets_files/icon_literalinteger_922180500.svg" name="1" refid="2e5c8bb3-ab9d-4ea1-a610-7c44375e661b" text="1"/><visibility humanName="Visibility" mode="e">public</visibility><appearsIn><diagram classType="Diagram" humanType="Diagram" icon="MTConnectAssets_files/icon_SysML Block Definition Diagram_378716347.svg" name="CuttingToolLifeCycleModel" refid="ee864f60-1bb3-4e13-9955-1180841334a9"/></appearsIn></referenceproperty></magicdraw>