<?xml version="1.0" encoding="UTF-8"?><magicdraw><literalinteger classType="LiteralInteger" humanType="Literal Integer" icon="MTConnectAssets_files/icon_literalinteger_922180500.svg" id="1f6fb81a-0ff7-405f-8f09-1dc383b213af"><documentation humanName="Documentation"/><name humanName="Name"/><owner classType="Property" humanName="Owner" humanType="Property" icon="MTConnectAssets_files/icon_property_627361964.svg" mode="e" name="assetRefs" refid="d7b38b2c-f1b1-4f1c-ba7f-8bab50d2ecad"/><owningLower classType="Property" humanName="Owning Lower" humanType="Property" icon="MTConnectAssets_files/icon_property_627361964.svg" name="assetRefs" refid="d7b38b2c-f1b1-4f1c-ba7f-8bab50d2ecad"/><qualifiedName humanName="Qualified Name">Asset::PartsProcesses::Components::ProcessOccurrence::assetRefs::</qualifiedName><text humanName="Text" mode="standard">0</text><TO_DO humanName="To Do"/><TYPE_MODIFIER humanName="Type Modifier"/><value humanName="Value" mode="s,e">0</value><visibility humanName="Visibility">public</visibility></literalinteger></magicdraw>