<?xml version="1.0" encoding="UTF-8"?><magicdraw><block classType="Class" humanType="Block" icon="MTConnectAssets_files/icon_block_1271079013.svg" id="1fec1aee-1399-4f77-acaf-2216c23d900b"><APPLIED_STEREOTYPES humanName="Applied Stereotype" mode="e"><stereotype classType="Stereotype" humanType="Stereotype" icon="MTConnectAssets_files/icon_stereotype_1271079013.svg" name="Block" refid="4b68b36d-0594-4f75-b1e5-32ed35a63dac"/></APPLIED_STEREOTYPES><appliedStereotype humanName="Applied Stereotype" mode="e"><stereotype classType="Stereotype" humanType="Stereotype" icon="MTConnectAssets_files/icon_stereotype_1271079013.svg" name="Block" refid="4b68b36d-0594-4f75-b1e5-32ed35a63dac"><property classType="Property" humanName="Base_ Class" humanType="Property" icon="MTConnectAssets_files/icon_property_627361964.svg" name="base_Class" refid="477489bc-0c5a-4fb7-b88b-b8f0b9c8e690"/><property classType="Property" humanName="Is Encapsulated" humanType="Property" icon="MTConnectAssets_files/icon_property_627361964.svg" name="isEncapsulated" refid="99deda41-88f7-4c37-be6d-57faab2222cc"/></stereotype></appliedStereotype><appliedStereotypeInstance classType="InstanceSpecification" humanName="Applied Stereotype Instance" humanType="Instance Specification" icon="MTConnectAssets_files/icon_instancespecification_13643661.svg" name=" : SysML::Blocks::Block" refid="e1dcb4b8-19d0-4886-b8b9-e8c9a4a03251"/><attribute humanName="Attribute"><valueproperty classType="Property" humanType="Value Property" icon="MTConnectAssets_files/icon_valueproperty_924840719.svg" name="Description" refid="f16979d8-76ee-48ae-83c5-9901f28a0067"/><valueproperty classType="Property" humanType="Value Property" icon="MTConnectAssets_files/icon_valueproperty_924840719.svg" name="grade" refid="e09110bf-4f05-4311-99ed-5638fa7513a9"/><referenceproperty classType="Property" humanType="Reference Property" icon="MTConnectAssets_files/icon_referenceproperty_339821129.svg" name="hasCutterStatus" refid="76753458-68c7-4188-9c2f-d2f9db9adfd0"/><referenceproperty classType="Property" humanType="Reference Property" icon="MTConnectAssets_files/icon_referenceproperty_339821129.svg" name="hasItemLifeMinutes" refid="2184d6ac-2d03-4e8c-ad55-d163ecbfac5f"/><referenceproperty classType="Property" humanType="Reference Property" icon="MTConnectAssets_files/icon_referenceproperty_339821129.svg" name="hasItemLifePartCount" refid="9a9ac3d3-aa9c-4da3-b460-276c67d70e18"/><referenceproperty classType="Property" humanType="Reference Property" icon="MTConnectAssets_files/icon_referenceproperty_339821129.svg" name="hasItemLifeWear" refid="04c59d7a-d774-4da8-88d1-138dce2f1a7c"/><referenceproperty classType="Property" humanType="Reference Property" icon="MTConnectAssets_files/icon_referenceproperty_339821129.svg" name="hasMeasurement" refid="61ee0a4a-391d-413a-be07-b7eaac1fffac"/><valueproperty classType="Property" humanType="Value Property" icon="MTConnectAssets_files/icon_valueproperty_924840719.svg" name="indices" refid="1271e8d1-d1f2-4a84-a80e-0a6b398e83db"/><valueproperty classType="Property" humanType="Value Property" icon="MTConnectAssets_files/icon_valueproperty_924840719.svg" name="itemId" refid="38c68ef3-892a-4d27-a6b6-7a34871724ae"/><valueproperty classType="Property" humanType="Value Property" icon="MTConnectAssets_files/icon_valueproperty_924840719.svg" name="Locus" refid="22b97a5a-a294-41b9-a514-f0c1d680f21a"/><valueproperty classType="Property" humanType="Value Property" icon="MTConnectAssets_files/icon_valueproperty_924840719.svg" name="manufacturers" refid="a63a4f5a-2701-4dfc-9647-7e07d024c1ff"/><valueproperty classType="Property" humanType="Value Property" icon="MTConnectAssets_files/icon_valueproperty_924840719.svg" name="ProgramToolGroup" refid="d9505bfd-72ea-4fab-99ce-e2f1dea6d901"/></attribute><derivedExplanation humanName="Derived Explanation"/><documentation humanName="Documentation" mode="standard">A CuttingItem is the portion of the tool that physically removes the material from the workpiece by shear deformation.</documentation><effectiveIRI humanName="Effective IRI"/><feature humanName="Feature"><valueproperty classType="Property" humanType="Value Property" icon="MTConnectAssets_files/icon_valueproperty_924840719.svg" name="Description" refid="f16979d8-76ee-48ae-83c5-9901f28a0067"/><valueproperty classType="Property" humanType="Value Property" icon="MTConnectAssets_files/icon_valueproperty_924840719.svg" name="grade" refid="e09110bf-4f05-4311-99ed-5638fa7513a9"/><referenceproperty classType="Property" humanType="Reference Property" icon="MTConnectAssets_files/icon_referenceproperty_339821129.svg" name="hasCutterStatus" refid="76753458-68c7-4188-9c2f-d2f9db9adfd0"/><referenceproperty classType="Property" humanType="Reference Property" icon="MTConnectAssets_files/icon_referenceproperty_339821129.svg" name="hasItemLifeMinutes" refid="2184d6ac-2d03-4e8c-ad55-d163ecbfac5f"/><referenceproperty classType="Property" humanType="Reference Property" icon="MTConnectAssets_files/icon_referenceproperty_339821129.svg" name="hasItemLifePartCount" refid="9a9ac3d3-aa9c-4da3-b460-276c67d70e18"/><referenceproperty classType="Property" humanType="Reference Property" icon="MTConnectAssets_files/icon_referenceproperty_339821129.svg" name="hasItemLifeWear" refid="04c59d7a-d774-4da8-88d1-138dce2f1a7c"/><referenceproperty classType="Property" humanType="Reference Property" icon="MTConnectAssets_files/icon_referenceproperty_339821129.svg" name="hasMeasurement" refid="61ee0a4a-391d-413a-be07-b7eaac1fffac"/><valueproperty classType="Property" humanType="Value Property" icon="MTConnectAssets_files/icon_valueproperty_924840719.svg" name="indices" refid="1271e8d1-d1f2-4a84-a80e-0a6b398e83db"/><valueproperty classType="Property" humanType="Value Property" icon="MTConnectAssets_files/icon_valueproperty_924840719.svg" name="itemId" refid="38c68ef3-892a-4d27-a6b6-7a34871724ae"/><valueproperty classType="Property" humanType="Value Property" icon="MTConnectAssets_files/icon_valueproperty_924840719.svg" name="Locus" refid="22b97a5a-a294-41b9-a514-f0c1d680f21a"/><valueproperty classType="Property" humanType="Value Property" icon="MTConnectAssets_files/icon_valueproperty_924840719.svg" name="manufacturers" refid="a63a4f5a-2701-4dfc-9647-7e07d024c1ff"/><valueproperty classType="Property" humanType="Value Property" icon="MTConnectAssets_files/icon_valueproperty_924840719.svg" name="ProgramToolGroup" refid="d9505bfd-72ea-4fab-99ce-e2f1dea6d901"/></feature><isAbstract humanName="Is Abstract">false</isAbstract><isActive humanName="Is Active" mode="e">false</isActive><isFinalSpecialization humanName="Is Final Specialization">false</isFinalSpecialization><isLeaf humanName="Is Leaf">false</isLeaf><member humanName="Member"><valueproperty classType="Property" humanType="Value Property" icon="MTConnectAssets_files/icon_valueproperty_924840719.svg" name="Description" refid="f16979d8-76ee-48ae-83c5-9901f28a0067"/><valueproperty classType="Property" humanType="Value Property" icon="MTConnectAssets_files/icon_valueproperty_924840719.svg" name="grade" refid="e09110bf-4f05-4311-99ed-5638fa7513a9"/><referenceproperty classType="Property" humanType="Reference Property" icon="MTConnectAssets_files/icon_referenceproperty_339821129.svg" name="hasCutterStatus" refid="76753458-68c7-4188-9c2f-d2f9db9adfd0"/><referenceproperty classType="Property" humanType="Reference Property" icon="MTConnectAssets_files/icon_referenceproperty_339821129.svg" name="hasItemLifeMinutes" refid="2184d6ac-2d03-4e8c-ad55-d163ecbfac5f"/><referenceproperty classType="Property" humanType="Reference Property" icon="MTConnectAssets_files/icon_referenceproperty_339821129.svg" name="hasItemLifePartCount" refid="9a9ac3d3-aa9c-4da3-b460-276c67d70e18"/><referenceproperty classType="Property" humanType="Reference Property" icon="MTConnectAssets_files/icon_referenceproperty_339821129.svg" name="hasItemLifeWear" refid="04c59d7a-d774-4da8-88d1-138dce2f1a7c"/><referenceproperty classType="Property" humanType="Reference Property" icon="MTConnectAssets_files/icon_referenceproperty_339821129.svg" name="hasMeasurement" refid="61ee0a4a-391d-413a-be07-b7eaac1fffac"/><valueproperty classType="Property" humanType="Value Property" icon="MTConnectAssets_files/icon_valueproperty_924840719.svg" name="indices" refid="1271e8d1-d1f2-4a84-a80e-0a6b398e83db"/><valueproperty classType="Property" humanType="Value Property" icon="MTConnectAssets_files/icon_valueproperty_924840719.svg" name="itemId" refid="38c68ef3-892a-4d27-a6b6-7a34871724ae"/><valueproperty classType="Property" humanType="Value Property" icon="MTConnectAssets_files/icon_valueproperty_924840719.svg" name="Locus" refid="22b97a5a-a294-41b9-a514-f0c1d680f21a"/><valueproperty classType="Property" humanType="Value Property" icon="MTConnectAssets_files/icon_valueproperty_924840719.svg" name="manufacturers" refid="a63a4f5a-2701-4dfc-9647-7e07d024c1ff"/><valueproperty classType="Property" humanType="Value Property" icon="MTConnectAssets_files/icon_valueproperty_924840719.svg" name="ProgramToolGroup" refid="d9505bfd-72ea-4fab-99ce-e2f1dea6d901"/></member><name humanName="Name" mode="s,e">CuttingItem</name><namespace classType="Package" humanName="Namespace" humanType="Package" icon="MTConnectAssets_files/icon_package_1622863652.svg" name="CuttingItem" refid="c0e2f2c2-c8b4-4427-b8d2-ac774f2e1938"/><ownedAttribute humanName="Owned Attribute"><valueproperty classType="Property" humanType="Value Property" icon="MTConnectAssets_files/icon_valueproperty_924840719.svg" name="Description" refid="f16979d8-76ee-48ae-83c5-9901f28a0067"/><valueproperty classType="Property" humanType="Value Property" icon="MTConnectAssets_files/icon_valueproperty_924840719.svg" name="grade" refid="e09110bf-4f05-4311-99ed-5638fa7513a9"/><referenceproperty classType="Property" humanType="Reference Property" icon="MTConnectAssets_files/icon_referenceproperty_339821129.svg" name="hasCutterStatus" refid="76753458-68c7-4188-9c2f-d2f9db9adfd0"/><referenceproperty classType="Property" humanType="Reference Property" icon="MTConnectAssets_files/icon_referenceproperty_339821129.svg" name="hasItemLifeMinutes" refid="2184d6ac-2d03-4e8c-ad55-d163ecbfac5f"/><referenceproperty classType="Property" humanType="Reference Property" icon="MTConnectAssets_files/icon_referenceproperty_339821129.svg" name="hasItemLifePartCount" refid="9a9ac3d3-aa9c-4da3-b460-276c67d70e18"/><referenceproperty classType="Property" humanType="Reference Property" icon="MTConnectAssets_files/icon_referenceproperty_339821129.svg" name="hasItemLifeWear" refid="04c59d7a-d774-4da8-88d1-138dce2f1a7c"/><referenceproperty classType="Property" humanType="Reference Property" icon="MTConnectAssets_files/icon_referenceproperty_339821129.svg" name="hasMeasurement" refid="61ee0a4a-391d-413a-be07-b7eaac1fffac"/><valueproperty classType="Property" humanType="Value Property" icon="MTConnectAssets_files/icon_valueproperty_924840719.svg" name="indices" refid="1271e8d1-d1f2-4a84-a80e-0a6b398e83db"/><valueproperty classType="Property" humanType="Value Property" icon="MTConnectAssets_files/icon_valueproperty_924840719.svg" name="itemId" refid="38c68ef3-892a-4d27-a6b6-7a34871724ae"/><valueproperty classType="Property" humanType="Value Property" icon="MTConnectAssets_files/icon_valueproperty_924840719.svg" name="Locus" refid="22b97a5a-a294-41b9-a514-f0c1d680f21a"/><valueproperty classType="Property" humanType="Value Property" icon="MTConnectAssets_files/icon_valueproperty_924840719.svg" name="manufacturers" refid="a63a4f5a-2701-4dfc-9647-7e07d024c1ff"/><valueproperty classType="Property" humanType="Value Property" icon="MTConnectAssets_files/icon_valueproperty_924840719.svg" name="ProgramToolGroup" refid="d9505bfd-72ea-4fab-99ce-e2f1dea6d901"/></ownedAttribute><ownedComment humanName="Owned Comment"><comment classType="Comment" humanType="Comment" icon="MTConnectAssets_files/icon_comment_1043177908.svg" refid="a09d2139-2ef8-471d-984e-1e7f96383697"/></ownedComment><ownedElement humanName="Owned Element"><comment classType="Comment" humanType="Comment" icon="MTConnectAssets_files/icon_comment_1043177908.svg" refid="a09d2139-2ef8-471d-984e-1e7f96383697"/><instancespecification classType="InstanceSpecification" humanType="Instance Specification" icon="MTConnectAssets_files/icon_instancespecification_13643661.svg" name=" : SysML::Blocks::Block" refid="e1dcb4b8-19d0-4886-b8b9-e8c9a4a03251"/><valueproperty classType="Property" humanType="Value Property" icon="MTConnectAssets_files/icon_valueproperty_924840719.svg" name="Description" refid="f16979d8-76ee-48ae-83c5-9901f28a0067"/><valueproperty classType="Property" humanType="Value Property" icon="MTConnectAssets_files/icon_valueproperty_924840719.svg" name="grade" refid="e09110bf-4f05-4311-99ed-5638fa7513a9"/><referenceproperty classType="Property" humanType="Reference Property" icon="MTConnectAssets_files/icon_referenceproperty_339821129.svg" name="hasCutterStatus" refid="76753458-68c7-4188-9c2f-d2f9db9adfd0"/><referenceproperty classType="Property" humanType="Reference Property" icon="MTConnectAssets_files/icon_referenceproperty_339821129.svg" name="hasItemLifeMinutes" refid="2184d6ac-2d03-4e8c-ad55-d163ecbfac5f"/><referenceproperty classType="Property" humanType="Reference Property" icon="MTConnectAssets_files/icon_referenceproperty_339821129.svg" name="hasItemLifePartCount" refid="9a9ac3d3-aa9c-4da3-b460-276c67d70e18"/><referenceproperty classType="Property" humanType="Reference Property" icon="MTConnectAssets_files/icon_referenceproperty_339821129.svg" name="hasItemLifeWear" refid="04c59d7a-d774-4da8-88d1-138dce2f1a7c"/><referenceproperty classType="Property" humanType="Reference Property" icon="MTConnectAssets_files/icon_referenceproperty_339821129.svg" name="hasMeasurement" refid="61ee0a4a-391d-413a-be07-b7eaac1fffac"/><valueproperty classType="Property" humanType="Value Property" icon="MTConnectAssets_files/icon_valueproperty_924840719.svg" name="indices" refid="1271e8d1-d1f2-4a84-a80e-0a6b398e83db"/><valueproperty classType="Property" humanType="Value Property" icon="MTConnectAssets_files/icon_valueproperty_924840719.svg" name="itemId" refid="38c68ef3-892a-4d27-a6b6-7a34871724ae"/><valueproperty classType="Property" humanType="Value Property" icon="MTConnectAssets_files/icon_valueproperty_924840719.svg" name="Locus" refid="22b97a5a-a294-41b9-a514-f0c1d680f21a"/><valueproperty classType="Property" humanType="Value Property" icon="MTConnectAssets_files/icon_valueproperty_924840719.svg" name="manufacturers" refid="a63a4f5a-2701-4dfc-9647-7e07d024c1ff"/><valueproperty classType="Property" humanType="Value Property" icon="MTConnectAssets_files/icon_valueproperty_924840719.svg" name="ProgramToolGroup" refid="d9505bfd-72ea-4fab-99ce-e2f1dea6d901"/></ownedElement><ownedMember humanName="Owned Member"><valueproperty classType="Property" humanType="Value Property" icon="MTConnectAssets_files/icon_valueproperty_924840719.svg" name="Description" refid="f16979d8-76ee-48ae-83c5-9901f28a0067"/><valueproperty classType="Property" humanType="Value Property" icon="MTConnectAssets_files/icon_valueproperty_924840719.svg" name="grade" refid="e09110bf-4f05-4311-99ed-5638fa7513a9"/><referenceproperty classType="Property" humanType="Reference Property" icon="MTConnectAssets_files/icon_referenceproperty_339821129.svg" name="hasCutterStatus" refid="76753458-68c7-4188-9c2f-d2f9db9adfd0"/><referenceproperty classType="Property" humanType="Reference Property" icon="MTConnectAssets_files/icon_referenceproperty_339821129.svg" name="hasItemLifeMinutes" refid="2184d6ac-2d03-4e8c-ad55-d163ecbfac5f"/><referenceproperty classType="Property" humanType="Reference Property" icon="MTConnectAssets_files/icon_referenceproperty_339821129.svg" name="hasItemLifePartCount" refid="9a9ac3d3-aa9c-4da3-b460-276c67d70e18"/><referenceproperty classType="Property" humanType="Reference Property" icon="MTConnectAssets_files/icon_referenceproperty_339821129.svg" name="hasItemLifeWear" refid="04c59d7a-d774-4da8-88d1-138dce2f1a7c"/><referenceproperty classType="Property" humanType="Reference Property" icon="MTConnectAssets_files/icon_referenceproperty_339821129.svg" name="hasMeasurement" refid="61ee0a4a-391d-413a-be07-b7eaac1fffac"/><valueproperty classType="Property" humanType="Value Property" icon="MTConnectAssets_files/icon_valueproperty_924840719.svg" name="indices" refid="1271e8d1-d1f2-4a84-a80e-0a6b398e83db"/><valueproperty classType="Property" humanType="Value Property" icon="MTConnectAssets_files/icon_valueproperty_924840719.svg" name="itemId" refid="38c68ef3-892a-4d27-a6b6-7a34871724ae"/><valueproperty classType="Property" humanType="Value Property" icon="MTConnectAssets_files/icon_valueproperty_924840719.svg" name="Locus" refid="22b97a5a-a294-41b9-a514-f0c1d680f21a"/><valueproperty classType="Property" humanType="Value Property" icon="MTConnectAssets_files/icon_valueproperty_924840719.svg" name="manufacturers" refid="a63a4f5a-2701-4dfc-9647-7e07d024c1ff"/><valueproperty classType="Property" humanType="Value Property" icon="MTConnectAssets_files/icon_valueproperty_924840719.svg" name="ProgramToolGroup" refid="d9505bfd-72ea-4fab-99ce-e2f1dea6d901"/></ownedMember><owner classType="Package" humanName="Owner" humanType="Package" icon="MTConnectAssets_files/icon_package_1622863652.svg" mode="s,e" name="CuttingItem" refid="c0e2f2c2-c8b4-4427-b8d2-ac774f2e1938"/><owningPackage classType="Package" humanName="Owning Package" humanType="Package" icon="MTConnectAssets_files/icon_package_1622863652.svg" name="CuttingItem" refid="c0e2f2c2-c8b4-4427-b8d2-ac774f2e1938"/><package classType="Package" humanName="Package" humanType="Package" icon="MTConnectAssets_files/icon_package_1622863652.svg" name="CuttingItem" refid="c0e2f2c2-c8b4-4427-b8d2-ac774f2e1938"/><qualifiedName humanName="Qualified Name" mode="e">Asset::CuttingTool::CuttingItem::CuttingItem</qualifiedName><role humanName="Role"><valueproperty classType="Property" humanType="Value Property" icon="MTConnectAssets_files/icon_valueproperty_924840719.svg" name="Description" refid="f16979d8-76ee-48ae-83c5-9901f28a0067"/><valueproperty classType="Property" humanType="Value Property" icon="MTConnectAssets_files/icon_valueproperty_924840719.svg" name="grade" refid="e09110bf-4f05-4311-99ed-5638fa7513a9"/><referenceproperty classType="Property" humanType="Reference Property" icon="MTConnectAssets_files/icon_referenceproperty_339821129.svg" name="hasCutterStatus" refid="76753458-68c7-4188-9c2f-d2f9db9adfd0"/><referenceproperty classType="Property" humanType="Reference Property" icon="MTConnectAssets_files/icon_referenceproperty_339821129.svg" name="hasItemLifeMinutes" refid="2184d6ac-2d03-4e8c-ad55-d163ecbfac5f"/><referenceproperty classType="Property" humanType="Reference Property" icon="MTConnectAssets_files/icon_referenceproperty_339821129.svg" name="hasItemLifePartCount" refid="9a9ac3d3-aa9c-4da3-b460-276c67d70e18"/><referenceproperty classType="Property" humanType="Reference Property" icon="MTConnectAssets_files/icon_referenceproperty_339821129.svg" name="hasItemLifeWear" refid="04c59d7a-d774-4da8-88d1-138dce2f1a7c"/><referenceproperty classType="Property" humanType="Reference Property" icon="MTConnectAssets_files/icon_referenceproperty_339821129.svg" name="hasMeasurement" refid="61ee0a4a-391d-413a-be07-b7eaac1fffac"/><valueproperty classType="Property" humanType="Value Property" icon="MTConnectAssets_files/icon_valueproperty_924840719.svg" name="indices" refid="1271e8d1-d1f2-4a84-a80e-0a6b398e83db"/><valueproperty classType="Property" humanType="Value Property" icon="MTConnectAssets_files/icon_valueproperty_924840719.svg" name="itemId" refid="38c68ef3-892a-4d27-a6b6-7a34871724ae"/><valueproperty classType="Property" humanType="Value Property" icon="MTConnectAssets_files/icon_valueproperty_924840719.svg" name="Locus" refid="22b97a5a-a294-41b9-a514-f0c1d680f21a"/><valueproperty classType="Property" humanType="Value Property" icon="MTConnectAssets_files/icon_valueproperty_924840719.svg" name="manufacturers" refid="a63a4f5a-2701-4dfc-9647-7e07d024c1ff"/><valueproperty classType="Property" humanType="Value Property" icon="MTConnectAssets_files/icon_valueproperty_924840719.svg" name="ProgramToolGroup" refid="d9505bfd-72ea-4fab-99ce-e2f1dea6d901"/></role><TO_DO humanName="To Do"/><usedAsType humanName="Used As Type"><property classType="Property" humanType="Property" icon="MTConnectAssets_files/icon_property_627361964.svg" name=" : Asset::CuttingTool::CuttingItem::CuttingItem" refid="f3841e53-8311-4cfc-90ea-a91f674876a7"/><property classType="Property" humanType="Property" icon="MTConnectAssets_files/icon_property_627361964.svg" name=" : Asset::CuttingTool::CuttingItem::CuttingItem" refid="ad24e6c1-09b9-4e3a-a144-6090b14ebc7c"/><property classType="Property" humanType="Property" icon="MTConnectAssets_files/icon_property_627361964.svg" name=" : Asset::CuttingTool::CuttingItem::CuttingItem" refid="cf56d405-f031-4571-b323-4fe784f7771d"/><property classType="Property" humanType="Property" icon="MTConnectAssets_files/icon_property_627361964.svg" name=" : Asset::CuttingTool::CuttingItem::CuttingItem" refid="d0a23b94-45a6-4fd0-a303-9ad55ed3b554"/><property classType="Property" humanType="Property" icon="MTConnectAssets_files/icon_property_627361964.svg" name=" : Asset::CuttingTool::CuttingItem::CuttingItem" refid="70b27e79-3d05-4413-9611-1041fe83f8ba"/><partproperty classType="Property" humanType="Part Property" icon="MTConnectAssets_files/icon_partproperty_1142063748.svg" name=" : Asset::CuttingTool::CuttingItem::CuttingItem [0..*]" refid="d774cdc5-8f61-4ff8-9ea9-2d5a9a93549c"/><referenceproperty classType="Property" humanType="Reference Property" icon="MTConnectAssets_files/icon_referenceproperty_339821129.svg" name="hasCuttingItem" refid="23fa1457-12e1-4d42-ab27-5599578f4e11"/></usedAsType><visibility humanName="Visibility">public</visibility><appearsIn><diagram classType="Diagram" humanType="Diagram" icon="MTConnectAssets_files/icon_SysML Block Definition Diagram_378716347.svg" name="CuttingToolLifeCycleModel" refid="ee864f60-1bb3-4e13-9955-1180841334a9"/><diagram classType="Diagram" humanType="Diagram" icon="MTConnectAssets_files/icon_SysML Block Definition Diagram_378716347.svg" name="CuttingItemModel" refid="6c1571f6-edf0-48ae-be83-2b1546ba3029"/></appearsIn></block></magicdraw>