<?xml version="1.0" encoding="UTF-8"?><magicdraw><enumerationliteral classType="EnumerationLiteral" humanType="Enumeration Literal" icon="MTConnectAssets_files/icon_enumerationliteral_1191775513.svg" id="20679f46-5f6e-43a9-863e-9d099cd7b804"><classifier humanName="Classifier"><valuetype classType="Enumeration" humanType="Value Type" icon="MTConnectAssets_files/icon_valuetype_122648214.svg" name="FormatType" refid="7ef82abd-98d0-4f0f-9ab6-79479d66597b"/></classifier><documentation humanName="Documentation" mode="standard">The document will be a text representation of the tool data.&#13;</documentation><enumeration classType="Enumeration" humanName="Enumeration" humanType="Value Type" icon="MTConnectAssets_files/icon_valuetype_122648214.svg" name="FormatType" refid="7ef82abd-98d0-4f0f-9ab6-79479d66597b"/><name humanName="Name" mode="s,e">TEXT</name><namespace classType="Enumeration" humanName="Namespace" humanType="Value Type" icon="MTConnectAssets_files/icon_valuetype_122648214.svg" name="FormatType" refid="7ef82abd-98d0-4f0f-9ab6-79479d66597b"/><ownedComment humanName="Owned Comment"><comment classType="Comment" humanType="Comment" icon="MTConnectAssets_files/icon_comment_1043177908.svg" refid="78b3e216-7d73-4849-8dc0-62696a26f798"/></ownedComment><ownedElement humanName="Owned Element"><comment classType="Comment" humanType="Comment" icon="MTConnectAssets_files/icon_comment_1043177908.svg" refid="78b3e216-7d73-4849-8dc0-62696a26f798"/></ownedElement><owner classType="Enumeration" humanName="Owner" humanType="Value Type" icon="MTConnectAssets_files/icon_valuetype_122648214.svg" mode="s,e" name="FormatType" refid="7ef82abd-98d0-4f0f-9ab6-79479d66597b"/><qualifiedName humanName="Qualified Name" mode="e">Asset::FormatType::TEXT</qualifiedName><TO_DO humanName="To Do" mode="s,e"/><visibility humanName="Visibility" mode="s,e">public</visibility></enumerationliteral></magicdraw>