<?xml version="1.0" encoding="UTF-8"?><magicdraw><instancespecification classType="InstanceSpecification" humanType="Instance Specification" icon="MTConnectAssets_files/icon_instancespecification_13643661.svg" id="20718db1-5cc9-43f0-b4b3-6a9c11ae1166"><classifier humanName="Classifier" mode="s,e"><stereotype classType="Stereotype" humanType="Stereotype" icon="MTConnectAssets_files/icon_stereotype_918307166.svg" name="Literal Annotation" refid="27da4e70-0012-4d27-82d7-37552b850484"/></classifier><documentation humanName="Documentation"/><name humanName="Name" mode="s,e"/><owner classType="Comment" humanName="Owner" humanType="Comment" icon="MTConnectAssets_files/icon_comment_1043177908.svg" mode="s,e" refid="3a0aa9a3-3ecd-426d-be98-1186219bee90"/><qualifiedName humanName="Qualified Name" mode="e"/><stereotypedElement classType="Comment" humanName="Stereotyped Element" humanType="Comment" icon="MTConnectAssets_files/icon_comment_1043177908.svg" refid="3a0aa9a3-3ecd-426d-be98-1186219bee90"/><TO_DO humanName="To Do" mode="s,e"/><visibility humanName="Visibility">public</visibility></instancespecification></magicdraw>