<?xml version="1.0" encoding="UTF-8"?><magicdraw><block classType="Class" humanType="Block" icon="MTConnectAssets_files/icon_block_1651251671.svg" id="207328e7-ad8d-4ecf-9d52-41e200ae02fb"><allGeneralClassifiers humanName="All General Classifiers"><block classType="Class" humanType="Block" icon="MTConnectAssets_files/icon_block_1651251671.svg" name="AssetDefinition" refid="a884e95f-4ee5-4e8f-b4fb-bd33bf9bedbe"/><block classType="Class" humanType="Block" icon="MTConnectAssets_files/icon_block_1651251671.svg" name="PartDefinition" refid="6838abbb-e371-43eb-a3d2-c7cf0abf4b23"/></allGeneralClassifiers><APPLIED_STEREOTYPES humanName="Applied Stereotype" mode="e"><stereotype classType="Stereotype" humanType="Stereotype" icon="MTConnectAssets_files/icon_stereotype_1651251671.svg" name="Block" refid="4b68b36d-0594-4f75-b1e5-32ed35a63dac"/></APPLIED_STEREOTYPES><appliedStereotype humanName="Applied Stereotype" mode="e"><stereotype classType="Stereotype" humanType="Stereotype" icon="MTConnectAssets_files/icon_stereotype_1651251671.svg" name="Block" refid="4b68b36d-0594-4f75-b1e5-32ed35a63dac"><property classType="Property" humanName="Base_ Class" humanType="Property" icon="MTConnectAssets_files/icon_property_627361964.svg" name="base_Class" refid="477489bc-0c5a-4fb7-b88b-b8f0b9c8e690"/><property classType="Property" humanName="Is Encapsulated" humanType="Property" icon="MTConnectAssets_files/icon_property_627361964.svg" name="isEncapsulated" refid="99deda41-88f7-4c37-be6d-57faab2222cc"/></stereotype></appliedStereotype><appliedStereotypeInstance classType="InstanceSpecification" humanName="Applied Stereotype Instance" humanType="Instance Specification" icon="MTConnectAssets_files/icon_instancespecification_13643661.svg" name=" : SysML::Blocks::Block" refid="b6634b4f-22d4-46ae-8ef8-031b2408a808"/><derivedExplanation humanName="Derived Explanation"/><documentation humanName="Documentation"/><effectiveIRI humanName="Effective IRI"/><general humanName="General"><block classType="Class" humanType="Block" icon="MTConnectAssets_files/icon_block_1651251671.svg" name="PartDefinition" refid="6838abbb-e371-43eb-a3d2-c7cf0abf4b23"/></general><generalization humanName="Generalization"><generalization classType="Generalization" humanType="Generalization" icon="MTConnectAssets_files/icon_generalization_1702478809.svg" isRelationship="true" refid="ea698ca3-2b99-4125-b7fc-94ae38753846"/></generalization><inheritedMember humanName="Inherited Member"><valueproperty classType="Property" humanType="Value Property" icon="MTConnectAssets_files/icon_valueproperty_469196179.svg" name="format" refid="41450070-41a2-4df0-a371-d6520b54bf05"/><valueproperty classType="Property" humanType="Value Property" icon="MTConnectAssets_files/icon_valueproperty_469196179.svg" name="value" refid="65f5cfa4-73a5-40b9-8eae-d5e1f7662917"/></inheritedMember><isAbstract humanName="Is Abstract">false</isAbstract><isActive humanName="Is Active" mode="e">false</isActive><isFinalSpecialization humanName="Is Final Specialization">false</isFinalSpecialization><isLeaf humanName="Is Leaf">false</isLeaf><member humanName="Member"><valueproperty classType="Property" humanType="Value Property" icon="MTConnectAssets_files/icon_valueproperty_469196179.svg" name="format" refid="41450070-41a2-4df0-a371-d6520b54bf05"/><valueproperty classType="Property" humanType="Value Property" icon="MTConnectAssets_files/icon_valueproperty_469196179.svg" name="value" refid="65f5cfa4-73a5-40b9-8eae-d5e1f7662917"/></member><name humanName="Name" mode="s,e">STEPDefinition</name><namespace classType="Package" humanName="Namespace" humanType="Package" icon="MTConnectAssets_files/icon_package_1622863652.svg" name="RelatedModels" refid="3c217c5d-5ebc-4543-a5c8-68eede621433"/><ownedElement humanName="Owned Element"><generalization classType="Generalization" humanType="Generalization" icon="MTConnectAssets_files/icon_generalization_1702478809.svg" isRelationship="true" refid="ea698ca3-2b99-4125-b7fc-94ae38753846"/><instancespecification classType="InstanceSpecification" humanType="Instance Specification" icon="MTConnectAssets_files/icon_instancespecification_13643661.svg" name=" : SysML::Blocks::Block" refid="b6634b4f-22d4-46ae-8ef8-031b2408a808"/></ownedElement><owner classType="Package" humanName="Owner" humanType="Package" icon="MTConnectAssets_files/icon_package_1622863652.svg" mode="s,e" name="RelatedModels" refid="3c217c5d-5ebc-4543-a5c8-68eede621433"/><owningPackage classType="Package" humanName="Owning Package" humanType="Package" icon="MTConnectAssets_files/icon_package_1622863652.svg" name="RelatedModels" refid="3c217c5d-5ebc-4543-a5c8-68eede621433"/><package classType="Package" humanName="Package" humanType="Package" icon="MTConnectAssets_files/icon_package_1622863652.svg" name="RelatedModels" refid="3c217c5d-5ebc-4543-a5c8-68eede621433"/><qualifiedName humanName="Qualified Name" mode="e">Asset::PartsProcesses::RelatedModels::STEPDefinition</qualifiedName><superClass humanName="Super Class"><block classType="Class" humanType="Block" icon="MTConnectAssets_files/icon_block_1651251671.svg" name="PartDefinition" refid="6838abbb-e371-43eb-a3d2-c7cf0abf4b23"/></superClass><TO_DO humanName="To Do"/><visibility humanName="Visibility">public</visibility><appearsIn><diagram classType="Diagram" humanType="Diagram" icon="MTConnectAssets_files/icon_SysML Block Definition Diagram_378716347.svg" name="PartArchetype_Overview" refid="9765b8e1-5903-40f6-a864-d7c656f7c768"/></appearsIn></block></magicdraw>