<?xml version="1.0" encoding="UTF-8"?><magicdraw><literalinteger classType="LiteralInteger" humanType="Literal Integer" icon="MTConnectAssets_files/icon_literalinteger_922180500.svg" id="20b30840-3f45-44be-b1ff-fba1d340537d"><documentation humanName="Documentation"/><name humanName="Name"/><owner classType="Property" humanName="Owner" humanType="Reference Property" icon="MTConnectAssets_files/icon_referenceproperty_151450878.svg" mode="e" name="customer" refid="99379d57-7ab3-4092-83ac-de9e924708a8"/><owningLower classType="Property" humanName="Owning Lower" humanType="Reference Property" icon="MTConnectAssets_files/icon_referenceproperty_151450878.svg" name="customer" refid="99379d57-7ab3-4092-83ac-de9e924708a8"/><qualifiedName humanName="Qualified Name">Asset::PartsProcesses::DataItems::PartCharacteristics::customer::</qualifiedName><text humanName="Text" mode="standard">1</text><TO_DO humanName="To Do"/><TYPE_MODIFIER humanName="Type Modifier"/><value humanName="Value" mode="s,e">1</value><visibility humanName="Visibility">public</visibility></literalinteger></magicdraw>