<?xml version="1.0" encoding="UTF-8"?><magicdraw><comment classType="Comment" humanType="Comment" icon="MTConnectAssets_files/icon_comment_1043177908.svg" id="2128fdc8-8010-43c5-bac4-539591bf840e"><annotatedElement humanName="Annotated Element" mode="s,e"><block classType="Class" humanType="Block" icon="MTConnectAssets_files/icon_block_1651251671.svg" name="Status" refid="e5d7ef17-4350-4d94-a851-c4afd5741fc0"/></annotatedElement><APPLIED_STEREOTYPES humanName="Applied Stereotype" mode="s,e"><stereotype classType="Stereotype" humanType="Stereotype" icon="MTConnectAssets_files/icon_stereotype_918307166.svg" name="Literal Annotation" refid="27da4e70-0012-4d27-82d7-37552b850484"/></APPLIED_STEREOTYPES><appliedStereotype humanName="Applied Stereotype" mode="s,e"><stereotype classType="Stereotype" humanType="Stereotype" icon="MTConnectAssets_files/icon_stereotype_918307166.svg" name="Literal Annotation" refid="27da4e70-0012-4d27-82d7-37552b850484"><property classType="Property" humanName="Annotation Property" humanType="Property" icon="MTConnectAssets_files/icon_property_627361964.svg" name="annotationProperty" refid="bd4991c2-5d93-4308-a1a1-119ad9527b35"/><property classType="Property" humanName="Base_ Comment" humanType="Property" icon="MTConnectAssets_files/icon_property_627361964.svg" name="base_Comment" refid="f2c09f51-6181-48f5-bfdb-f8b6a24f6a4e"/><property classType="Property" humanName="Base_ Comment" humanType="Property" icon="MTConnectAssets_files/icon_property_627361964.svg" name="base_Comment" refid="599041fd-fa2c-413e-b6ac-3cdae91fd8bc"/><property classType="Property" humanName="Datatype" humanType="Property" icon="MTConnectAssets_files/icon_property_627361964.svg" name="datatype" refid="6532307c-9673-4f13-b2f8-2718b8064e81"/><property classType="Property" humanName="Language" humanType="Property" icon="MTConnectAssets_files/icon_property_627361964.svg" name="language" refid="25b29731-65d0-4e3f-9393-2ed3e1834015"/></stereotype></appliedStereotype><appliedStereotypeInstance classType="InstanceSpecification" humanName="Applied Stereotype Instance" humanType="Instance Specification" icon="MTConnectAssets_files/icon_instancespecification_13643661.svg" name=" : Concept Modeling Profile::Literal Annotation" refid="de4a1096-68bb-410b-9e14-3a40263e78ac"/><body humanName="Body" mode="s,e">The status of the cutting tool.</body><documentation humanName="Documentation"/><ownedElement humanName="Owned Element"><instancespecification classType="InstanceSpecification" humanType="Instance Specification" icon="MTConnectAssets_files/icon_instancespecification_13643661.svg" name=" : Concept Modeling Profile::Literal Annotation" refid="de4a1096-68bb-410b-9e14-3a40263e78ac"/></ownedElement><owner classType="Class" humanName="Owner" humanType="Block" icon="MTConnectAssets_files/icon_block_1651251671.svg" mode="s,e" name="Status" refid="e5d7ef17-4350-4d94-a851-c4afd5741fc0"/><owningElement classType="Class" humanName="Owning Element" humanType="Block" icon="MTConnectAssets_files/icon_block_1651251671.svg" name="Status" refid="e5d7ef17-4350-4d94-a851-c4afd5741fc0"/><TO_DO humanName="To Do" mode="s,e"/></comment></magicdraw>