<?xml version="1.0" encoding="UTF-8"?><magicdraw><block classType="Class" humanType="Block" icon="MTConnectAssets_files/icon_block_1651251671.svg" id="2293b214-f588-41f4-a5fa-f9281fac979d"><allGeneralClassifiers humanName="All General Classifiers"><block classType="Class" humanType="Block" icon="MTConnectAssets_files/icon_block_1651251671.svg" name="AbstractFile" refid="8930d16d-2e9c-451b-aef6-8dbb761dfccd"/><class classType="Class" humanType="Class" icon="MTConnectAssets_files/icon_class_1682619279.svg" name="Asset" refid="aea0707d-65f2-42ed-99e4-af15a10b8d08"/><block classType="Class" humanType="Block" icon="MTConnectAssets_files/icon_block_1651251671.svg" name="Asset" refid="605ecbad-4515-4ca8-9ccb-25ca175744fa"/><class classType="Class" humanType="Class" icon="MTConnectAssets_files/icon_class_1682619279.svg" name="MTConnect Asset" refid="56291ac0-020f-4c06-8a9e-6ba3ef15c370"/><class classType="Class" humanType="Class" icon="MTConnectAssets_files/icon_class_1682619279.svg" name="Thing" refid="29aa616b-62a4-495a-b705-2071da78c907"/></allGeneralClassifiers><APPLIED_STEREOTYPES humanName="Applied Stereotype" mode="e"><stereotype classType="Stereotype" humanType="Stereotype" icon="MTConnectAssets_files/icon_stereotype_1271079013.svg" name="Block" refid="4b68b36d-0594-4f75-b1e5-32ed35a63dac"/></APPLIED_STEREOTYPES><appliedStereotype humanName="Applied Stereotype" mode="e"><stereotype classType="Stereotype" humanType="Stereotype" icon="MTConnectAssets_files/icon_stereotype_1271079013.svg" name="Block" refid="4b68b36d-0594-4f75-b1e5-32ed35a63dac"><property classType="Property" humanName="Base_ Class" humanType="Property" icon="MTConnectAssets_files/icon_property_627361964.svg" name="base_Class" refid="477489bc-0c5a-4fb7-b88b-b8f0b9c8e690"/><property classType="Property" humanName="Is Encapsulated" humanType="Property" icon="MTConnectAssets_files/icon_property_627361964.svg" name="isEncapsulated" refid="99deda41-88f7-4c37-be6d-57faab2222cc"/></stereotype></appliedStereotype><appliedStereotypeInstance classType="InstanceSpecification" humanName="Applied Stereotype Instance" humanType="Instance Specification" icon="MTConnectAssets_files/icon_instancespecification_13643661.svg" name=" : SysML::Blocks::Block" refid="6972d022-1c87-4737-a16d-3f379b7e30a8"/><derivedExplanation humanName="Derived Explanation"/><documentation humanName="Documentation"/><effectiveIRI humanName="Effective IRI"/><general humanName="General"><block classType="Class" humanType="Block" icon="MTConnectAssets_files/icon_block_1651251671.svg" name="AbstractFile" refid="8930d16d-2e9c-451b-aef6-8dbb761dfccd"/></general><generalization humanName="Generalization"><generalization classType="Generalization" humanType="Generalization" icon="MTConnectAssets_files/icon_generalization_1702478809.svg" isRelationship="true" refid="dfd5181b-d08b-4e83-a729-921aa9282720"/></generalization><inheritedMember humanName="Inherited Member"><valueproperty classType="Property" humanType="Value Property" icon="MTConnectAssets_files/icon_valueproperty_469196179.svg" name="applicationCategory" refid="7d585564-0c0f-4223-8491-5d764ad7bcd8"/><valueproperty classType="Property" humanType="Value Property" icon="MTConnectAssets_files/icon_valueproperty_469196179.svg" name="applicationType" refid="d23c87ef-1b3e-4fba-94aa-67a261db82b1"/><valueproperty classType="Property" humanType="Value Property" icon="MTConnectAssets_files/icon_valueproperty_469196179.svg" name="assetId" refid="250c4e64-40d4-4f93-b791-377455d96e43"/><property classType="Property" humanType="Property" icon="MTConnectAssets_files/icon_property_627361964.svg" name="assetId" refid="6311ca0e-56bf-4f45-8d21-13768036ee5c"/><property classType="Property" humanType="Property" icon="MTConnectAssets_files/icon_property_627361964.svg" name="belongs to" refid="fdd3706e-c363-4471-a308-ea70dbd1972f"/><property classType="Property" humanType="Property" icon="MTConnectAssets_files/icon_property_627361964.svg" name="can observe" refid="6336b8f7-7034-49a3-b284-5003de076de2"/><valueproperty classType="Property" humanType="Value Property" icon="MTConnectAssets_files/icon_valueproperty_469196179.svg" name="deviceUuid" refid="fb4a5708-07c2-408d-ba73-6963f59c4b72"/><partproperty classType="Property" humanType="Part Property" icon="MTConnectAssets_files/icon_partproperty_1289757170.svg" name="FileProperties" refid="967373b2-0ff1-4078-baa4-d88a22d77d58"/><referenceproperty classType="Property" humanType="Reference Property" icon="MTConnectAssets_files/icon_referenceproperty_151450878.svg" name="hasAssetReferences" refid="6b0883c1-2f3e-4768-825a-c4fb2a2da1e4"/><referenceproperty classType="Property" humanType="Reference Property" icon="MTConnectAssets_files/icon_referenceproperty_151450878.svg" name="hasDefinition" refid="7f9ea478-291a-490c-a023-55fe1a98275f"/><valueproperty classType="Property" humanType="Value Property" icon="MTConnectAssets_files/icon_valueproperty_469196179.svg" name="hasDescription" refid="d20b9322-4a98-4267-9717-0bafa9fa5bf4"/><property classType="Property" humanType="Property" icon="MTConnectAssets_files/icon_property_627361964.svg" name="made observation" refid="926c1f4b-f085-4432-bbd0-54727219ad66"/><valueproperty classType="Property" humanType="Value Property" icon="MTConnectAssets_files/icon_valueproperty_469196179.svg" name="mediaType" refid="f8d61ba6-b997-48d9-990b-d96d4d150124"/><valueproperty classType="Property" humanType="Value Property" icon="MTConnectAssets_files/icon_valueproperty_469196179.svg" name="name" refid="22dfb993-9cea-40e1-ab84-2d782da80918"/><valueproperty classType="Property" humanType="Value Property" icon="MTConnectAssets_files/icon_valueproperty_469196179.svg" name="removed" refid="f900922b-e078-42d0-85d5-e9ec83d5b6e5"/><valueproperty classType="Property" humanType="Value Property" icon="MTConnectAssets_files/icon_valueproperty_469196179.svg" name="timestamp" refid="e1accf7f-f2e8-40b9-ae1a-2e0f4801d288"/></inheritedMember><isAbstract humanName="Is Abstract">false</isAbstract><isActive humanName="Is Active" mode="e">false</isActive><isFinalSpecialization humanName="Is Final Specialization">false</isFinalSpecialization><isLeaf humanName="Is Leaf">false</isLeaf><member humanName="Member"><valueproperty classType="Property" humanType="Value Property" icon="MTConnectAssets_files/icon_valueproperty_469196179.svg" name="applicationCategory" refid="7d585564-0c0f-4223-8491-5d764ad7bcd8"/><valueproperty classType="Property" humanType="Value Property" icon="MTConnectAssets_files/icon_valueproperty_469196179.svg" name="applicationType" refid="d23c87ef-1b3e-4fba-94aa-67a261db82b1"/><valueproperty classType="Property" humanType="Value Property" icon="MTConnectAssets_files/icon_valueproperty_469196179.svg" name="assetId" refid="250c4e64-40d4-4f93-b791-377455d96e43"/><property classType="Property" humanType="Property" icon="MTConnectAssets_files/icon_property_627361964.svg" name="assetId" refid="6311ca0e-56bf-4f45-8d21-13768036ee5c"/><property classType="Property" humanType="Property" icon="MTConnectAssets_files/icon_property_627361964.svg" name="belongs to" refid="fdd3706e-c363-4471-a308-ea70dbd1972f"/><property classType="Property" humanType="Property" icon="MTConnectAssets_files/icon_property_627361964.svg" name="can observe" refid="6336b8f7-7034-49a3-b284-5003de076de2"/><valueproperty classType="Property" humanType="Value Property" icon="MTConnectAssets_files/icon_valueproperty_469196179.svg" name="deviceUuid" refid="fb4a5708-07c2-408d-ba73-6963f59c4b72"/><partproperty classType="Property" humanType="Part Property" icon="MTConnectAssets_files/icon_partproperty_1289757170.svg" name="FileProperties" refid="967373b2-0ff1-4078-baa4-d88a22d77d58"/><referenceproperty classType="Property" humanType="Reference Property" icon="MTConnectAssets_files/icon_referenceproperty_151450878.svg" name="hasAssetReferences" refid="6b0883c1-2f3e-4768-825a-c4fb2a2da1e4"/><referenceproperty classType="Property" humanType="Reference Property" icon="MTConnectAssets_files/icon_referenceproperty_151450878.svg" name="hasDefinition" refid="7f9ea478-291a-490c-a023-55fe1a98275f"/><valueproperty classType="Property" humanType="Value Property" icon="MTConnectAssets_files/icon_valueproperty_469196179.svg" name="hasDescription" refid="d20b9322-4a98-4267-9717-0bafa9fa5bf4"/><property classType="Property" humanType="Property" icon="MTConnectAssets_files/icon_property_627361964.svg" name="made observation" refid="926c1f4b-f085-4432-bbd0-54727219ad66"/><valueproperty classType="Property" humanType="Value Property" icon="MTConnectAssets_files/icon_valueproperty_469196179.svg" name="mediaType" refid="f8d61ba6-b997-48d9-990b-d96d4d150124"/><valueproperty classType="Property" humanType="Value Property" icon="MTConnectAssets_files/icon_valueproperty_469196179.svg" name="name" refid="22dfb993-9cea-40e1-ab84-2d782da80918"/><valueproperty classType="Property" humanType="Value Property" icon="MTConnectAssets_files/icon_valueproperty_469196179.svg" name="removed" refid="f900922b-e078-42d0-85d5-e9ec83d5b6e5"/><valueproperty classType="Property" humanType="Value Property" icon="MTConnectAssets_files/icon_valueproperty_469196179.svg" name="timestamp" refid="e1accf7f-f2e8-40b9-ae1a-2e0f4801d288"/></member><name humanName="Name" mode="s,e">FileArchetype</name><namespace classType="Package" humanName="Namespace" humanType="Package" icon="MTConnectAssets_files/icon_package_1622863652.svg" name="Files" refid="d22ab173-9cd8-4e76-a856-97a0e0a81075"/><ownedElement humanName="Owned Element"><generalization classType="Generalization" humanType="Generalization" icon="MTConnectAssets_files/icon_generalization_1702478809.svg" isRelationship="true" refid="dfd5181b-d08b-4e83-a729-921aa9282720"/><instancespecification classType="InstanceSpecification" humanType="Instance Specification" icon="MTConnectAssets_files/icon_instancespecification_13643661.svg" name=" : SysML::Blocks::Block" refid="6972d022-1c87-4737-a16d-3f379b7e30a8"/></ownedElement><owner classType="Package" humanName="Owner" humanType="Package" icon="MTConnectAssets_files/icon_package_1622863652.svg" mode="s,e" name="Files" refid="d22ab173-9cd8-4e76-a856-97a0e0a81075"/><owningPackage classType="Package" humanName="Owning Package" humanType="Package" icon="MTConnectAssets_files/icon_package_1622863652.svg" name="Files" refid="d22ab173-9cd8-4e76-a856-97a0e0a81075"/><package classType="Package" humanName="Package" humanType="Package" icon="MTConnectAssets_files/icon_package_1622863652.svg" name="Files" refid="d22ab173-9cd8-4e76-a856-97a0e0a81075"/><qualifiedName humanName="Qualified Name" mode="e">Asset::Files::FileArchetype</qualifiedName><superClass humanName="Super Class"><block classType="Class" humanType="Block" icon="MTConnectAssets_files/icon_block_1651251671.svg" name="AbstractFile" refid="8930d16d-2e9c-451b-aef6-8dbb761dfccd"/></superClass><TO_DO humanName="To Do"/><visibility humanName="Visibility">public</visibility><appearsIn><diagram classType="Diagram" humanType="Diagram" icon="MTConnectAssets_files/icon_SysML Block Definition Diagram_378716347.svg" name="Files" refid="e72fe391-bb02-4a49-958d-caf61a9c7560"/></appearsIn></block></magicdraw>