<?xml version="1.0" encoding="UTF-8"?><magicdraw><property classType="Property" humanType="Property" icon="MTConnectAssets_files/icon_property_627361964.svg" id="2310de7c-8c95-49cb-8c78-0bf3746d5838"><aggregation humanName="Aggregation" mode="s,e">composite</aggregation><UMLClass classType="Class" humanName="Class" humanType="Class" icon="MTConnectAssets_files/icon_class_1682619279.svg" name="VendorType" refid="c756d389-bc26-4cec-84e4-617a61891acc"/><classifier classType="Class" humanName="Classifier" humanType="Class" icon="MTConnectAssets_files/icon_class_1682619279.svg" name="VendorType" refid="c756d389-bc26-4cec-84e4-617a61891acc"/><documentation humanName="Documentation"/><effectiveIRI humanName="Effective IRI"/><featuringClassifier classType="Class" humanName="Featuring Classifier" humanType="Class" icon="MTConnectAssets_files/icon_class_1682619279.svg" name="VendorType" refid="c756d389-bc26-4cec-84e4-617a61891acc"/><isComposite humanName="Is Composite">true</isComposite><isDerived humanName="Is Derived" mode="s,e">false</isDerived><isDerivedUnion humanName="Is Derived Union" mode="e">false</isDerivedUnion><isID humanName="Is ID" mode="e">false</isID><isLeaf humanName="Is Leaf">false</isLeaf><isOrdered humanName="Is Ordered" mode="e">false</isOrdered><isReadOnly humanName="Is Read Only" mode="s,e">false</isReadOnly><isStatic humanName="Is Static" mode="s,e">false</isStatic><isUnique humanName="Is Unique" mode="e">true</isUnique><lower humanName="Lower">1</lower><lowerValue classType="LiteralInteger" humanName="Lower Value" humanType="Literal Integer" icon="MTConnectAssets_files/icon_literalinteger_922180500.svg" name="1" refid="e7831c2c-1757-464d-945e-6c419cc74c30" text="1"/><multiplicity humanName="Multiplicity" mode="s,e">1</multiplicity><multiplicity humanName="Multiplicity" mode="s,e">1</multiplicity><name humanName="Name" mode="s,e">vendorID</name><namespace classType="Class" humanName="Namespace" humanType="Class" icon="MTConnectAssets_files/icon_class_1682619279.svg" name="VendorType" refid="c756d389-bc26-4cec-84e4-617a61891acc"/><navigable humanName="Navigable">true</navigable><ownedBy classType="Class" humanName="Owned By" humanType="Class" icon="MTConnectAssets_files/icon_class_1682619279.svg" name="VendorType" refid="c756d389-bc26-4cec-84e4-617a61891acc"/><ownedElement humanName="Owned Element"><literalinteger classType="LiteralInteger" humanType="Literal Integer" icon="MTConnectAssets_files/icon_literalinteger_922180500.svg" name="1" refid="e7831c2c-1757-464d-945e-6c419cc74c30" text="1"/><literalunlimitednatural classType="LiteralUnlimitedNatural" humanType="Literal Unlimited Natural" icon="MTConnectAssets_files/icon_literalunlimitednatural_919671508.svg" name="1" refid="e553daa5-86f4-425d-9f2c-17af564680ff" text="1"/></ownedElement><owner classType="Class" humanName="Owner" humanType="Class" icon="MTConnectAssets_files/icon_class_1682619279.svg" name="VendorType" refid="c756d389-bc26-4cec-84e4-617a61891acc"/><qualifiedName humanName="Qualified Name" mode="e">Asset::PartsProcesses::DataItems::PartCharacteristics::MaterialType::VendorType::vendorID</qualifiedName><redefinitionContext humanName="Redefinition Context"><class classType="Class" humanType="Class" icon="MTConnectAssets_files/icon_class_1682619279.svg" name="VendorType" refid="c756d389-bc26-4cec-84e4-617a61891acc"/></redefinitionContext><TO_DO humanName="To Do" mode="s,e"/><type classType="DataType" humanName="Type" humanType="Value Type" icon="MTConnectAssets_files/icon_valuetype_395112008.svg" mode="s,e" name="string" refid="b12c5fb1-4355-4664-b354-d60bb7efe46e"/><TYPE_MODIFIER humanName="Type Modifier" mode="e"/><upper humanName="Upper">1</upper><upperValue classType="LiteralUnlimitedNatural" humanName="Upper Value" humanType="Literal Unlimited Natural" icon="MTConnectAssets_files/icon_literalunlimitednatural_919671508.svg" name="1" refid="e553daa5-86f4-425d-9f2c-17af564680ff" text="1"/></property></magicdraw>