<?xml version="1.0" encoding="UTF-8"?><magicdraw><literalinteger classType="LiteralInteger" humanType="Literal Integer" icon="MTConnectAssets_files/icon_literalinteger_922180500.svg" id="237aeed8-9065-485a-936e-fac79e6c97bf"><documentation humanName="Documentation"/><name humanName="Name"/><owner classType="Property" humanName="Owner" humanType="Value Property" icon="MTConnectAssets_files/icon_valueproperty_469196179.svg" mode="e" name="ConnectionCodeMachineSide" refid="ddc5516c-21cd-4e28-9346-de60045e543e"/><owningLower classType="Property" humanName="Owning Lower" humanType="Value Property" icon="MTConnectAssets_files/icon_valueproperty_469196179.svg" name="ConnectionCodeMachineSide" refid="ddc5516c-21cd-4e28-9346-de60045e543e"/><qualifiedName humanName="Qualified Name">Asset::CuttingTool::CuttingToolLifeCycle::ConnectionCodeMachineSide::</qualifiedName><text humanName="Text" mode="standard">0</text><TO_DO humanName="To Do"/><TYPE_MODIFIER humanName="Type Modifier"/><value humanName="Value" mode="s,e">0</value><visibility humanName="Visibility">public</visibility></literalinteger></magicdraw>