<?xml version="1.0" encoding="UTF-8"?><magicdraw><property classType="Property" humanType="Property" icon="MTConnectAssets_files/icon_property_627361964.svg" id="23a1782d-e7c0-4b3e-9764-6be45288c5c2"><aggregation humanName="Aggregation" mode="s,e">shared</aggregation><UMLClass classType="Class" humanName="Class" humanType="Block" icon="MTConnectAssets_files/icon_block_1651251671.svg" name="ControlProgram" refid="fb5b5ad6-ee13-47ab-ad73-65b8ab1b26f6"/><classifier classType="Class" humanName="Classifier" humanType="Block" icon="MTConnectAssets_files/icon_block_1651251671.svg" name="ControlProgram" refid="fb5b5ad6-ee13-47ab-ad73-65b8ab1b26f6"/><documentation humanName="Documentation"/><effectiveIRI humanName="Effective IRI"/><featuringClassifier classType="Class" humanName="Featuring Classifier" humanType="Block" icon="MTConnectAssets_files/icon_block_1651251671.svg" name="ControlProgram" refid="fb5b5ad6-ee13-47ab-ad73-65b8ab1b26f6"/><isComposite humanName="Is Composite">false</isComposite><isDerived humanName="Is Derived" mode="s,e">false</isDerived><isDerivedUnion humanName="Is Derived Union" mode="e">false</isDerivedUnion><isID humanName="Is ID" mode="e">false</isID><isLeaf humanName="Is Leaf">false</isLeaf><isOrdered humanName="Is Ordered" mode="e">false</isOrdered><isReadOnly humanName="Is Read Only" mode="s,e">false</isReadOnly><isStatic humanName="Is Static" mode="s,e">false</isStatic><isUnique humanName="Is Unique" mode="e">true</isUnique><lower humanName="Lower">1</lower><multiplicity humanName="Multiplicity" mode="s,e"/><multiplicity humanName="Multiplicity" mode="s,e"/><name humanName="Name" mode="s,e">restrictions</name><namespace classType="Class" humanName="Namespace" humanType="Block" icon="MTConnectAssets_files/icon_block_1651251671.svg" name="ControlProgram" refid="fb5b5ad6-ee13-47ab-ad73-65b8ab1b26f6"/><navigable humanName="Navigable">true</navigable><ownedBy classType="Class" humanName="Owned By" humanType="Block" icon="MTConnectAssets_files/icon_block_1651251671.svg" name="ControlProgram" refid="fb5b5ad6-ee13-47ab-ad73-65b8ab1b26f6"/><owner classType="Class" humanName="Owner" humanType="Block" icon="MTConnectAssets_files/icon_block_1651251671.svg" name="ControlProgram" refid="fb5b5ad6-ee13-47ab-ad73-65b8ab1b26f6"/><qualifiedName humanName="Qualified Name" mode="e">Asset::PartsProcesses::DataItems::ControlProgram::restrictions</qualifiedName><redefinitionContext humanName="Redefinition Context"><block classType="Class" humanType="Block" icon="MTConnectAssets_files/icon_block_1651251671.svg" name="ControlProgram" refid="fb5b5ad6-ee13-47ab-ad73-65b8ab1b26f6"/></redefinitionContext><TO_DO humanName="To Do" mode="s,e"/><TYPE_MODIFIER humanName="Type Modifier" mode="e"/><upper humanName="Upper">1</upper><visibility humanName="Visibility" mode="e">public</visibility></property></magicdraw>