<?xml version="1.0" encoding="UTF-8"?><magicdraw><literalunlimitednatural classType="LiteralUnlimitedNatural" humanType="Literal Unlimited Natural" icon="MTConnectAssets_files/icon_literalunlimitednatural_919671508.svg" id="23d4a988-1964-4ea1-85ae-7ff7ffc1900e"><documentation humanName="Documentation"/><name humanName="Name"/><owner classType="Property" humanName="Owner" humanType="Part Property" icon="MTConnectAssets_files/icon_partproperty_1289757170.svg" mode="e" name="uniqueID" refid="f706987e-0cc3-43aa-bb34-8fd0dafc66e9"/><owningUpper classType="Property" humanName="Owning Upper" humanType="Part Property" icon="MTConnectAssets_files/icon_partproperty_1289757170.svg" name="uniqueID" refid="f706987e-0cc3-43aa-bb34-8fd0dafc66e9"/><qualifiedName humanName="Qualified Name">Asset::PartsProcesses::Components::Part::uniqueID::</qualifiedName><text humanName="Text" mode="standard">*</text><TO_DO humanName="To Do"/><TYPE_MODIFIER humanName="Type Modifier"/><value humanName="Value" mode="s,e">-1</value><visibility humanName="Visibility">public</visibility></literalunlimitednatural></magicdraw>