<?xml version="1.0" encoding="UTF-8"?><magicdraw><literalinteger classType="LiteralInteger" humanType="Literal Integer" icon="MTConnectAssets_files/icon_literalinteger_922180500.svg" id="23ded308-b225-48ef-b494-d34e6770256a"><documentation humanName="Documentation"/><name humanName="Name"/><owner classType="Property" humanName="Owner" humanType="Reference Property" icon="MTConnectAssets_files/icon_referenceproperty_151450878.svg" mode="e" name="rawMaterial" refid="70f94781-0f43-40dc-8952-be3d2c46ff07"/><owningLower classType="Property" humanName="Owning Lower" humanType="Reference Property" icon="MTConnectAssets_files/icon_referenceproperty_151450878.svg" name="rawMaterial" refid="70f94781-0f43-40dc-8952-be3d2c46ff07"/><qualifiedName humanName="Qualified Name">Asset::PartsProcesses::DataItems::PartCharacteristics::rawMaterial::</qualifiedName><text humanName="Text" mode="standard">1</text><TO_DO humanName="To Do"/><TYPE_MODIFIER humanName="Type Modifier"/><value humanName="Value" mode="s,e">1</value><visibility humanName="Visibility">public</visibility></literalinteger></magicdraw>