<?xml version="1.0" encoding="UTF-8"?><magicdraw><partproperty classType="Property" humanType="Part Property" icon="MTConnectAssets_files/icon_partproperty_1142063748.svg" id="245f4492-6a80-466e-a211-556e9d75d709"><aggregation humanName="Aggregation" mode="s,e">composite</aggregation><APPLIED_STEREOTYPES humanName="Applied Stereotype" mode="s,e"><stereotype classType="Stereotype" humanType="Stereotype" icon="MTConnectAssets_files/icon_stereotype_1142063748.svg" name="PartProperty" refid="62e3a8d4-2046-4838-b69b-089f9235c089"/></APPLIED_STEREOTYPES><appliedStereotype humanName="Applied Stereotype" mode="s,e"><stereotype classType="Stereotype" humanType="Stereotype" icon="MTConnectAssets_files/icon_stereotype_1142063748.svg" name="PartProperty" refid="62e3a8d4-2046-4838-b69b-089f9235c089"><property classType="Property" humanName="Base_ Element" humanType="Property" icon="MTConnectAssets_files/icon_property_627361964.svg" name="base_Element" refid="f2b6fe0b-c570-47bb-81f0-cd774bc371ca"/><property classType="Property" humanName="Base_ Property" humanType="Property" icon="MTConnectAssets_files/icon_property_627361964.svg" name="base_Property" refid="db5aab2b-4f16-4ffb-9c60-fc0f54b17134"/><property classType="Property" humanName="Base_ Property" humanType="Property" icon="MTConnectAssets_files/icon_property_627361964.svg" name="base_Property" refid="d9d23dab-47bb-4563-8650-7825c3db8019"/></stereotype></appliedStereotype><appliedStereotypeInstance classType="InstanceSpecification" humanName="Applied Stereotype Instance" humanType="Instance Specification" icon="MTConnectAssets_files/icon_instancespecification_13643661.svg" name=" : MD Customization for SysML::additional_stereotypes::PartProperty" refid="79eee33d-a9be-4615-8c64-78e977a8264e"/><UMLClass classType="AssociationClass" humanName="Class" humanType="Block" icon="MTConnectAssets_files/icon_block_1271079013.svg" isRelationship="true" name="CuttingItems" refid="b26fa7ef-c699-4df2-b6a3-7925fc1c3cee"/><classifier classType="AssociationClass" humanName="Classifier" humanType="Block" icon="MTConnectAssets_files/icon_block_1271079013.svg" isRelationship="true" name="CuttingItems" refid="b26fa7ef-c699-4df2-b6a3-7925fc1c3cee"/><documentation humanName="Documentation"/><effectiveIRI humanName="Effective IRI"/><featuringClassifier classType="AssociationClass" humanName="Featuring Classifier" humanType="Block" icon="MTConnectAssets_files/icon_block_1271079013.svg" isRelationship="true" name="CuttingItems" refid="b26fa7ef-c699-4df2-b6a3-7925fc1c3cee"/><isComposite humanName="Is Composite">true</isComposite><isDerived humanName="Is Derived" mode="s,e">false</isDerived><isDerivedUnion humanName="Is Derived Union" mode="e">false</isDerivedUnion><isID humanName="Is ID" mode="e">false</isID><isLeaf humanName="Is Leaf">false</isLeaf><isOrdered humanName="Is Ordered" mode="e">false</isOrdered><isReadOnly humanName="Is Read Only" mode="s,e">false</isReadOnly><isStatic humanName="Is Static" mode="s,e">false</isStatic><isUnique humanName="Is Unique" mode="e">true</isUnique><lower humanName="Lower">1</lower><multiplicity humanName="Multiplicity" mode="s,e"/><multiplicity humanName="Multiplicity" mode="s,e"/><name humanName="Name" mode="s,e"/><namespace classType="AssociationClass" humanName="Namespace" humanType="Block" icon="MTConnectAssets_files/icon_block_1271079013.svg" isRelationship="true" name="CuttingItems" refid="b26fa7ef-c699-4df2-b6a3-7925fc1c3cee"/><navigable humanName="Navigable">true</navigable><ownedBy classType="AssociationClass" humanName="Owned By" humanType="Block" icon="MTConnectAssets_files/icon_block_1271079013.svg" isRelationship="true" name="CuttingItems" refid="b26fa7ef-c699-4df2-b6a3-7925fc1c3cee"/><ownedElement humanName="Owned Element"><instancespecification classType="InstanceSpecification" humanType="Instance Specification" icon="MTConnectAssets_files/icon_instancespecification_13643661.svg" name=" : MD Customization for SysML::additional_stereotypes::PartProperty" refid="79eee33d-a9be-4615-8c64-78e977a8264e"/></ownedElement><owner classType="AssociationClass" humanName="Owner" humanType="Block" icon="MTConnectAssets_files/icon_block_1271079013.svg" isRelationship="true" name="CuttingItems" refid="b26fa7ef-c699-4df2-b6a3-7925fc1c3cee"/><qualifiedName humanName="Qualified Name" mode="e">Asset::CuttingTool::CuttingItem::CuttingItems::</qualifiedName><redefinitionContext humanName="Redefinition Context"><block classType="AssociationClass" humanType="Block" icon="MTConnectAssets_files/icon_block_1271079013.svg" isRelationship="true" name="CuttingItems" refid="b26fa7ef-c699-4df2-b6a3-7925fc1c3cee"/></redefinitionContext><TO_DO humanName="To Do" mode="s,e"/><type classType="Class" humanName="Type" humanType="Block" icon="MTConnectAssets_files/icon_block_1271079013.svg" mode="s,e" name="CuttingToolLifeCycle" refid="be01f8a1-6645-424a-92cf-c1756524a031"/><TYPE_MODIFIER humanName="Type Modifier" mode="e"/><upper humanName="Upper">1</upper><visibility humanName="Visibility" mode="e">public</visibility><appearsIn><diagram classType="Diagram" humanType="Diagram" icon="MTConnectAssets_files/icon_SysML Block Definition Diagram_378716347.svg" name="CuttingToolLifeCycleModel" refid="ee864f60-1bb3-4e13-9955-1180841334a9"/></appearsIn></partproperty></magicdraw>