<?xml version="1.0" encoding="UTF-8"?><magicdraw><instancespecification classType="InstanceSpecification" humanType="Instance Specification" icon="MTConnectAssets_files/icon_instancespecification_13643661.svg" id="2461fbe4-1558-41b6-961e-261771522aaf"><classifier humanName="Classifier" mode="s,e"><stereotype classType="Stereotype" humanType="Stereotype" icon="MTConnectAssets_files/icon_stereotype_1271079013.svg" name="Block" refid="4b68b36d-0594-4f75-b1e5-32ed35a63dac"/></classifier><documentation humanName="Documentation"/><name humanName="Name" mode="s,e"/><owner classType="Class" humanName="Owner" humanType="Block" icon="MTConnectAssets_files/icon_block_1651251671.svg" mode="s,e" name="Location" refid="e7ee6f97-398d-4fe7-b12a-3c033882a5e2"/><qualifiedName humanName="Qualified Name" mode="e">Asset::CuttingTool::Location::</qualifiedName><stereotypedElement classType="Class" humanName="Stereotyped Element" humanType="Block" icon="MTConnectAssets_files/icon_block_1651251671.svg" name="Location" refid="e7ee6f97-398d-4fe7-b12a-3c033882a5e2"/><TO_DO humanName="To Do" mode="s,e"/><visibility humanName="Visibility">public</visibility></instancespecification></magicdraw>