<?xml version="1.0" encoding="UTF-8"?><magicdraw><literalstring classType="LiteralString" humanType="Literal String" icon="MTConnectAssets_files/icon_literalstring_989251045.svg" id="24e6c672-83fc-442e-8177-c5f1737abcbd"><documentation humanName="Documentation"/><name humanName="Name"/><owner classType="Slot" humanName="Owner" humanType="Slot" icon="MTConnectAssets_files/icon_slot_1314472474.svg" mode="e" refid="17eb15b9-7f1e-49ff-ba61-827be41d8d67"/><owningSlot classType="Slot" humanName="Owning Slot" humanType="Slot" icon="MTConnectAssets_files/icon_slot_1314472474.svg" refid="17eb15b9-7f1e-49ff-ba61-827be41d8d67"/><qualifiedName humanName="Qualified Name"/><text humanName="Text" mode="standard">tsprock</text><TO_DO humanName="To Do"/><TYPE_MODIFIER humanName="Type Modifier"/><value humanName="Value" mode="s,e">tsprock</value><visibility humanName="Visibility">public</visibility></literalstring></magicdraw>