<?xml version="1.0" encoding="UTF-8"?><magicdraw><literalinteger classType="LiteralInteger" humanType="Literal Integer" icon="MTConnectAssets_files/icon_literalinteger_922180500.svg" id="2552f262-cff8-4465-b934-3a81a9601344"><documentation humanName="Documentation"/><name humanName="Name"/><owner classType="Property" humanName="Owner" humanType="Value Property" icon="MTConnectAssets_files/icon_valueproperty_924840719.svg" mode="e" name="Locus" refid="22b97a5a-a294-41b9-a514-f0c1d680f21a"/><owningLower classType="Property" humanName="Owning Lower" humanType="Value Property" icon="MTConnectAssets_files/icon_valueproperty_924840719.svg" name="Locus" refid="22b97a5a-a294-41b9-a514-f0c1d680f21a"/><qualifiedName humanName="Qualified Name">Asset::CuttingTool::CuttingItem::CuttingItem::Locus::</qualifiedName><text humanName="Text" mode="standard">0</text><TO_DO humanName="To Do"/><TYPE_MODIFIER humanName="Type Modifier"/><value humanName="Value" mode="s,e">0</value><visibility humanName="Visibility">public</visibility></literalinteger></magicdraw>