<?xml version="1.0" encoding="UTF-8"?><magicdraw><instancespecification classType="InstanceSpecification" humanType="Instance Specification" icon="MTConnectAssets_files/icon_instancespecification_13643661.svg" id="25e7c5cc-73f4-4a51-98f2-4a99df506e4c"><classifier humanName="Classifier" mode="s,e"><stereotype classType="Stereotype" humanType="Stereotype" icon="MTConnectAssets_files/icon_stereotype_469196179.svg" name="ValueProperty" refid="f9f8ec08-03ee-474f-9513-fba19063df38"/></classifier><documentation humanName="Documentation"/><name humanName="Name" mode="s,e"/><owner classType="Property" humanName="Owner" humanType="Value Property" icon="MTConnectAssets_files/icon_valueproperty_924840719.svg" mode="s,e" name="nominal" refid="baab7908-4399-44ac-bb72-1d915b3d9301"/><qualifiedName humanName="Qualified Name" mode="e">Asset::CuttingTool::Measurement::nominal::</qualifiedName><stereotypedElement classType="Property" humanName="Stereotyped Element" humanType="Value Property" icon="MTConnectAssets_files/icon_valueproperty_924840719.svg" name="nominal" refid="baab7908-4399-44ac-bb72-1d915b3d9301"/><TO_DO humanName="To Do" mode="s,e"/><visibility humanName="Visibility">public</visibility></instancespecification></magicdraw>