<?xml version="1.0" encoding="UTF-8"?><magicdraw><referenceproperty classType="Property" humanType="Reference Property" icon="MTConnectAssets_files/icon_referenceproperty_151450878.svg" id="26e15622-d73e-449c-9e83-be2a30a72f71"><aggregation humanName="Aggregation" mode="s,e">none</aggregation><APPLIED_STEREOTYPES humanName="Applied Stereotype" mode="s,e"><stereotype classType="Stereotype" humanType="Stereotype" icon="MTConnectAssets_files/icon_stereotype_151450878.svg" name="ReferenceProperty" refid="f430da61-f435-4fb1-b6a5-858074ac8e17"/></APPLIED_STEREOTYPES><appliedStereotype humanName="Applied Stereotype" mode="s,e"><stereotype classType="Stereotype" humanType="Stereotype" icon="MTConnectAssets_files/icon_stereotype_151450878.svg" name="ReferenceProperty" refid="f430da61-f435-4fb1-b6a5-858074ac8e17"><property classType="Property" humanName="Base_ Element" humanType="Property" icon="MTConnectAssets_files/icon_property_627361964.svg" name="base_Element" refid="f2b6fe0b-c570-47bb-81f0-cd774bc371ca"/><property classType="Property" humanName="Base_ Property" humanType="Property" icon="MTConnectAssets_files/icon_property_627361964.svg" name="base_Property" refid="d9d23dab-47bb-4563-8650-7825c3db8019"/><property classType="Property" humanName="Base_ Property" humanType="Property" icon="MTConnectAssets_files/icon_property_627361964.svg" name="base_Property" refid="6eb34217-ea36-4993-bb7a-23b86009bba7"/><property classType="Property" humanName="Base_ Property" humanType="Property" icon="MTConnectAssets_files/icon_property_627361964.svg" name="base_Property" refid="41f99477-7d41-4c68-9770-b7e6cec79b4b"/></stereotype></appliedStereotype><appliedStereotypeInstance classType="InstanceSpecification" humanName="Applied Stereotype Instance" humanType="Instance Specification" icon="MTConnectAssets_files/icon_instancespecification_13643661.svg" name=" : MD Customization for SysML::additional_stereotypes::ReferenceProperty" refid="f17dc868-4a85-4483-8a30-6b90d4f9467a"/><UMLClass classType="Class" humanName="Class" humanType="Block" icon="MTConnectAssets_files/icon_block_1651251671.svg" name="UMPArchetype" refid="613cc7bd-fb45-4784-a05f-c4327df8b088"/><classifier classType="Class" humanName="Classifier" humanType="Block" icon="MTConnectAssets_files/icon_block_1651251671.svg" name="UMPArchetype" refid="613cc7bd-fb45-4784-a05f-c4327df8b088"/><documentation humanName="Documentation"/><effectiveIRI humanName="Effective IRI"/><featuringClassifier classType="Class" humanName="Featuring Classifier" humanType="Block" icon="MTConnectAssets_files/icon_block_1651251671.svg" name="UMPArchetype" refid="613cc7bd-fb45-4784-a05f-c4327df8b088"/><isComposite humanName="Is Composite">false</isComposite><isDerived humanName="Is Derived" mode="s,e">false</isDerived><isDerivedUnion humanName="Is Derived Union" mode="e">false</isDerivedUnion><isID humanName="Is ID" mode="e">false</isID><isLeaf humanName="Is Leaf">false</isLeaf><isOrdered humanName="Is Ordered" mode="e">false</isOrdered><isReadOnly humanName="Is Read Only" mode="s,e">false</isReadOnly><isStatic humanName="Is Static" mode="s,e">false</isStatic><isUnique humanName="Is Unique" mode="e">true</isUnique><lower humanName="Lower">0</lower><lowerValue classType="LiteralInteger" humanName="Lower Value" humanType="Literal Integer" icon="MTConnectAssets_files/icon_literalinteger_922180500.svg" name="0" refid="ce0c2f41-19ac-44fa-9d24-386d4487acfa" text="0"/><multiplicity humanName="Multiplicity" mode="s,e">0..1</multiplicity><multiplicity humanName="Multiplicity" mode="s,e">0..1</multiplicity><name humanName="Name" mode="s,e">estimatedMachiningTime</name><namespace classType="Class" humanName="Namespace" humanType="Block" icon="MTConnectAssets_files/icon_block_1651251671.svg" name="UMPArchetype" refid="613cc7bd-fb45-4784-a05f-c4327df8b088"/><navigable humanName="Navigable">true</navigable><ownedBy classType="Class" humanName="Owned By" humanType="Block" icon="MTConnectAssets_files/icon_block_1651251671.svg" name="UMPArchetype" refid="613cc7bd-fb45-4784-a05f-c4327df8b088"/><ownedElement humanName="Owned Element"><instancespecification classType="InstanceSpecification" humanType="Instance Specification" icon="MTConnectAssets_files/icon_instancespecification_13643661.svg" name=" : MD Customization for SysML::additional_stereotypes::ReferenceProperty" refid="f17dc868-4a85-4483-8a30-6b90d4f9467a"/><literalinteger classType="LiteralInteger" humanType="Literal Integer" icon="MTConnectAssets_files/icon_literalinteger_922180500.svg" name="0" refid="ce0c2f41-19ac-44fa-9d24-386d4487acfa" text="0"/><literalunlimitednatural classType="LiteralUnlimitedNatural" humanType="Literal Unlimited Natural" icon="MTConnectAssets_files/icon_literalunlimitednatural_919671508.svg" name="1" refid="5271dd0c-5129-4099-b3e3-90b83b57d493" text="1"/></ownedElement><owner classType="Class" humanName="Owner" humanType="Block" icon="MTConnectAssets_files/icon_block_1651251671.svg" name="UMPArchetype" refid="613cc7bd-fb45-4784-a05f-c4327df8b088"/><qualifiedName humanName="Qualified Name" mode="e">Asset::PartsProcesses::RelatedModels::UMPArchetype::estimatedMachiningTime</qualifiedName><redefinitionContext humanName="Redefinition Context"><block classType="Class" humanType="Block" icon="MTConnectAssets_files/icon_block_1651251671.svg" name="UMPArchetype" refid="613cc7bd-fb45-4784-a05f-c4327df8b088"/></redefinitionContext><TO_DO humanName="To Do" mode="s,e"/><type classType="Class" humanName="Type" humanType="Block" icon="MTConnectAssets_files/icon_block_1651251671.svg" mode="s,e" name="ProcessTime" refid="7577477d-04a4-4060-a68d-dbfed0843281"/><TYPE_MODIFIER humanName="Type Modifier" mode="e"/><upper humanName="Upper">1</upper><upperValue classType="LiteralUnlimitedNatural" humanName="Upper Value" humanType="Literal Unlimited Natural" icon="MTConnectAssets_files/icon_literalunlimitednatural_919671508.svg" name="1" refid="5271dd0c-5129-4099-b3e3-90b83b57d493" text="1"/><visibility humanName="Visibility" mode="e">public</visibility></referenceproperty></magicdraw>