<?xml version="1.0" encoding="UTF-8"?><magicdraw><instancespecification classType="InstanceSpecification" humanType="Instance Specification" icon="MTConnectAssets_files/icon_instancespecification_13643661.svg" id="26f2e90b-fd13-4ca2-91a6-46ff23b30d3b"><classifier humanName="Classifier" mode="s,e"><stereotype classType="Stereotype" humanType="Stereotype" icon="MTConnectAssets_files/icon_stereotype_1520704517.svg" name="Equivalent Class" refid="85ff4790-200a-4025-8dd7-f9ed5a7ffb94"/></classifier><documentation humanName="Documentation"/><name humanName="Name" mode="s,e"/><owner classType="Generalization" humanName="Owner" humanType="Generalization" icon="MTConnectAssets_files/icon_generalization_1520704517.svg" isRelationship="true" mode="s,e" refid="6a87ba2c-6588-4168-b582-f0987259cb93"/><qualifiedName humanName="Qualified Name" mode="e"/><stereotypedElement classType="Generalization" humanName="Stereotyped Element" humanType="Generalization" icon="MTConnectAssets_files/icon_generalization_1520704517.svg" isRelationship="true" refid="6a87ba2c-6588-4168-b582-f0987259cb93"/><TO_DO humanName="To Do" mode="s,e"/><visibility humanName="Visibility">public</visibility></instancespecification></magicdraw>