<?xml version="1.0" encoding="UTF-8"?><magicdraw><literalinteger classType="LiteralInteger" humanType="Literal Integer" icon="MTConnectAssets_files/icon_literalinteger_922180500.svg" id="2787db5f-c96c-42a8-a240-dacff8342568"><documentation humanName="Documentation"/><name humanName="Name"/><owner classType="Property" humanName="Owner" humanType="Value Property" icon="MTConnectAssets_files/icon_valueproperty_469196179.svg" mode="e" name="revision" refid="7ef20a58-27e7-4f21-bbc0-a62ba7896504"/><owningProperty classType="Property" humanName="Owning Property" humanType="Value Property" icon="MTConnectAssets_files/icon_valueproperty_469196179.svg" name="revision" refid="7ef20a58-27e7-4f21-bbc0-a62ba7896504"/><qualifiedName humanName="Qualified Name">Asset::PartsProcesses::PartArchetype::revision::</qualifiedName><text humanName="Text" mode="standard">1</text><TO_DO humanName="To Do"/><TYPE_MODIFIER humanName="Type Modifier"/><value humanName="Value" mode="s,e">1</value><visibility humanName="Visibility">public</visibility></literalinteger></magicdraw>