<?xml version="1.0" encoding="UTF-8"?><magicdraw><instancespecification classType="InstanceSpecification" humanType="Instance Specification" icon="MTConnectAssets_files/icon_instancespecification_13643661.svg" id="28b96716-0ca0-4b90-94c1-2a91aa6c8337"><classifier humanName="Classifier" mode="s,e"><stereotype classType="Stereotype" humanType="Stereotype" icon="MTConnectAssets_files/icon_stereotype_918307166.svg" name="deprecated" refid="1df97fe8-a4f4-4cf6-951d-14daa4455840"/></classifier><documentation humanName="Documentation"/><name humanName="Name" mode="s,e"/><owner classType="Association" humanName="Owner" humanType="Association" icon="MTConnectAssets_files/icon_association_1240125658.svg" isRelationship="true" mode="s,e" name="CuttingToolDefinition" refid="ff8cf09f-459f-47f0-bc4c-aba5f90ec1ab"/><qualifiedName humanName="Qualified Name" mode="e">Asset::CuttingTool::CuttingToolDefinition::</qualifiedName><stereotypedElement classType="Association" humanName="Stereotyped Element" humanType="Association" icon="MTConnectAssets_files/icon_association_1240125658.svg" isRelationship="true" name="CuttingToolDefinition" refid="ff8cf09f-459f-47f0-bc4c-aba5f90ec1ab"/><TO_DO humanName="To Do" mode="s,e"/><visibility humanName="Visibility">public</visibility></instancespecification></magicdraw>