<?xml version="1.0" encoding="UTF-8"?><magicdraw><slot classType="Slot" humanType="Slot" icon="MTConnectAssets_files/icon_slot_1314472474.svg" id="291bb7c1-1388-477a-b72b-50348beb4e1c"><definingFeature classType="Property" humanName="Defining Feature" humanType="Property" icon="MTConnectAssets_files/icon_property_627361964.svg" mode="s,e" name="Author" refid="0074f5d7-e1b3-40e6-b8c6-a5adc0bd997e"/><documentation humanName="Documentation"/><ownedElement humanName="Owned Element"><literalstring classType="LiteralString" humanType="Literal String" icon="MTConnectAssets_files/icon_literalstring_989251045.svg" name="tsprock" refid="32d753ff-f3c5-4337-adec-4f574ac752fd" text="tsprock"/></ownedElement><owner classType="InstanceSpecification" humanName="Owner" humanType="Instance Specification" icon="MTConnectAssets_files/icon_instancespecification_13643661.svg" mode="s,e" name=" : UML Standard Profile::MagicDraw Profile::DiagramInfo" refid="10915038-a21c-46e8-96f1-9e9f2820774b"/><owningInstance classType="InstanceSpecification" humanName="Owning Instance" humanType="Instance Specification" icon="MTConnectAssets_files/icon_instancespecification_13643661.svg" name=" : UML Standard Profile::MagicDraw Profile::DiagramInfo" refid="10915038-a21c-46e8-96f1-9e9f2820774b"/><TO_DO humanName="To Do" mode="s,e"/><value humanName="Value" mode="s,e"><literalstring classType="LiteralString" humanType="Literal String" icon="MTConnectAssets_files/icon_literalstring_989251045.svg" name="tsprock" refid="32d753ff-f3c5-4337-adec-4f574ac752fd" text="tsprock"/></value></slot></magicdraw>