<?xml version="1.0" encoding="UTF-8"?><magicdraw><literalinteger classType="LiteralInteger" humanType="Literal Integer" icon="MTConnectAssets_files/icon_literalinteger_922180500.svg" id="29aad6d2-ef2c-4e0d-84e2-c1c46fdbb82a"><documentation humanName="Documentation"/><name humanName="Name"/><owner classType="Property" humanName="Owner" humanType="Reference Property" icon="MTConnectAssets_files/icon_referenceproperty_339821129.svg" mode="e" name="hasItemLifePartCount" refid="9a9ac3d3-aa9c-4da3-b460-276c67d70e18"/><owningLower classType="Property" humanName="Owning Lower" humanType="Reference Property" icon="MTConnectAssets_files/icon_referenceproperty_339821129.svg" name="hasItemLifePartCount" refid="9a9ac3d3-aa9c-4da3-b460-276c67d70e18"/><qualifiedName humanName="Qualified Name">Asset::CuttingTool::CuttingItem::CuttingItem::hasItemLifePartCount::</qualifiedName><text humanName="Text" mode="standard">0</text><TO_DO humanName="To Do"/><TYPE_MODIFIER humanName="Type Modifier"/><value humanName="Value" mode="s,e">0</value><visibility humanName="Visibility">public</visibility></literalinteger></magicdraw>