<?xml version="1.0" encoding="UTF-8"?><magicdraw><property classType="Property" humanType="Property" icon="MTConnectAssets_files/icon_property_627361964.svg" id="29f269a5-1157-4a20-a8f5-d3aba2ea00e6"><aggregation humanName="Aggregation" mode="s,e">composite</aggregation><UMLClass classType="Class" humanName="Class" humanType="Class" icon="MTConnectAssets_files/icon_class_1682619279.svg" name="VendorType" refid="c756d389-bc26-4cec-84e4-617a61891acc"/><classifier classType="Class" humanName="Classifier" humanType="Class" icon="MTConnectAssets_files/icon_class_1682619279.svg" name="VendorType" refid="c756d389-bc26-4cec-84e4-617a61891acc"/><documentation humanName="Documentation"/><effectiveIRI humanName="Effective IRI"/><featuringClassifier classType="Class" humanName="Featuring Classifier" humanType="Class" icon="MTConnectAssets_files/icon_class_1682619279.svg" name="VendorType" refid="c756d389-bc26-4cec-84e4-617a61891acc"/><isComposite humanName="Is Composite">true</isComposite><isDerived humanName="Is Derived" mode="s,e">false</isDerived><isDerivedUnion humanName="Is Derived Union" mode="e">false</isDerivedUnion><isID humanName="Is ID" mode="e">false</isID><isLeaf humanName="Is Leaf">false</isLeaf><isOrdered humanName="Is Ordered" mode="e">false</isOrdered><isReadOnly humanName="Is Read Only" mode="s,e">false</isReadOnly><isStatic humanName="Is Static" mode="s,e">false</isStatic><isUnique humanName="Is Unique" mode="e">true</isUnique><lower humanName="Lower">0</lower><lowerValue classType="LiteralInteger" humanName="Lower Value" humanType="Literal Integer" icon="MTConnectAssets_files/icon_literalinteger_922180500.svg" name="0" refid="d61e1fb1-148f-493b-bbcd-5f22374c69b1" text="0"/><multiplicity humanName="Multiplicity" mode="s,e">0..1</multiplicity><multiplicity humanName="Multiplicity" mode="s,e">0..1</multiplicity><name humanName="Name" mode="s,e">description</name><namespace classType="Class" humanName="Namespace" humanType="Class" icon="MTConnectAssets_files/icon_class_1682619279.svg" name="VendorType" refid="c756d389-bc26-4cec-84e4-617a61891acc"/><navigable humanName="Navigable">true</navigable><ownedBy classType="Class" humanName="Owned By" humanType="Class" icon="MTConnectAssets_files/icon_class_1682619279.svg" name="VendorType" refid="c756d389-bc26-4cec-84e4-617a61891acc"/><ownedElement humanName="Owned Element"><literalinteger classType="LiteralInteger" humanType="Literal Integer" icon="MTConnectAssets_files/icon_literalinteger_922180500.svg" name="0" refid="d61e1fb1-148f-493b-bbcd-5f22374c69b1" text="0"/><literalunlimitednatural classType="LiteralUnlimitedNatural" humanType="Literal Unlimited Natural" icon="MTConnectAssets_files/icon_literalunlimitednatural_919671508.svg" name="1" refid="98bfbdd8-11e9-435c-a7d9-d6a668d01202" text="1"/></ownedElement><owner classType="Class" humanName="Owner" humanType="Class" icon="MTConnectAssets_files/icon_class_1682619279.svg" name="VendorType" refid="c756d389-bc26-4cec-84e4-617a61891acc"/><qualifiedName humanName="Qualified Name" mode="e">Asset::PartsProcesses::DataItems::PartCharacteristics::MaterialType::VendorType::description</qualifiedName><redefinitionContext humanName="Redefinition Context"><class classType="Class" humanType="Class" icon="MTConnectAssets_files/icon_class_1682619279.svg" name="VendorType" refid="c756d389-bc26-4cec-84e4-617a61891acc"/></redefinitionContext><TO_DO humanName="To Do" mode="s,e"/><type classType="DataType" humanName="Type" humanType="Value Type" icon="MTConnectAssets_files/icon_valuetype_395112008.svg" mode="s,e" name="string" refid="b12c5fb1-4355-4664-b354-d60bb7efe46e"/><TYPE_MODIFIER humanName="Type Modifier" mode="e"/><upper humanName="Upper">1</upper><upperValue classType="LiteralUnlimitedNatural" humanName="Upper Value" humanType="Literal Unlimited Natural" icon="MTConnectAssets_files/icon_literalunlimitednatural_919671508.svg" name="1" refid="98bfbdd8-11e9-435c-a7d9-d6a668d01202" text="1"/></property></magicdraw>