<?xml version="1.0" encoding="UTF-8"?><magicdraw><valuetype classType="Enumeration" humanType="Value Type" icon="MTConnectAssets_files/icon_valuetype_122648214.svg" id="2ab107e4-2b06-4cee-bdc3-0c04b4b139f2"><APPLIED_STEREOTYPES humanName="Applied Stereotype" mode="s,e"><stereotype classType="Stereotype" humanType="Stereotype" icon="MTConnectAssets_files/icon_stereotype_395112008.svg" name="ValueType" refid="696b8ea6-7fa5-4354-aca1-5de49b0f28a6"/></APPLIED_STEREOTYPES><appliedStereotype humanName="Applied Stereotype" mode="s,e"><stereotype classType="Stereotype" humanType="Stereotype" icon="MTConnectAssets_files/icon_stereotype_395112008.svg" name="ValueType" refid="696b8ea6-7fa5-4354-aca1-5de49b0f28a6"><property classType="Property" humanName="Base_ Data Type" humanType="Property" icon="MTConnectAssets_files/icon_property_627361964.svg" name="base_DataType" refid="f77dd7c7-ea4a-4c01-9929-3002b8bf4c7a"/><property classType="Property" humanName="Quantity Kind" humanType="Property" icon="MTConnectAssets_files/icon_property_627361964.svg" name="quantityKind" refid="bd29510f-2f04-48c3-b7bf-1150e4e56677"/><property classType="Property" humanName="Unit" humanType="Property" icon="MTConnectAssets_files/icon_property_627361964.svg" name="unit" refid="b965c008-dcd3-4326-b04c-f8c6fddfb24a"/></stereotype></appliedStereotype><appliedStereotypeInstance classType="InstanceSpecification" humanName="Applied Stereotype Instance" humanType="Instance Specification" icon="MTConnectAssets_files/icon_instancespecification_13643661.svg" name=" : SysML::Blocks::ValueType" refid="f3197183-7520-4494-afa0-143e4ea3d0cb"/><documentation humanName="Documentation"/><effectiveIRI humanName="Effective IRI"/><isAbstract humanName="Is Abstract" mode="e">false</isAbstract><isFinalSpecialization humanName="Is Final Specialization" mode="e">false</isFinalSpecialization><isLeaf humanName="Is Leaf" mode="e">false</isLeaf><name humanName="Name" mode="s,e">ApplicationCategoryEnum</name><namespace classType="Package" humanName="Namespace" humanType="Package" icon="MTConnectAssets_files/icon_package_1622863652.svg" name="Files" refid="d22ab173-9cd8-4e76-a856-97a0e0a81075"/><ownedElement humanName="Owned Element"><instancespecification classType="InstanceSpecification" humanType="Instance Specification" icon="MTConnectAssets_files/icon_instancespecification_13643661.svg" name=" : SysML::Blocks::ValueType" refid="f3197183-7520-4494-afa0-143e4ea3d0cb"/></ownedElement><owner classType="Package" humanName="Owner" humanType="Package" icon="MTConnectAssets_files/icon_package_1622863652.svg" mode="s,e" name="Files" refid="d22ab173-9cd8-4e76-a856-97a0e0a81075"/><owningPackage classType="Package" humanName="Owning Package" humanType="Package" icon="MTConnectAssets_files/icon_package_1622863652.svg" name="Files" refid="d22ab173-9cd8-4e76-a856-97a0e0a81075"/><package classType="Package" humanName="Package" humanType="Package" icon="MTConnectAssets_files/icon_package_1622863652.svg" name="Files" refid="d22ab173-9cd8-4e76-a856-97a0e0a81075"/><qualifiedName humanName="Qualified Name" mode="e">Asset::Files::ApplicationCategoryEnum</qualifiedName><TO_DO humanName="To Do" mode="s,e"/><visibility humanName="Visibility">public</visibility><appearsIn><diagram classType="Diagram" humanType="Diagram" icon="MTConnectAssets_files/icon_SysML Block Definition Diagram_378716347.svg" name="Files" refid="e72fe391-bb02-4a49-958d-caf61a9c7560"/></appearsIn></valuetype></magicdraw>