<?xml version="1.0" encoding="UTF-8"?><magicdraw><property classType="Property" humanType="Property" icon="MTConnectAssets_files/icon_property_627361964.svg" id="2ad9e817-31cc-4378-bd45-b6e9d6e83b13"><aggregation humanName="Aggregation" mode="s,e">none</aggregation><association classType="Association" humanName="Association" humanType="Association" icon="MTConnectAssets_files/icon_association_1240125658.svg" isRelationship="true" name="Association[subType:Asset::PartsProcesses::DataItems::TypeOfGroupIdentifier &lt;- Asset::PartsProcesses::DataItems::GroupIdentifier]" refid="3c0cf665-5226-4367-9a7d-1d23d6c5f287"/><documentation humanName="Documentation"/><effectiveIRI humanName="Effective IRI"/><featuringClassifier classType="Association" humanName="Featuring Classifier" humanType="Association" icon="MTConnectAssets_files/icon_association_1240125658.svg" isRelationship="true" name="Association[subType:Asset::PartsProcesses::DataItems::TypeOfGroupIdentifier &lt;- Asset::PartsProcesses::DataItems::GroupIdentifier]" refid="3c0cf665-5226-4367-9a7d-1d23d6c5f287"/><isComposite humanName="Is Composite">false</isComposite><isDerived humanName="Is Derived" mode="s,e">false</isDerived><isDerivedUnion humanName="Is Derived Union" mode="e">false</isDerivedUnion><isID humanName="Is ID" mode="e">false</isID><isLeaf humanName="Is Leaf">false</isLeaf><isOrdered humanName="Is Ordered" mode="e">false</isOrdered><isReadOnly humanName="Is Read Only" mode="s,e">false</isReadOnly><isStatic humanName="Is Static" mode="s,e">false</isStatic><isUnique humanName="Is Unique" mode="e">true</isUnique><lower humanName="Lower">1</lower><multiplicity humanName="Multiplicity" mode="s,e"/><multiplicity humanName="Multiplicity" mode="s,e"/><name humanName="Name" mode="s,e"/><namespace classType="Association" humanName="Namespace" humanType="Association" icon="MTConnectAssets_files/icon_association_1240125658.svg" isRelationship="true" name="Association[subType:Asset::PartsProcesses::DataItems::TypeOfGroupIdentifier &lt;- Asset::PartsProcesses::DataItems::GroupIdentifier]" refid="3c0cf665-5226-4367-9a7d-1d23d6c5f287"/><navigable humanName="Navigable">false</navigable><opposite classType="Property" humanName="Opposite" humanType="Reference Property" icon="MTConnectAssets_files/icon_referenceproperty_151450878.svg" name="subType" refid="7d5fc6de-0b91-40c3-a40a-33d4057ae637"/><ownedBy classType="Association" humanName="Owned By" humanType="Association" icon="MTConnectAssets_files/icon_association_1240125658.svg" isRelationship="true" name="Association[subType:Asset::PartsProcesses::DataItems::TypeOfGroupIdentifier &lt;- Asset::PartsProcesses::DataItems::GroupIdentifier]" refid="3c0cf665-5226-4367-9a7d-1d23d6c5f287"/><owner classType="Association" humanName="Owner" humanType="Association" icon="MTConnectAssets_files/icon_association_1240125658.svg" isRelationship="true" name="Association[subType:Asset::PartsProcesses::DataItems::TypeOfGroupIdentifier &lt;- Asset::PartsProcesses::DataItems::GroupIdentifier]" refid="3c0cf665-5226-4367-9a7d-1d23d6c5f287"/><owningAssociation classType="Association" humanName="Owning Association" humanType="Association" icon="MTConnectAssets_files/icon_association_1240125658.svg" isRelationship="true" name="Association[subType:Asset::PartsProcesses::DataItems::TypeOfGroupIdentifier &lt;- Asset::PartsProcesses::DataItems::GroupIdentifier]" refid="3c0cf665-5226-4367-9a7d-1d23d6c5f287"/><qualifiedName humanName="Qualified Name" mode="e">Asset::PartsProcesses::DataItems::::</qualifiedName><redefinitionContext humanName="Redefinition Context"><association classType="Association" humanType="Association" icon="MTConnectAssets_files/icon_association_1240125658.svg" isRelationship="true" name="Association[subType:Asset::PartsProcesses::DataItems::TypeOfGroupIdentifier &lt;- Asset::PartsProcesses::DataItems::GroupIdentifier]" refid="3c0cf665-5226-4367-9a7d-1d23d6c5f287"/></redefinitionContext><TO_DO humanName="To Do" mode="s,e"/><type classType="Class" humanName="Type" humanType="Block" icon="MTConnectAssets_files/icon_block_1651251671.svg" mode="s,e" name="GroupIdentifier" refid="97e3ac24-4788-4bcc-8481-cdbd61285350"/><TYPE_MODIFIER humanName="Type Modifier" mode="e"/><upper humanName="Upper">1</upper><visibility humanName="Visibility" mode="e">private</visibility></property></magicdraw>