<?xml version="1.0" encoding="UTF-8"?><magicdraw><literalinteger classType="LiteralInteger" humanType="Literal Integer" icon="MTConnectAssets_files/icon_literalinteger_922180500.svg" id="2aee6d44-6c44-4b93-821f-57965fbe80e4"><documentation humanName="Documentation"/><name humanName="Name"/><owner classType="Property" humanName="Owner" humanType="Property" icon="MTConnectAssets_files/icon_property_627361964.svg" mode="e" name=" : Asset::PartsProcesses::Components::ProcessOccurrence [1..*]" refid="6ed78d74-7042-4f6f-94ea-9ed4fefc6567"/><owningLower classType="Property" humanName="Owning Lower" humanType="Property" icon="MTConnectAssets_files/icon_property_627361964.svg" name=" : Asset::PartsProcesses::Components::ProcessOccurrence [1..*]" refid="6ed78d74-7042-4f6f-94ea-9ed4fefc6567"/><qualifiedName humanName="Qualified Name">Asset::PartsProcesses::Components::processTypeRef::::</qualifiedName><text humanName="Text" mode="standard">1</text><TO_DO humanName="To Do"/><TYPE_MODIFIER humanName="Type Modifier"/><value humanName="Value" mode="s,e">1</value><visibility humanName="Visibility">public</visibility></literalinteger></magicdraw>