<?xml version="1.0" encoding="UTF-8"?><magicdraw><generalization classType="Generalization" humanType="Generalization" icon="MTConnectAssets_files/icon_generalization_1702478809.svg" id="2c73c2f3-3ead-4398-82a7-865a0961184e"><documentation humanName="Documentation"/><general classType="Class" humanName="General" humanType="Block" icon="MTConnectAssets_files/icon_block_1651251671.svg" mode="s,e" name="Asset" refid="605ecbad-4515-4ca8-9ccb-25ca175744fa"/><isSubstitutable humanName="Is Substitutable">true</isSubstitutable><owner classType="Class" humanName="Owner" humanType="Block" icon="MTConnectAssets_files/icon_block_1651251671.svg" mode="s,e" name="PartArchetype" refid="f235fb6c-a8e2-428a-9a60-c7a6cafa678d"/><relatedElement humanName="Related Element"><block classType="Class" humanType="Block" icon="MTConnectAssets_files/icon_block_1651251671.svg" name="Asset" refid="605ecbad-4515-4ca8-9ccb-25ca175744fa"/><block classType="Class" humanType="Block" icon="MTConnectAssets_files/icon_block_1651251671.svg" name="PartArchetype" refid="f235fb6c-a8e2-428a-9a60-c7a6cafa678d"/></relatedElement><source humanName="Source" mode="s,e"><block classType="Class" humanType="Block" icon="MTConnectAssets_files/icon_block_1651251671.svg" name="PartArchetype" refid="f235fb6c-a8e2-428a-9a60-c7a6cafa678d"/></source><specific classType="Class" humanName="Specific" humanType="Block" icon="MTConnectAssets_files/icon_block_1651251671.svg" mode="s,e" name="PartArchetype" refid="f235fb6c-a8e2-428a-9a60-c7a6cafa678d"/><target humanName="Target" mode="s,e"><block classType="Class" humanType="Block" icon="MTConnectAssets_files/icon_block_1651251671.svg" name="Asset" refid="605ecbad-4515-4ca8-9ccb-25ca175744fa"/></target><TO_DO humanName="To Do" mode="s,e"/><appearsIn><diagram classType="Diagram" humanType="Diagram" icon="MTConnectAssets_files/icon_SysML Block Definition Diagram_378716347.svg" name="PartsProcessesIntegration" refid="cb1044c6-6e9f-4369-8c76-2e7bc50e1a08"/><diagram classType="Diagram" humanType="Diagram" icon="MTConnectAssets_files/icon_SysML Block Definition Diagram_378716347.svg" name="PartArchetype_Overview" refid="9765b8e1-5903-40f6-a864-d7c656f7c768"/></appearsIn></generalization></magicdraw>