<?xml version="1.0" encoding="UTF-8"?><magicdraw><enumeration classType="Enumeration" humanType="Enumeration" icon="MTConnectAssets_files/icon_enumeration_1832284192.svg" id="2d14ae54-160d-4601-b2f9-d229182a5f9e"><documentation humanName="Documentation"/><effectiveIRI humanName="Effective IRI"/><isAbstract humanName="Is Abstract" mode="e">false</isAbstract><isFinalSpecialization humanName="Is Final Specialization" mode="e">false</isFinalSpecialization><isLeaf humanName="Is Leaf" mode="e">false</isLeaf><member humanName="Member"><enumerationliteral classType="EnumerationLiteral" humanType="Enumeration Literal" icon="MTConnectAssets_files/icon_enumerationliteral_1191775513.svg" name="Bad" refid="ce778e5d-edd8-416f-a915-3539089659d2"/><enumerationliteral classType="EnumerationLiteral" humanType="Enumeration Literal" icon="MTConnectAssets_files/icon_enumerationliteral_1191775513.svg" name="Good" refid="df21dd54-8279-4740-9a97-df53b1ab19fd"/></member><name humanName="Name" mode="s,e">QualityKind</name><namespace classType="Package" humanName="Namespace" humanType="Package" icon="MTConnectAssets_files/icon_package_1622863652.svg" name="DataItems" refid="35a1ecb7-be27-4dbb-ac8b-957dee4aac9c"/><ownedElement humanName="Owned Element"><enumerationliteral classType="EnumerationLiteral" humanType="Enumeration Literal" icon="MTConnectAssets_files/icon_enumerationliteral_1191775513.svg" name="Bad" refid="ce778e5d-edd8-416f-a915-3539089659d2"/><enumerationliteral classType="EnumerationLiteral" humanType="Enumeration Literal" icon="MTConnectAssets_files/icon_enumerationliteral_1191775513.svg" name="Good" refid="df21dd54-8279-4740-9a97-df53b1ab19fd"/></ownedElement><ownedLiteral humanName="Owned Literal"><enumerationliteral classType="EnumerationLiteral" humanType="Enumeration Literal" icon="MTConnectAssets_files/icon_enumerationliteral_1191775513.svg" name="Bad" refid="ce778e5d-edd8-416f-a915-3539089659d2"/><enumerationliteral classType="EnumerationLiteral" humanType="Enumeration Literal" icon="MTConnectAssets_files/icon_enumerationliteral_1191775513.svg" name="Good" refid="df21dd54-8279-4740-9a97-df53b1ab19fd"/></ownedLiteral><ownedMember humanName="Owned Member"><enumerationliteral classType="EnumerationLiteral" humanType="Enumeration Literal" icon="MTConnectAssets_files/icon_enumerationliteral_1191775513.svg" name="Bad" refid="ce778e5d-edd8-416f-a915-3539089659d2"/><enumerationliteral classType="EnumerationLiteral" humanType="Enumeration Literal" icon="MTConnectAssets_files/icon_enumerationliteral_1191775513.svg" name="Good" refid="df21dd54-8279-4740-9a97-df53b1ab19fd"/></ownedMember><owner classType="Package" humanName="Owner" humanType="Package" icon="MTConnectAssets_files/icon_package_1622863652.svg" mode="s,e" name="DataItems" refid="35a1ecb7-be27-4dbb-ac8b-957dee4aac9c"/><owningPackage classType="Package" humanName="Owning Package" humanType="Package" icon="MTConnectAssets_files/icon_package_1622863652.svg" name="DataItems" refid="35a1ecb7-be27-4dbb-ac8b-957dee4aac9c"/><package classType="Package" humanName="Package" humanType="Package" icon="MTConnectAssets_files/icon_package_1622863652.svg" name="DataItems" refid="35a1ecb7-be27-4dbb-ac8b-957dee4aac9c"/><qualifiedName humanName="Qualified Name" mode="e">Asset::PartsProcesses::DataItems::QualityKind</qualifiedName><TO_DO humanName="To Do" mode="s,e"/><visibility humanName="Visibility">public</visibility></enumeration></magicdraw>