<?xml version="1.0" encoding="UTF-8"?><magicdraw><property classType="Property" humanType="Property" icon="MTConnectAssets_files/icon_property_627361964.svg" id="2d5dc07c-28dc-4654-8cc7-4dc6e35537b2"><aggregation humanName="Aggregation" mode="s,e">none</aggregation><association classType="Association" humanName="Association" humanType="Association" icon="MTConnectAssets_files/icon_association_1240125658.svg" isRelationship="true" name="partTypeRef" refid="3fb1cdf7-7df1-4ce8-99a3-c71f3c4832cd"/><documentation humanName="Documentation"/><effectiveIRI humanName="Effective IRI"/><featuringClassifier classType="Association" humanName="Featuring Classifier" humanType="Association" icon="MTConnectAssets_files/icon_association_1240125658.svg" isRelationship="true" name="partTypeRef" refid="3fb1cdf7-7df1-4ce8-99a3-c71f3c4832cd"/><isComposite humanName="Is Composite">false</isComposite><isDerived humanName="Is Derived" mode="s,e">false</isDerived><isDerivedUnion humanName="Is Derived Union" mode="e">false</isDerivedUnion><isID humanName="Is ID" mode="e">false</isID><isLeaf humanName="Is Leaf">false</isLeaf><isOrdered humanName="Is Ordered" mode="e">false</isOrdered><isReadOnly humanName="Is Read Only" mode="s,e">false</isReadOnly><isStatic humanName="Is Static" mode="s,e">false</isStatic><isUnique humanName="Is Unique" mode="e">true</isUnique><lower humanName="Lower">1</lower><lowerValue classType="LiteralInteger" humanName="Lower Value" humanType="Literal Integer" icon="MTConnectAssets_files/icon_literalinteger_922180500.svg" name="1" refid="9bc2ec76-d5b3-4ae5-a1da-c522442809c1" text="1"/><multiplicity humanName="Multiplicity" mode="s,e">1..*</multiplicity><multiplicity humanName="Multiplicity" mode="s,e">1..*</multiplicity><name humanName="Name" mode="s,e"/><namespace classType="Association" humanName="Namespace" humanType="Association" icon="MTConnectAssets_files/icon_association_1240125658.svg" isRelationship="true" name="partTypeRef" refid="3fb1cdf7-7df1-4ce8-99a3-c71f3c4832cd"/><navigable humanName="Navigable">false</navigable><opposite classType="Property" humanName="Opposite" humanType="Reference Property" icon="MTConnectAssets_files/icon_referenceproperty_151450878.svg" name="partType" refid="19d50d00-5e44-4716-8b34-092ba043037b"/><ownedBy classType="Association" humanName="Owned By" humanType="Association" icon="MTConnectAssets_files/icon_association_1240125658.svg" isRelationship="true" name="partTypeRef" refid="3fb1cdf7-7df1-4ce8-99a3-c71f3c4832cd"/><ownedElement humanName="Owned Element"><literalunlimitednatural classType="LiteralUnlimitedNatural" humanType="Literal Unlimited Natural" icon="MTConnectAssets_files/icon_literalunlimitednatural_919671508.svg" name="*" refid="b83796c5-b853-4bdb-bddf-4b61f2161fb0" text="*"/><literalinteger classType="LiteralInteger" humanType="Literal Integer" icon="MTConnectAssets_files/icon_literalinteger_922180500.svg" name="1" refid="9bc2ec76-d5b3-4ae5-a1da-c522442809c1" text="1"/></ownedElement><owner classType="Association" humanName="Owner" humanType="Association" icon="MTConnectAssets_files/icon_association_1240125658.svg" isRelationship="true" name="partTypeRef" refid="3fb1cdf7-7df1-4ce8-99a3-c71f3c4832cd"/><owningAssociation classType="Association" humanName="Owning Association" humanType="Association" icon="MTConnectAssets_files/icon_association_1240125658.svg" isRelationship="true" name="partTypeRef" refid="3fb1cdf7-7df1-4ce8-99a3-c71f3c4832cd"/><qualifiedName humanName="Qualified Name" mode="e">Asset::PartsProcesses::Components::partTypeRef::</qualifiedName><redefinitionContext humanName="Redefinition Context"><association classType="Association" humanType="Association" icon="MTConnectAssets_files/icon_association_1240125658.svg" isRelationship="true" name="partTypeRef" refid="3fb1cdf7-7df1-4ce8-99a3-c71f3c4832cd"/></redefinitionContext><TO_DO humanName="To Do" mode="s,e"/><type classType="Class" humanName="Type" humanType="Block" icon="MTConnectAssets_files/icon_block_1651251671.svg" mode="s,e" name="Part" refid="edd1c9d3-6e67-427c-b4a1-0aa335091da2"/><TYPE_MODIFIER humanName="Type Modifier" mode="e"/><upper humanName="Upper">-1</upper><upperValue classType="LiteralUnlimitedNatural" humanName="Upper Value" humanType="Literal Unlimited Natural" icon="MTConnectAssets_files/icon_literalunlimitednatural_919671508.svg" name="*" refid="b83796c5-b853-4bdb-bddf-4b61f2161fb0" text="*"/><visibility humanName="Visibility" mode="e">public</visibility><appearsIn><diagram classType="Diagram" humanType="Diagram" icon="MTConnectAssets_files/icon_SysML Block Definition Diagram_378716347.svg" name="PartsProcessesOverview" refid="46289224-3470-4d70-8a0f-0f0033ea0b67"/><diagram classType="Diagram" humanType="Diagram" icon="MTConnectAssets_files/icon_SysML Block Definition Diagram_378716347.svg" name="PartsProcessesIntegration" refid="cb1044c6-6e9f-4369-8c76-2e7bc50e1a08"/><diagram classType="Diagram" humanType="Diagram" icon="MTConnectAssets_files/icon_SysML Block Definition Diagram_378716347.svg" name="PartArchetype_Overview" refid="9765b8e1-5903-40f6-a864-d7c656f7c768"/><diagram classType="Diagram" humanType="Diagram" icon="MTConnectAssets_files/icon_SysML Block Definition Diagram_378716347.svg" name="PartsProcessesOverview_medium" refid="bc404503-8db7-49e9-95ba-85d8f263a740"/></appearsIn></property></magicdraw>