<?xml version="1.0" encoding="UTF-8"?><magicdraw><instancespecification classType="InstanceSpecification" humanType="Instance Specification" icon="MTConnectAssets_files/icon_instancespecification_13643661.svg" id="2d73fd97-b183-44d3-8371-17addeae9ef5"><classifier humanName="Classifier" mode="s,e"><stereotype classType="Stereotype" humanType="Stereotype" icon="MTConnectAssets_files/icon_stereotype_918307166.svg" name="DiagramInfo" refid="8286d171-50e9-40be-b049-257a243a8867"/></classifier><documentation humanName="Documentation"/><name humanName="Name" mode="s,e"/><ownedElement humanName="Owned Element"><slot classType="Slot" humanType="Slot" icon="MTConnectAssets_files/icon_slot_1314472474.svg" refid="e0d76746-aba3-4790-9783-d00dce75cfb2"/><slot classType="Slot" humanType="Slot" icon="MTConnectAssets_files/icon_slot_1314472474.svg" refid="8687dc07-dc5e-4175-a0dd-8a9f7cef638a"/></ownedElement><owner classType="Diagram" humanName="Owner" humanType="Diagram" icon="MTConnectAssets_files/icon_SysML Block Definition Diagram_378716347.svg" mode="s,e" name="DARPA-iFab-mSysML" refid="02d9c752-87ca-4743-84e7-36e429a5d4c5"/><qualifiedName humanName="Qualified Name" mode="e">Asset::PartsProcesses::RelatedModels::DARPA-iFab-mSysML::</qualifiedName><slot humanName="Slot"><slot classType="Slot" humanType="Slot" icon="MTConnectAssets_files/icon_slot_1314472474.svg" refid="e0d76746-aba3-4790-9783-d00dce75cfb2"/><slot classType="Slot" humanType="Slot" icon="MTConnectAssets_files/icon_slot_1314472474.svg" refid="8687dc07-dc5e-4175-a0dd-8a9f7cef638a"/></slot><stereotypedElement classType="Diagram" humanName="Stereotyped Element" humanType="Diagram" icon="MTConnectAssets_files/icon_SysML Block Definition Diagram_378716347.svg" name="DARPA-iFab-mSysML" refid="02d9c752-87ca-4743-84e7-36e429a5d4c5"/><TO_DO humanName="To Do" mode="s,e"/><visibility humanName="Visibility">public</visibility></instancespecification></magicdraw>