<?xml version="1.0" encoding="UTF-8"?><magicdraw><instancespecification classType="InstanceSpecification" humanType="Instance Specification" icon="MTConnectAssets_files/icon_instancespecification_13643661.svg" id="2da61fa1-3acf-409b-93fa-0dc489d346e3"><classifier humanName="Classifier" mode="s,e"><stereotype classType="Stereotype" humanType="Stereotype" icon="MTConnectAssets_files/icon_stereotype_924840719.svg" name="ValueProperty" refid="f9f8ec08-03ee-474f-9513-fba19063df38"/></classifier><documentation humanName="Documentation"/><name humanName="Name" mode="s,e"/><owner classType="Property" humanName="Owner" humanType="Value Property" icon="MTConnectAssets_files/icon_valueproperty_924840719.svg" mode="s,e" name="itemId" refid="38c68ef3-892a-4d27-a6b6-7a34871724ae"/><qualifiedName humanName="Qualified Name" mode="e">Asset::CuttingTool::CuttingItem::CuttingItem::itemId::</qualifiedName><stereotypedElement classType="Property" humanName="Stereotyped Element" humanType="Value Property" icon="MTConnectAssets_files/icon_valueproperty_924840719.svg" name="itemId" refid="38c68ef3-892a-4d27-a6b6-7a34871724ae"/><TO_DO humanName="To Do" mode="s,e"/><visibility humanName="Visibility">public</visibility></instancespecification></magicdraw>