<?xml version="1.0" encoding="UTF-8"?><magicdraw><literalinteger classType="LiteralInteger" humanType="Literal Integer" icon="MTConnectAssets_files/icon_literalinteger_922180500.svg" id="2e5c8bb3-ab9d-4ea1-a610-7c44375e661b"><documentation humanName="Documentation"/><name humanName="Name"/><owner classType="Property" humanName="Owner" humanType="Reference Property" icon="MTConnectAssets_files/icon_referenceproperty_151450878.svg" mode="e" name="hasProcessSpindleSpeed" refid="1f66f8b4-b60d-4c72-8d6f-48eecc006e76"/><owningUpper classType="Property" humanName="Owning Upper" humanType="Reference Property" icon="MTConnectAssets_files/icon_referenceproperty_151450878.svg" name="hasProcessSpindleSpeed" refid="1f66f8b4-b60d-4c72-8d6f-48eecc006e76"/><qualifiedName humanName="Qualified Name">Asset::CuttingTool::CuttingToolLifeCycle::hasProcessSpindleSpeed::</qualifiedName><text humanName="Text" mode="standard">1</text><TO_DO humanName="To Do"/><TYPE_MODIFIER humanName="Type Modifier"/><value humanName="Value" mode="s,e">1</value><visibility humanName="Visibility">public</visibility></literalinteger></magicdraw>