<?xml version="1.0" encoding="UTF-8"?><magicdraw><instancespecification classType="InstanceSpecification" humanType="Instance Specification" icon="MTConnectAssets_files/icon_instancespecification_13643661.svg" id="2ebed5d5-2613-482d-996d-41a107ce747f"><classifier humanName="Classifier" mode="s,e"><stereotype classType="Stereotype" humanType="Stereotype" icon="MTConnectAssets_files/icon_stereotype_151450878.svg" name="ReferenceProperty" refid="f430da61-f435-4fb1-b6a5-858074ac8e17"/></classifier><documentation humanName="Documentation"/><name humanName="Name" mode="s,e"/><owner classType="Property" humanName="Owner" humanType="Reference Property" icon="MTConnectAssets_files/icon_referenceproperty_151450878.svg" mode="s,e" name="hasLocation" refid="021daf6c-6187-4006-a2fb-da51ca700c49"/><qualifiedName humanName="Qualified Name" mode="e">Asset::CuttingTool::CuttingToolLifeCycle::hasLocation::</qualifiedName><stereotypedElement classType="Property" humanName="Stereotyped Element" humanType="Reference Property" icon="MTConnectAssets_files/icon_referenceproperty_151450878.svg" name="hasLocation" refid="021daf6c-6187-4006-a2fb-da51ca700c49"/><TO_DO humanName="To Do" mode="s,e"/><visibility humanName="Visibility">public</visibility></instancespecification></magicdraw>