<?xml version="1.0" encoding="UTF-8"?><magicdraw><association classType="Association" humanType="Association" icon="MTConnectAssets_files/icon_association_1240125658.svg" id="2febb1e9-5b74-4685-970f-f00bb5e7624f"><documentation humanName="Documentation"/><endType humanName="End Type"><block classType="Class" humanType="Block" icon="MTConnectAssets_files/icon_block_1651251671.svg" name="ProcessArchetype" refid="eaf6e68b-0c33-4b9b-b2e3-03045a4f5c2e"/><block classType="Class" humanType="Block" icon="MTConnectAssets_files/icon_block_1651251671.svg" name="ProcessOccurrence" refid="b8cedf06-d843-4d6c-a599-9438a67b4401"/></endType><feature humanName="Feature"><property classType="Property" humanType="Property" icon="MTConnectAssets_files/icon_property_627361964.svg" name=" : Asset::PartsProcesses::Components::ProcessOccurrence [1..*]" refid="6ed78d74-7042-4f6f-94ea-9ed4fefc6567"/></feature><isAbstract humanName="Is Abstract" mode="s,e">false</isAbstract><isDerived humanName="Is Derived" mode="e">false</isDerived><isFinalSpecialization humanName="Is Final Specialization">false</isFinalSpecialization><isLeaf humanName="Is Leaf">false</isLeaf><member humanName="Member"><property classType="Property" humanType="Property" icon="MTConnectAssets_files/icon_property_627361964.svg" name=" : Asset::PartsProcesses::Components::ProcessOccurrence [1..*]" refid="6ed78d74-7042-4f6f-94ea-9ed4fefc6567"/><referenceproperty classType="Property" humanType="Reference Property" icon="MTConnectAssets_files/icon_referenceproperty_151450878.svg" name="processType" refid="74a58a88-9bfd-4308-a174-603cb8901325"/></member><memberEnd humanName="Member End"><property classType="Property" humanType="Property" icon="MTConnectAssets_files/icon_property_627361964.svg" name=" : Asset::PartsProcesses::Components::ProcessOccurrence [1..*]" refid="6ed78d74-7042-4f6f-94ea-9ed4fefc6567"/><referenceproperty classType="Property" humanType="Reference Property" icon="MTConnectAssets_files/icon_referenceproperty_151450878.svg" name="processType" refid="74a58a88-9bfd-4308-a174-603cb8901325"/></memberEnd><name humanName="Name" mode="s,e">processTypeRef</name><namespace classType="Package" humanName="Namespace" humanType="Package" icon="MTConnectAssets_files/icon_package_1622863652.svg" name="Components" refid="c5ea7483-12f2-4f88-a44f-787df5e2ec1b"/><ownedElement humanName="Owned Element"><property classType="Property" humanType="Property" icon="MTConnectAssets_files/icon_property_627361964.svg" name=" : Asset::PartsProcesses::Components::ProcessOccurrence [1..*]" refid="6ed78d74-7042-4f6f-94ea-9ed4fefc6567"/></ownedElement><ownedEnd humanName="Owned End"><property classType="Property" humanType="Property" icon="MTConnectAssets_files/icon_property_627361964.svg" name=" : Asset::PartsProcesses::Components::ProcessOccurrence [1..*]" refid="6ed78d74-7042-4f6f-94ea-9ed4fefc6567"/></ownedEnd><ownedMember humanName="Owned Member"><property classType="Property" humanType="Property" icon="MTConnectAssets_files/icon_property_627361964.svg" name=" : Asset::PartsProcesses::Components::ProcessOccurrence [1..*]" refid="6ed78d74-7042-4f6f-94ea-9ed4fefc6567"/></ownedMember><owner classType="Package" humanName="Owner" humanType="Package" icon="MTConnectAssets_files/icon_package_1622863652.svg" mode="s,e" name="Components" refid="c5ea7483-12f2-4f88-a44f-787df5e2ec1b"/><owningPackage classType="Package" humanName="Owning Package" humanType="Package" icon="MTConnectAssets_files/icon_package_1622863652.svg" name="Components" refid="c5ea7483-12f2-4f88-a44f-787df5e2ec1b"/><package classType="Package" humanName="Package" humanType="Package" icon="MTConnectAssets_files/icon_package_1622863652.svg" name="Components" refid="c5ea7483-12f2-4f88-a44f-787df5e2ec1b"/><qualifiedName humanName="Qualified Name" mode="e">Asset::PartsProcesses::Components::processTypeRef</qualifiedName><relatedElement humanName="Related Element"><block classType="Class" humanType="Block" icon="MTConnectAssets_files/icon_block_1651251671.svg" name="ProcessArchetype" refid="eaf6e68b-0c33-4b9b-b2e3-03045a4f5c2e"/><block classType="Class" humanType="Block" icon="MTConnectAssets_files/icon_block_1651251671.svg" name="ProcessOccurrence" refid="b8cedf06-d843-4d6c-a599-9438a67b4401"/></relatedElement><TO_DO humanName="To Do" mode="s,e"/><visibility humanName="Visibility" mode="s,e">public</visibility><appearsIn><diagram classType="Diagram" humanType="Diagram" icon="MTConnectAssets_files/icon_SysML Block Definition Diagram_378716347.svg" name="PartsProcessesOverview" refid="46289224-3470-4d70-8a0f-0f0033ea0b67"/><diagram classType="Diagram" humanType="Diagram" icon="MTConnectAssets_files/icon_SysML Block Definition Diagram_378716347.svg" name="PartsProcessesIntegration" refid="cb1044c6-6e9f-4369-8c76-2e7bc50e1a08"/><diagram classType="Diagram" humanType="Diagram" icon="MTConnectAssets_files/icon_SysML Block Definition Diagram_378716347.svg" name="PartsProcessesOverview_medium" refid="bc404503-8db7-49e9-95ba-85d8f263a740"/></appearsIn></association></magicdraw>