<?xml version="1.0" encoding="UTF-8"?><magicdraw><instancespecification classType="InstanceSpecification" humanType="Instance Specification" icon="MTConnectAssets_files/icon_instancespecification_13643661.svg" id="3084701c-cbd9-4f50-aebc-1b683c1da5dc"><classifier humanName="Classifier" mode="s,e"><stereotype classType="Stereotype" humanType="Stereotype" icon="MTConnectAssets_files/icon_stereotype_395112008.svg" name="ValueType" refid="696b8ea6-7fa5-4354-aca1-5de49b0f28a6"/></classifier><documentation humanName="Documentation"/><name humanName="Name" mode="s,e"/><owner classType="Enumeration" humanName="Owner" humanType="Value Type" icon="MTConnectAssets_files/icon_valuetype_122648214.svg" mode="s,e" name="FormatType" refid="7ef82abd-98d0-4f0f-9ab6-79479d66597b"/><qualifiedName humanName="Qualified Name" mode="e">Asset::FormatType::</qualifiedName><stereotypedElement classType="Enumeration" humanName="Stereotyped Element" humanType="Value Type" icon="MTConnectAssets_files/icon_valuetype_122648214.svg" name="FormatType" refid="7ef82abd-98d0-4f0f-9ab6-79479d66597b"/><TO_DO humanName="To Do" mode="s,e"/><visibility humanName="Visibility">public</visibility></instancespecification></magicdraw>