<?xml version="1.0" encoding="UTF-8"?><magicdraw><instancespecification classType="InstanceSpecification" humanType="Instance Specification" icon="MTConnectAssets_files/icon_instancespecification_13643661.svg" id="30c75643-04f3-4101-91b7-04e470d1fc71"><classifier humanName="Classifier" mode="s,e"><stereotype classType="Stereotype" humanType="Stereotype" icon="MTConnectAssets_files/icon_stereotype_1271079013.svg" name="Block" refid="4b68b36d-0594-4f75-b1e5-32ed35a63dac"/></classifier><documentation humanName="Documentation"/><name humanName="Name" mode="s,e"/><owner classType="Class" humanName="Owner" humanType="Block" icon="MTConnectAssets_files/icon_block_1271079013.svg" mode="s,e" name="CuttingDiameter" refid="795de39f-6b78-4150-9626-ae47b6dfa464"/><qualifiedName humanName="Qualified Name" mode="e">Asset::CuttingTool::Measurement Subtypes::CuttingDiameter::</qualifiedName><stereotypedElement classType="Class" humanName="Stereotyped Element" humanType="Block" icon="MTConnectAssets_files/icon_block_1271079013.svg" name="CuttingDiameter" refid="795de39f-6b78-4150-9626-ae47b6dfa464"/><TO_DO humanName="To Do" mode="s,e"/><visibility humanName="Visibility">public</visibility></instancespecification></magicdraw>