<?xml version="1.0" encoding="UTF-8"?><magicdraw><association classType="Association" humanType="Association" icon="MTConnectAssets_files/icon_association_1240125658.svg" id="314726c6-34d6-4779-8b28-1f5059e5b7d2"><documentation humanName="Documentation"/><endType humanName="End Type"><block classType="Class" humanType="Block" icon="MTConnectAssets_files/icon_block_1651251671.svg" name="CuttingToolLifeCycle" refid="be01f8a1-6645-424a-92cf-c1756524a031"/><block classType="Class" humanType="Block" icon="MTConnectAssets_files/icon_block_1651251671.svg" name="ReconditionCount" refid="bfff5afc-f033-4a48-9c78-893ce92cb885"/></endType><feature humanName="Feature"><property classType="Property" humanType="Property" icon="MTConnectAssets_files/icon_property_627361964.svg" name=" : Asset::CuttingTool::CuttingToolLifeCycle" refid="b689f39e-6a94-46d1-9a3d-826bc0e885ce"/></feature><isAbstract humanName="Is Abstract" mode="s,e">false</isAbstract><isDerived humanName="Is Derived" mode="e">false</isDerived><isFinalSpecialization humanName="Is Final Specialization">false</isFinalSpecialization><isLeaf humanName="Is Leaf">false</isLeaf><member humanName="Member"><property classType="Property" humanType="Property" icon="MTConnectAssets_files/icon_property_627361964.svg" name=" : Asset::CuttingTool::CuttingToolLifeCycle" refid="b689f39e-6a94-46d1-9a3d-826bc0e885ce"/><referenceproperty classType="Property" humanType="Reference Property" icon="MTConnectAssets_files/icon_referenceproperty_151450878.svg" name="hasReconditionCount" refid="417b8680-0695-4453-bb39-245b388baf1d"/></member><memberEnd humanName="Member End"><property classType="Property" humanType="Property" icon="MTConnectAssets_files/icon_property_627361964.svg" name=" : Asset::CuttingTool::CuttingToolLifeCycle" refid="b689f39e-6a94-46d1-9a3d-826bc0e885ce"/><referenceproperty classType="Property" humanType="Reference Property" icon="MTConnectAssets_files/icon_referenceproperty_151450878.svg" name="hasReconditionCount" refid="417b8680-0695-4453-bb39-245b388baf1d"/></memberEnd><name humanName="Name" mode="s,e">ReconditionCount</name><namespace classType="Package" humanName="Namespace" humanType="Package" icon="MTConnectAssets_files/icon_package_1622863652.svg" name="CuttingTool" refid="1e2ca153-69cf-4636-a5d2-571e323348f5"/><ownedElement humanName="Owned Element"><property classType="Property" humanType="Property" icon="MTConnectAssets_files/icon_property_627361964.svg" name=" : Asset::CuttingTool::CuttingToolLifeCycle" refid="b689f39e-6a94-46d1-9a3d-826bc0e885ce"/></ownedElement><ownedEnd humanName="Owned End"><property classType="Property" humanType="Property" icon="MTConnectAssets_files/icon_property_627361964.svg" name=" : Asset::CuttingTool::CuttingToolLifeCycle" refid="b689f39e-6a94-46d1-9a3d-826bc0e885ce"/></ownedEnd><ownedMember humanName="Owned Member"><property classType="Property" humanType="Property" icon="MTConnectAssets_files/icon_property_627361964.svg" name=" : Asset::CuttingTool::CuttingToolLifeCycle" refid="b689f39e-6a94-46d1-9a3d-826bc0e885ce"/></ownedMember><owner classType="Package" humanName="Owner" humanType="Package" icon="MTConnectAssets_files/icon_package_1622863652.svg" mode="s,e" name="CuttingTool" refid="1e2ca153-69cf-4636-a5d2-571e323348f5"/><owningPackage classType="Package" humanName="Owning Package" humanType="Package" icon="MTConnectAssets_files/icon_package_1622863652.svg" name="CuttingTool" refid="1e2ca153-69cf-4636-a5d2-571e323348f5"/><package classType="Package" humanName="Package" humanType="Package" icon="MTConnectAssets_files/icon_package_1622863652.svg" name="CuttingTool" refid="1e2ca153-69cf-4636-a5d2-571e323348f5"/><qualifiedName humanName="Qualified Name" mode="e">Asset::CuttingTool::ReconditionCount</qualifiedName><relatedElement humanName="Related Element"><block classType="Class" humanType="Block" icon="MTConnectAssets_files/icon_block_1651251671.svg" name="CuttingToolLifeCycle" refid="be01f8a1-6645-424a-92cf-c1756524a031"/><block classType="Class" humanType="Block" icon="MTConnectAssets_files/icon_block_1651251671.svg" name="ReconditionCount" refid="bfff5afc-f033-4a48-9c78-893ce92cb885"/></relatedElement><TO_DO humanName="To Do" mode="s,e"/><visibility humanName="Visibility" mode="s,e">public</visibility><appearsIn><diagram classType="Diagram" humanType="Diagram" icon="MTConnectAssets_files/icon_SysML Block Definition Diagram_378716347.svg" name="CuttingToolLifeCycleModel" refid="ee864f60-1bb3-4e13-9955-1180841334a9"/></appearsIn></association></magicdraw>