<?xml version="1.0" encoding="UTF-8"?><magicdraw><slot classType="Slot" humanType="Slot" icon="MTConnectAssets_files/icon_slot_1314472474.svg" id="319d4c29-2761-4f39-b2a7-8c3eda5d2556"><definingFeature classType="Property" humanName="Defining Feature" humanType="Property" icon="MTConnectAssets_files/icon_property_627361964.svg" mode="s,e" name="Creation date" refid="4a01c2b2-307c-4f4a-ba40-e62bf46d6110"/><documentation humanName="Documentation"/><ownedElement humanName="Owned Element"><literalstring classType="LiteralString" humanType="Literal String" icon="MTConnectAssets_files/icon_literalstring_989251045.svg" name="5/4/20 2:45 PM" refid="5c2c1113-4cd9-4e5e-a02c-4f0720f39e81" text="5/4/20 2:45 PM"/></ownedElement><owner classType="InstanceSpecification" humanName="Owner" humanType="Instance Specification" icon="MTConnectAssets_files/icon_instancespecification_13643661.svg" mode="s,e" name=" : UML Standard Profile::MagicDraw Profile::DiagramInfo" refid="650f6442-3bd1-49c3-90ee-d127ae627745"/><owningInstance classType="InstanceSpecification" humanName="Owning Instance" humanType="Instance Specification" icon="MTConnectAssets_files/icon_instancespecification_13643661.svg" name=" : UML Standard Profile::MagicDraw Profile::DiagramInfo" refid="650f6442-3bd1-49c3-90ee-d127ae627745"/><TO_DO humanName="To Do" mode="s,e"/><value humanName="Value" mode="s,e"><literalstring classType="LiteralString" humanType="Literal String" icon="MTConnectAssets_files/icon_literalstring_989251045.svg" name="5/4/20 2:45 PM" refid="5c2c1113-4cd9-4e5e-a02c-4f0720f39e81" text="5/4/20 2:45 PM"/></value></slot></magicdraw>