<?xml version="1.0" encoding="UTF-8"?><magicdraw><literalinteger classType="LiteralInteger" humanType="Literal Integer" icon="MTConnectAssets_files/icon_literalinteger_922180500.svg" id="31a2c704-a5a8-44c0-a993-67a6ff31ed94"><documentation humanName="Documentation"/><name humanName="Name"/><owner classType="Property" humanName="Owner" humanType="Reference Property" icon="MTConnectAssets_files/icon_referenceproperty_339821129.svg" mode="e" name="hasItemLifeMinutes" refid="2184d6ac-2d03-4e8c-ad55-d163ecbfac5f"/><owningUpper classType="Property" humanName="Owning Upper" humanType="Reference Property" icon="MTConnectAssets_files/icon_referenceproperty_339821129.svg" name="hasItemLifeMinutes" refid="2184d6ac-2d03-4e8c-ad55-d163ecbfac5f"/><qualifiedName humanName="Qualified Name">Asset::CuttingTool::CuttingItem::CuttingItem::hasItemLifeMinutes::</qualifiedName><text humanName="Text" mode="standard">1</text><TO_DO humanName="To Do"/><TYPE_MODIFIER humanName="Type Modifier"/><value humanName="Value" mode="s,e">1</value><visibility humanName="Visibility">public</visibility></literalinteger></magicdraw>