<?xml version="1.0" encoding="UTF-8"?><magicdraw><block classType="Class" humanType="Block" icon="MTConnectAssets_files/icon_block_1651251671.svg" id="320fc57d-9f50-460a-8f44-359461574ec9"><APPLIED_STEREOTYPES humanName="Applied Stereotype" mode="e"><stereotype classType="Stereotype" humanType="Stereotype" icon="MTConnectAssets_files/icon_stereotype_1271079013.svg" name="Block" refid="4b68b36d-0594-4f75-b1e5-32ed35a63dac"/></APPLIED_STEREOTYPES><appliedStereotype humanName="Applied Stereotype" mode="e"><stereotype classType="Stereotype" humanType="Stereotype" icon="MTConnectAssets_files/icon_stereotype_1271079013.svg" name="Block" refid="4b68b36d-0594-4f75-b1e5-32ed35a63dac"><property classType="Property" humanName="Base_ Class" humanType="Property" icon="MTConnectAssets_files/icon_property_627361964.svg" name="base_Class" refid="477489bc-0c5a-4fb7-b88b-b8f0b9c8e690"/><property classType="Property" humanName="Is Encapsulated" humanType="Property" icon="MTConnectAssets_files/icon_property_627361964.svg" name="isEncapsulated" refid="99deda41-88f7-4c37-be6d-57faab2222cc"/></stereotype></appliedStereotype><appliedStereotypeInstance classType="InstanceSpecification" humanName="Applied Stereotype Instance" humanType="Instance Specification" icon="MTConnectAssets_files/icon_instancespecification_13643661.svg" name=" : SysML::Blocks::Block" refid="c12f9f57-c6fa-4fc7-adc6-6d2ebd939ed1"/><attribute humanName="Attribute"><referenceproperty classType="Property" humanType="Reference Property" icon="MTConnectAssets_files/icon_referenceproperty_151450878.svg" name="component" refid="80c59e87-e4f4-418f-998d-4b8b897b5483"/><valueproperty classType="Property" humanType="Value Property" icon="MTConnectAssets_files/icon_valueproperty_469196179.svg" name="componentName" refid="1389c554-01f7-42f1-8484-c3b529df6170"/><referenceproperty classType="Property" humanType="Reference Property" icon="MTConnectAssets_files/icon_referenceproperty_151450878.svg" name="requestedDataItem" refid="cd0e2a7a-01bd-44f4-9564-9cbbfd038224"/></attribute><derivedExplanation humanName="Derived Explanation"/><documentation humanName="Documentation" mode="standard">
        A set request to have certain process data logged
      </documentation><effectiveIRI humanName="Effective IRI"/><feature humanName="Feature"><referenceproperty classType="Property" humanType="Reference Property" icon="MTConnectAssets_files/icon_referenceproperty_151450878.svg" name="component" refid="80c59e87-e4f4-418f-998d-4b8b897b5483"/><valueproperty classType="Property" humanType="Value Property" icon="MTConnectAssets_files/icon_valueproperty_469196179.svg" name="componentName" refid="1389c554-01f7-42f1-8484-c3b529df6170"/><referenceproperty classType="Property" humanType="Reference Property" icon="MTConnectAssets_files/icon_referenceproperty_151450878.svg" name="requestedDataItem" refid="cd0e2a7a-01bd-44f4-9564-9cbbfd038224"/></feature><isAbstract humanName="Is Abstract">false</isAbstract><isActive humanName="Is Active" mode="e">false</isActive><isFinalSpecialization humanName="Is Final Specialization">false</isFinalSpecialization><isLeaf humanName="Is Leaf">false</isLeaf><member humanName="Member"><referenceproperty classType="Property" humanType="Reference Property" icon="MTConnectAssets_files/icon_referenceproperty_151450878.svg" name="component" refid="80c59e87-e4f4-418f-998d-4b8b897b5483"/><valueproperty classType="Property" humanType="Value Property" icon="MTConnectAssets_files/icon_valueproperty_469196179.svg" name="componentName" refid="1389c554-01f7-42f1-8484-c3b529df6170"/><referenceproperty classType="Property" humanType="Reference Property" icon="MTConnectAssets_files/icon_referenceproperty_151450878.svg" name="requestedDataItem" refid="cd0e2a7a-01bd-44f4-9564-9cbbfd038224"/></member><name humanName="Name" mode="s,e">ProcessDataRequest</name><namespace classType="Package" humanName="Namespace" humanType="Package" icon="MTConnectAssets_files/icon_package_1622863652.svg" name="DataItems" refid="35a1ecb7-be27-4dbb-ac8b-957dee4aac9c"/><ownedAttribute humanName="Owned Attribute"><referenceproperty classType="Property" humanType="Reference Property" icon="MTConnectAssets_files/icon_referenceproperty_151450878.svg" name="component" refid="80c59e87-e4f4-418f-998d-4b8b897b5483"/><valueproperty classType="Property" humanType="Value Property" icon="MTConnectAssets_files/icon_valueproperty_469196179.svg" name="componentName" refid="1389c554-01f7-42f1-8484-c3b529df6170"/><referenceproperty classType="Property" humanType="Reference Property" icon="MTConnectAssets_files/icon_referenceproperty_151450878.svg" name="requestedDataItem" refid="cd0e2a7a-01bd-44f4-9564-9cbbfd038224"/></ownedAttribute><ownedComment humanName="Owned Comment"><comment classType="Comment" humanType="Comment" icon="MTConnectAssets_files/icon_comment_1043177908.svg" refid="4ace8020-4bd6-48af-860b-baa55b53396c"/></ownedComment><ownedElement humanName="Owned Element"><comment classType="Comment" humanType="Comment" icon="MTConnectAssets_files/icon_comment_1043177908.svg" refid="4ace8020-4bd6-48af-860b-baa55b53396c"/><instancespecification classType="InstanceSpecification" humanType="Instance Specification" icon="MTConnectAssets_files/icon_instancespecification_13643661.svg" name=" : SysML::Blocks::Block" refid="c12f9f57-c6fa-4fc7-adc6-6d2ebd939ed1"/><referenceproperty classType="Property" humanType="Reference Property" icon="MTConnectAssets_files/icon_referenceproperty_151450878.svg" name="component" refid="80c59e87-e4f4-418f-998d-4b8b897b5483"/><valueproperty classType="Property" humanType="Value Property" icon="MTConnectAssets_files/icon_valueproperty_469196179.svg" name="componentName" refid="1389c554-01f7-42f1-8484-c3b529df6170"/><referenceproperty classType="Property" humanType="Reference Property" icon="MTConnectAssets_files/icon_referenceproperty_151450878.svg" name="requestedDataItem" refid="cd0e2a7a-01bd-44f4-9564-9cbbfd038224"/></ownedElement><ownedMember humanName="Owned Member"><referenceproperty classType="Property" humanType="Reference Property" icon="MTConnectAssets_files/icon_referenceproperty_151450878.svg" name="component" refid="80c59e87-e4f4-418f-998d-4b8b897b5483"/><valueproperty classType="Property" humanType="Value Property" icon="MTConnectAssets_files/icon_valueproperty_469196179.svg" name="componentName" refid="1389c554-01f7-42f1-8484-c3b529df6170"/><referenceproperty classType="Property" humanType="Reference Property" icon="MTConnectAssets_files/icon_referenceproperty_151450878.svg" name="requestedDataItem" refid="cd0e2a7a-01bd-44f4-9564-9cbbfd038224"/></ownedMember><owner classType="Package" humanName="Owner" humanType="Package" icon="MTConnectAssets_files/icon_package_1622863652.svg" mode="s,e" name="DataItems" refid="35a1ecb7-be27-4dbb-ac8b-957dee4aac9c"/><owningPackage classType="Package" humanName="Owning Package" humanType="Package" icon="MTConnectAssets_files/icon_package_1622863652.svg" name="DataItems" refid="35a1ecb7-be27-4dbb-ac8b-957dee4aac9c"/><package classType="Package" humanName="Package" humanType="Package" icon="MTConnectAssets_files/icon_package_1622863652.svg" name="DataItems" refid="35a1ecb7-be27-4dbb-ac8b-957dee4aac9c"/><qualifiedName humanName="Qualified Name" mode="e">Asset::PartsProcesses::DataItems::ProcessDataRequest</qualifiedName><role humanName="Role"><referenceproperty classType="Property" humanType="Reference Property" icon="MTConnectAssets_files/icon_referenceproperty_151450878.svg" name="component" refid="80c59e87-e4f4-418f-998d-4b8b897b5483"/><valueproperty classType="Property" humanType="Value Property" icon="MTConnectAssets_files/icon_valueproperty_469196179.svg" name="componentName" refid="1389c554-01f7-42f1-8484-c3b529df6170"/><referenceproperty classType="Property" humanType="Reference Property" icon="MTConnectAssets_files/icon_referenceproperty_151450878.svg" name="requestedDataItem" refid="cd0e2a7a-01bd-44f4-9564-9cbbfd038224"/></role><TO_DO humanName="To Do"/><usedAsType humanName="Used As Type"><referenceproperty classType="Property" humanType="Reference Property" icon="MTConnectAssets_files/icon_referenceproperty_151450878.svg" name="processDataRequest" refid="45ca62fc-adfe-4b2b-a72b-63ecb309845e"/></usedAsType><visibility humanName="Visibility">public</visibility></block></magicdraw>