<?xml version="1.0" encoding="UTF-8"?><magicdraw><instancespecification classType="InstanceSpecification" humanType="Instance Specification" icon="MTConnectAssets_files/icon_instancespecification_13643661.svg" id="3286f81e-6150-44bc-8d93-ec8dc11d9969"><classifier humanName="Classifier" mode="s,e"><stereotype classType="Stereotype" humanType="Stereotype" icon="MTConnectAssets_files/icon_stereotype_395112008.svg" name="ValueType" refid="696b8ea6-7fa5-4354-aca1-5de49b0f28a6"/></classifier><documentation humanName="Documentation"/><name humanName="Name" mode="s,e"/><owner classType="Enumeration" humanName="Owner" humanType="Value Type" icon="MTConnectAssets_files/icon_valuetype_122648214.svg" mode="s,e" name="LocationType" refid="7a9f35c4-8208-4777-b0bd-56b94aa663ea"/><qualifiedName humanName="Qualified Name" mode="e">Asset::CuttingTool::LocationType::</qualifiedName><stereotypedElement classType="Enumeration" humanName="Stereotyped Element" humanType="Value Type" icon="MTConnectAssets_files/icon_valuetype_122648214.svg" name="LocationType" refid="7a9f35c4-8208-4777-b0bd-56b94aa663ea"/><TO_DO humanName="To Do" mode="s,e"/><visibility humanName="Visibility">public</visibility></instancespecification></magicdraw>