<?xml version="1.0" encoding="UTF-8"?><magicdraw><instancespecification classType="InstanceSpecification" humanType="Instance Specification" icon="MTConnectAssets_files/icon_instancespecification_13643661.svg" id="33427d03-7a54-4846-8391-daba6ab1aec8"><classifier humanName="Classifier" mode="s,e"><stereotype classType="Stereotype" humanType="Stereotype" icon="MTConnectAssets_files/icon_stereotype_151450878.svg" name="ReferenceProperty" refid="f430da61-f435-4fb1-b6a5-858074ac8e17"/></classifier><documentation humanName="Documentation"/><name humanName="Name" mode="s,e"/><owner classType="Property" humanName="Owner" humanType="Reference Property" icon="MTConnectAssets_files/icon_referenceproperty_151450878.svg" mode="s,e" name="hasProcessSpindleSpeed" refid="1f66f8b4-b60d-4c72-8d6f-48eecc006e76"/><qualifiedName humanName="Qualified Name" mode="e">Asset::CuttingTool::CuttingToolLifeCycle::hasProcessSpindleSpeed::</qualifiedName><stereotypedElement classType="Property" humanName="Stereotyped Element" humanType="Reference Property" icon="MTConnectAssets_files/icon_referenceproperty_151450878.svg" name="hasProcessSpindleSpeed" refid="1f66f8b4-b60d-4c72-8d6f-48eecc006e76"/><TO_DO humanName="To Do" mode="s,e"/><visibility humanName="Visibility">public</visibility></instancespecification></magicdraw>