<?xml version="1.0" encoding="UTF-8"?><magicdraw><literalunlimitednatural classType="LiteralUnlimitedNatural" humanType="Literal Unlimited Natural" icon="MTConnectAssets_files/icon_literalunlimitednatural_919671508.svg" id="33443fc3-e59b-468b-bf9c-df7e07e8c2fd"><documentation humanName="Documentation"/><name humanName="Name"/><owner classType="Property" humanName="Owner" humanType="Part Property" icon="MTConnectAssets_files/icon_partproperty_1289757170.svg" mode="e" name="partNumber" refid="4f4e1d3f-3949-4b66-bf63-d1062cd27451"/><owningUpper classType="Property" humanName="Owning Upper" humanType="Part Property" icon="MTConnectAssets_files/icon_partproperty_1289757170.svg" name="partNumber" refid="4f4e1d3f-3949-4b66-bf63-d1062cd27451"/><qualifiedName humanName="Qualified Name">Asset::PartsProcesses::PartArchetype::partNumber::</qualifiedName><text humanName="Text" mode="standard">1</text><TO_DO humanName="To Do"/><TYPE_MODIFIER humanName="Type Modifier"/><value humanName="Value" mode="s,e">1</value><visibility humanName="Visibility">public</visibility></literalunlimitednatural></magicdraw>