<?xml version="1.0" encoding="UTF-8"?><magicdraw><literalstring classType="LiteralString" humanType="Literal String" icon="MTConnectAssets_files/icon_literalstring_989251045.svg" id="334fd7f9-c300-4367-80e6-b956fc4ae34c"><documentation humanName="Documentation"/><name humanName="Name"/><owner classType="Slot" humanName="Owner" humanType="Slot" icon="MTConnectAssets_files/icon_slot_1314472474.svg" mode="e" refid="0344cde9-74b2-4b64-8f5e-b7833ab17499"/><owningSlot classType="Slot" humanName="Owning Slot" humanType="Slot" icon="MTConnectAssets_files/icon_slot_1314472474.svg" refid="0344cde9-74b2-4b64-8f5e-b7833ab17499"/><qualifiedName humanName="Qualified Name"/><text humanName="Text" mode="standard">5/26/20 9:32 AM</text><TO_DO humanName="To Do"/><TYPE_MODIFIER humanName="Type Modifier"/><value humanName="Value" mode="s,e">5/26/20 9:32 AM</value><visibility humanName="Visibility">public</visibility></literalstring></magicdraw>