<?xml version="1.0" encoding="UTF-8"?><magicdraw><literalstring classType="LiteralString" humanType="Literal String" icon="MTConnectAssets_files/icon_literalstring_989251045.svg" id="345f65bd-3204-4075-8326-ac6cd424fc16"><documentation humanName="Documentation"/><name humanName="Name"/><owner classType="Slot" humanName="Owner" humanType="Slot" icon="MTConnectAssets_files/icon_slot_1314472474.svg" mode="e" refid="eed96c5d-a5a9-4ce3-8b0c-72459cff0776"/><owningSlot classType="Slot" humanName="Owning Slot" humanType="Slot" icon="MTConnectAssets_files/icon_slot_1314472474.svg" refid="eed96c5d-a5a9-4ce3-8b0c-72459cff0776"/><qualifiedName humanName="Qualified Name"/><text humanName="Text" mode="standard">tsprock</text><TO_DO humanName="To Do"/><TYPE_MODIFIER humanName="Type Modifier"/><value humanName="Value" mode="s,e">tsprock</value><visibility humanName="Visibility">public</visibility></literalstring></magicdraw>