<?xml version="1.0" encoding="UTF-8"?><magicdraw><property classType="Property" humanType="Property" icon="MTConnectAssets_files/icon_property_627361964.svg" id="34c1dc68-5b70-4851-b544-2539f906409c"><aggregation humanName="Aggregation" mode="s,e">composite</aggregation><UMLClass classType="Class" humanName="Class" humanType="Block" icon="MTConnectAssets_files/icon_block_1651251671.svg" name="MaterialType" refid="9a6f7082-31eb-4677-892a-a3c8730bce20"/><classifier classType="Class" humanName="Classifier" humanType="Block" icon="MTConnectAssets_files/icon_block_1651251671.svg" name="MaterialType" refid="9a6f7082-31eb-4677-892a-a3c8730bce20"/><documentation humanName="Documentation"/><effectiveIRI humanName="Effective IRI"/><featuringClassifier classType="Class" humanName="Featuring Classifier" humanType="Block" icon="MTConnectAssets_files/icon_block_1651251671.svg" name="MaterialType" refid="9a6f7082-31eb-4677-892a-a3c8730bce20"/><isComposite humanName="Is Composite">true</isComposite><isDerived humanName="Is Derived" mode="s,e">false</isDerived><isDerivedUnion humanName="Is Derived Union" mode="e">false</isDerivedUnion><isID humanName="Is ID" mode="e">false</isID><isLeaf humanName="Is Leaf">false</isLeaf><isOrdered humanName="Is Ordered" mode="e">false</isOrdered><isReadOnly humanName="Is Read Only" mode="s,e">false</isReadOnly><isStatic humanName="Is Static" mode="s,e">false</isStatic><isUnique humanName="Is Unique" mode="e">true</isUnique><lower humanName="Lower">0</lower><lowerValue classType="LiteralInteger" humanName="Lower Value" humanType="Literal Integer" icon="MTConnectAssets_files/icon_literalinteger_922180500.svg" name="0" refid="a55267da-7b6f-4dfa-9da9-19ba0eb6f874" text="0"/><multiplicity humanName="Multiplicity" mode="s,e">0..1</multiplicity><multiplicity humanName="Multiplicity" mode="s,e">0..1</multiplicity><name humanName="Name" mode="s,e">vendor</name><namespace classType="Class" humanName="Namespace" humanType="Block" icon="MTConnectAssets_files/icon_block_1651251671.svg" name="MaterialType" refid="9a6f7082-31eb-4677-892a-a3c8730bce20"/><navigable humanName="Navigable">true</navigable><ownedBy classType="Class" humanName="Owned By" humanType="Block" icon="MTConnectAssets_files/icon_block_1651251671.svg" name="MaterialType" refid="9a6f7082-31eb-4677-892a-a3c8730bce20"/><ownedElement humanName="Owned Element"><literalinteger classType="LiteralInteger" humanType="Literal Integer" icon="MTConnectAssets_files/icon_literalinteger_922180500.svg" name="0" refid="a55267da-7b6f-4dfa-9da9-19ba0eb6f874" text="0"/><literalunlimitednatural classType="LiteralUnlimitedNatural" humanType="Literal Unlimited Natural" icon="MTConnectAssets_files/icon_literalunlimitednatural_919671508.svg" name="1" refid="fb240581-f566-4208-b79a-9ad2a7bc5efe" text="1"/></ownedElement><owner classType="Class" humanName="Owner" humanType="Block" icon="MTConnectAssets_files/icon_block_1651251671.svg" name="MaterialType" refid="9a6f7082-31eb-4677-892a-a3c8730bce20"/><qualifiedName humanName="Qualified Name" mode="e">Asset::PartsProcesses::DataItems::PartCharacteristics::MaterialType::vendor</qualifiedName><redefinitionContext humanName="Redefinition Context"><block classType="Class" humanType="Block" icon="MTConnectAssets_files/icon_block_1651251671.svg" name="MaterialType" refid="9a6f7082-31eb-4677-892a-a3c8730bce20"/></redefinitionContext><TO_DO humanName="To Do" mode="s,e"/><type classType="Class" humanName="Type" humanType="Class" icon="MTConnectAssets_files/icon_class_1682619279.svg" mode="s,e" name="VendorType" refid="c756d389-bc26-4cec-84e4-617a61891acc"/><TYPE_MODIFIER humanName="Type Modifier" mode="e"/><upper humanName="Upper">1</upper><upperValue classType="LiteralUnlimitedNatural" humanName="Upper Value" humanType="Literal Unlimited Natural" icon="MTConnectAssets_files/icon_literalunlimitednatural_919671508.svg" name="1" refid="fb240581-f566-4208-b79a-9ad2a7bc5efe" text="1"/></property></magicdraw>