<?xml version="1.0" encoding="UTF-8"?><magicdraw><property classType="Property" humanType="Property" icon="MTConnectAssets_files/icon_property_627361964.svg" id="354f7c26-9b7a-495a-afad-e69de3351c2a"><aggregation humanName="Aggregation" mode="s,e">composite</aggregation><UMLClass classType="Class" humanName="Class" humanType="Class" icon="MTConnectAssets_files/icon_class_1682619279.svg" name="HardnessType" refid="bcfca944-4b70-4b1c-9e52-45a486ff2dea"/><classifier classType="Class" humanName="Classifier" humanType="Class" icon="MTConnectAssets_files/icon_class_1682619279.svg" name="HardnessType" refid="bcfca944-4b70-4b1c-9e52-45a486ff2dea"/><documentation humanName="Documentation"/><effectiveIRI humanName="Effective IRI"/><featuringClassifier classType="Class" humanName="Featuring Classifier" humanType="Class" icon="MTConnectAssets_files/icon_class_1682619279.svg" name="HardnessType" refid="bcfca944-4b70-4b1c-9e52-45a486ff2dea"/><isComposite humanName="Is Composite">true</isComposite><isDerived humanName="Is Derived" mode="s,e">false</isDerived><isDerivedUnion humanName="Is Derived Union" mode="e">false</isDerivedUnion><isID humanName="Is ID" mode="e">false</isID><isLeaf humanName="Is Leaf">false</isLeaf><isOrdered humanName="Is Ordered" mode="e">false</isOrdered><isReadOnly humanName="Is Read Only" mode="s,e">false</isReadOnly><isStatic humanName="Is Static" mode="s,e">false</isStatic><isUnique humanName="Is Unique" mode="e">true</isUnique><lower humanName="Lower">0</lower><lowerValue classType="LiteralInteger" humanName="Lower Value" humanType="Literal Integer" icon="MTConnectAssets_files/icon_literalinteger_922180500.svg" name="0" refid="2860d1fa-c39a-4547-af51-808750360d78" text="0"/><multiplicity humanName="Multiplicity" mode="s,e">0..1</multiplicity><multiplicity humanName="Multiplicity" mode="s,e">0..1</multiplicity><name humanName="Name" mode="s,e">minimum</name><namespace classType="Class" humanName="Namespace" humanType="Class" icon="MTConnectAssets_files/icon_class_1682619279.svg" name="HardnessType" refid="bcfca944-4b70-4b1c-9e52-45a486ff2dea"/><navigable humanName="Navigable">true</navigable><ownedBy classType="Class" humanName="Owned By" humanType="Class" icon="MTConnectAssets_files/icon_class_1682619279.svg" name="HardnessType" refid="bcfca944-4b70-4b1c-9e52-45a486ff2dea"/><ownedElement humanName="Owned Element"><literalinteger classType="LiteralInteger" humanType="Literal Integer" icon="MTConnectAssets_files/icon_literalinteger_922180500.svg" name="0" refid="2860d1fa-c39a-4547-af51-808750360d78" text="0"/><literalunlimitednatural classType="LiteralUnlimitedNatural" humanType="Literal Unlimited Natural" icon="MTConnectAssets_files/icon_literalunlimitednatural_919671508.svg" name="1" refid="71ab49bb-1b96-4392-8aaf-78d923d5e46f" text="1"/></ownedElement><owner classType="Class" humanName="Owner" humanType="Class" icon="MTConnectAssets_files/icon_class_1682619279.svg" name="HardnessType" refid="bcfca944-4b70-4b1c-9e52-45a486ff2dea"/><qualifiedName humanName="Qualified Name" mode="e">Asset::PartsProcesses::DataItems::PartCharacteristics::MaterialType::HardnessType::minimum</qualifiedName><redefinitionContext humanName="Redefinition Context"><class classType="Class" humanType="Class" icon="MTConnectAssets_files/icon_class_1682619279.svg" name="HardnessType" refid="bcfca944-4b70-4b1c-9e52-45a486ff2dea"/></redefinitionContext><TO_DO humanName="To Do" mode="s,e"/><type classType="Class" humanName="Type" humanType="Class" icon="MTConnectAssets_files/icon_class_1682619279.svg" mode="s,e" name="long" refid="0f97d2ae-46ab-4fdc-80c5-0fbbf6e4f4e0"/><TYPE_MODIFIER humanName="Type Modifier" mode="e"/><upper humanName="Upper">1</upper><upperValue classType="LiteralUnlimitedNatural" humanName="Upper Value" humanType="Literal Unlimited Natural" icon="MTConnectAssets_files/icon_literalunlimitednatural_919671508.svg" name="1" refid="71ab49bb-1b96-4392-8aaf-78d923d5e46f" text="1"/><visibility humanName="Visibility" mode="e">public</visibility></property></magicdraw>