<?xml version="1.0" encoding="UTF-8"?><magicdraw><package classType="Package" humanType="Package" icon="MTConnectAssets_files/icon_package_1622863652.svg" id="35a1ecb7-be27-4dbb-ac8b-957dee4aac9c"><documentation humanName="Documentation"/><member humanName="Member"><association classType="Association" humanType="Association" icon="MTConnectAssets_files/icon_association_1240125658.svg" isRelationship="true" name="Association[Asset::PartsProcesses::DataItems::PartCharacteristics -&gt; rawMaterial:Asset::PartsProcesses::DataItems::PartCharacteristics::MaterialType]" refid="d66a9370-6b40-4d30-ba58-ed884860c5fa"/><association classType="Association" humanType="Association" icon="MTConnectAssets_files/icon_association_1240125658.svg" isRelationship="true" name="Association[groupIdentifier:Asset::PartsProcesses::DataItems::GroupIdentifier &lt;- Asset::PartsProcesses::DataItems::PartIdentifier]" refid="c7852838-21aa-44f8-81f9-ad221396d967"/><association classType="Association" humanType="Association" icon="MTConnectAssets_files/icon_association_1240125658.svg" isRelationship="true" name="Association[subType:Asset::PartsProcesses::DataItems::TypeOfGroupIdentifier &lt;- Asset::PartsProcesses::DataItems::GroupIdentifier]" refid="3c0cf665-5226-4367-9a7d-1d23d6c5f287"/><association classType="Association" humanType="Association" icon="MTConnectAssets_files/icon_association_1240125658.svg" isRelationship="true" name="Association[subType:Asset::PartsProcesses::DataItems::TypeOfUniqueIdentifier &lt;- Asset::PartsProcesses::DataItems::UniqueIdentifier]" refid="4e539d1e-1032-4d5c-bb9d-8ab531f7199b"/><association classType="Association" humanType="Association" icon="MTConnectAssets_files/icon_association_1240125658.svg" isRelationship="true" name="Association[uniqueIdentifier:Asset::PartsProcesses::DataItems::UniqueIdentifier &lt;- Asset::PartsProcesses::DataItems::PartIdentifier]" refid="95f12cac-ac77-4afa-8a38-057834b8f0e9"/><block classType="Class" humanType="Block" icon="MTConnectAssets_files/icon_block_1651251671.svg" name="ControlProgram" refid="fb5b5ad6-ee13-47ab-ad73-65b8ab1b26f6"/><block classType="Class" humanType="Block" icon="MTConnectAssets_files/icon_block_1651251671.svg" name="GroupIdentifier" refid="97e3ac24-4788-4bcc-8481-cdbd61285350"/><block classType="Class" humanType="Block" icon="MTConnectAssets_files/icon_block_1651251671.svg" name="Location" refid="a29710c3-410d-4dcf-a32b-c0611aae34ab"/><enumeration classType="Enumeration" humanType="Enumeration" icon="MTConnectAssets_files/icon_enumeration_1832284192.svg" name="LocationType" refid="c64ec0bc-b0af-45ae-8d57-418c26e416f4"/><block classType="Class" humanType="Block" icon="MTConnectAssets_files/icon_block_1651251671.svg" name="PartCharacteristics" refid="090b8f83-03b9-4d13-8f45-b1f74825b53d"/><block classType="Class" humanType="Block" icon="MTConnectAssets_files/icon_block_1651251671.svg" name="PartIdentifier" refid="46cc0f84-9e32-4993-98f9-b9e5912e4d19"/><block classType="Class" humanType="Block" icon="MTConnectAssets_files/icon_block_1651251671.svg" name="ProcessCharacteristics" refid="6fea9c0a-128f-4b7e-ab83-cdcecf706bba"/><block classType="Class" humanType="Block" icon="MTConnectAssets_files/icon_block_1651251671.svg" name="ProcessDataRequest" refid="320fc57d-9f50-460a-8f44-359461574ec9"/><enumeration classType="Enumeration" humanType="Enumeration" icon="MTConnectAssets_files/icon_enumeration_1832284192.svg" name="ProcessState" refid="0d16adfd-7db9-4fb8-85e0-fd8254370c9d"/><enumeration classType="Enumeration" humanType="Enumeration" icon="MTConnectAssets_files/icon_enumeration_1832284192.svg" name="QualityKind" refid="2d14ae54-160d-4601-b2f9-d229182a5f9e"/><enumeration classType="Enumeration" humanType="Enumeration" icon="MTConnectAssets_files/icon_enumeration_1832284192.svg" name="TypeOfGroupIdentifier" refid="d52096fb-f60b-49df-8663-5b471d3c436d"/><enumeration classType="Enumeration" humanType="Enumeration" icon="MTConnectAssets_files/icon_enumeration_1832284192.svg" name="TypeOfUniqueIdentifier" refid="f1801647-8ecf-4dea-b43e-27ad8bc70e0a"/><block classType="Class" humanType="Block" icon="MTConnectAssets_files/icon_block_1651251671.svg" name="UniqueIdentifier" refid="fcde4a21-4b14-4cce-afcf-179f479765c7"/></member><name humanName="Name" mode="s,e">DataItems</name><namespace classType="Package" humanName="Namespace" humanType="Package" icon="MTConnectAssets_files/icon_package_1622863652.svg" name="PartsProcesses" refid="d98ebc9a-74dd-40dd-b9c1-c06b8843dc92"/><nestingPackage classType="Package" humanName="Nesting Package" humanType="Package" icon="MTConnectAssets_files/icon_package_1622863652.svg" name="PartsProcesses" refid="d98ebc9a-74dd-40dd-b9c1-c06b8843dc92"/><ownedElement humanName="Owned Element"><association classType="Association" humanType="Association" icon="MTConnectAssets_files/icon_association_1240125658.svg" isRelationship="true" name="Association[Asset::PartsProcesses::DataItems::PartCharacteristics -&gt; rawMaterial:Asset::PartsProcesses::DataItems::PartCharacteristics::MaterialType]" refid="d66a9370-6b40-4d30-ba58-ed884860c5fa"/><association classType="Association" humanType="Association" icon="MTConnectAssets_files/icon_association_1240125658.svg" isRelationship="true" name="Association[groupIdentifier:Asset::PartsProcesses::DataItems::GroupIdentifier &lt;- Asset::PartsProcesses::DataItems::PartIdentifier]" refid="c7852838-21aa-44f8-81f9-ad221396d967"/><association classType="Association" humanType="Association" icon="MTConnectAssets_files/icon_association_1240125658.svg" isRelationship="true" name="Association[subType:Asset::PartsProcesses::DataItems::TypeOfGroupIdentifier &lt;- Asset::PartsProcesses::DataItems::GroupIdentifier]" refid="3c0cf665-5226-4367-9a7d-1d23d6c5f287"/><association classType="Association" humanType="Association" icon="MTConnectAssets_files/icon_association_1240125658.svg" isRelationship="true" name="Association[subType:Asset::PartsProcesses::DataItems::TypeOfUniqueIdentifier &lt;- Asset::PartsProcesses::DataItems::UniqueIdentifier]" refid="4e539d1e-1032-4d5c-bb9d-8ab531f7199b"/><association classType="Association" humanType="Association" icon="MTConnectAssets_files/icon_association_1240125658.svg" isRelationship="true" name="Association[uniqueIdentifier:Asset::PartsProcesses::DataItems::UniqueIdentifier &lt;- Asset::PartsProcesses::DataItems::PartIdentifier]" refid="95f12cac-ac77-4afa-8a38-057834b8f0e9"/><block classType="Class" humanType="Block" icon="MTConnectAssets_files/icon_block_1651251671.svg" name="ControlProgram" refid="fb5b5ad6-ee13-47ab-ad73-65b8ab1b26f6"/><block classType="Class" humanType="Block" icon="MTConnectAssets_files/icon_block_1651251671.svg" name="GroupIdentifier" refid="97e3ac24-4788-4bcc-8481-cdbd61285350"/><block classType="Class" humanType="Block" icon="MTConnectAssets_files/icon_block_1651251671.svg" name="Location" refid="a29710c3-410d-4dcf-a32b-c0611aae34ab"/><enumeration classType="Enumeration" humanType="Enumeration" icon="MTConnectAssets_files/icon_enumeration_1832284192.svg" name="LocationType" refid="c64ec0bc-b0af-45ae-8d57-418c26e416f4"/><block classType="Class" humanType="Block" icon="MTConnectAssets_files/icon_block_1651251671.svg" name="PartCharacteristics" refid="090b8f83-03b9-4d13-8f45-b1f74825b53d"/><block classType="Class" humanType="Block" icon="MTConnectAssets_files/icon_block_1651251671.svg" name="PartIdentifier" refid="46cc0f84-9e32-4993-98f9-b9e5912e4d19"/><block classType="Class" humanType="Block" icon="MTConnectAssets_files/icon_block_1651251671.svg" name="ProcessCharacteristics" refid="6fea9c0a-128f-4b7e-ab83-cdcecf706bba"/><block classType="Class" humanType="Block" icon="MTConnectAssets_files/icon_block_1651251671.svg" name="ProcessDataRequest" refid="320fc57d-9f50-460a-8f44-359461574ec9"/><enumeration classType="Enumeration" humanType="Enumeration" icon="MTConnectAssets_files/icon_enumeration_1832284192.svg" name="ProcessState" refid="0d16adfd-7db9-4fb8-85e0-fd8254370c9d"/><enumeration classType="Enumeration" humanType="Enumeration" icon="MTConnectAssets_files/icon_enumeration_1832284192.svg" name="QualityKind" refid="2d14ae54-160d-4601-b2f9-d229182a5f9e"/><enumeration classType="Enumeration" humanType="Enumeration" icon="MTConnectAssets_files/icon_enumeration_1832284192.svg" name="TypeOfGroupIdentifier" refid="d52096fb-f60b-49df-8663-5b471d3c436d"/><enumeration classType="Enumeration" humanType="Enumeration" icon="MTConnectAssets_files/icon_enumeration_1832284192.svg" name="TypeOfUniqueIdentifier" refid="f1801647-8ecf-4dea-b43e-27ad8bc70e0a"/><block classType="Class" humanType="Block" icon="MTConnectAssets_files/icon_block_1651251671.svg" name="UniqueIdentifier" refid="fcde4a21-4b14-4cce-afcf-179f479765c7"/></ownedElement><ownedMember humanName="Owned Member"><association classType="Association" humanType="Association" icon="MTConnectAssets_files/icon_association_1240125658.svg" isRelationship="true" name="Association[Asset::PartsProcesses::DataItems::PartCharacteristics -&gt; rawMaterial:Asset::PartsProcesses::DataItems::PartCharacteristics::MaterialType]" refid="d66a9370-6b40-4d30-ba58-ed884860c5fa"/><association classType="Association" humanType="Association" icon="MTConnectAssets_files/icon_association_1240125658.svg" isRelationship="true" name="Association[groupIdentifier:Asset::PartsProcesses::DataItems::GroupIdentifier &lt;- Asset::PartsProcesses::DataItems::PartIdentifier]" refid="c7852838-21aa-44f8-81f9-ad221396d967"/><association classType="Association" humanType="Association" icon="MTConnectAssets_files/icon_association_1240125658.svg" isRelationship="true" name="Association[subType:Asset::PartsProcesses::DataItems::TypeOfGroupIdentifier &lt;- Asset::PartsProcesses::DataItems::GroupIdentifier]" refid="3c0cf665-5226-4367-9a7d-1d23d6c5f287"/><association classType="Association" humanType="Association" icon="MTConnectAssets_files/icon_association_1240125658.svg" isRelationship="true" name="Association[subType:Asset::PartsProcesses::DataItems::TypeOfUniqueIdentifier &lt;- Asset::PartsProcesses::DataItems::UniqueIdentifier]" refid="4e539d1e-1032-4d5c-bb9d-8ab531f7199b"/><association classType="Association" humanType="Association" icon="MTConnectAssets_files/icon_association_1240125658.svg" isRelationship="true" name="Association[uniqueIdentifier:Asset::PartsProcesses::DataItems::UniqueIdentifier &lt;- Asset::PartsProcesses::DataItems::PartIdentifier]" refid="95f12cac-ac77-4afa-8a38-057834b8f0e9"/><block classType="Class" humanType="Block" icon="MTConnectAssets_files/icon_block_1651251671.svg" name="ControlProgram" refid="fb5b5ad6-ee13-47ab-ad73-65b8ab1b26f6"/><block classType="Class" humanType="Block" icon="MTConnectAssets_files/icon_block_1651251671.svg" name="GroupIdentifier" refid="97e3ac24-4788-4bcc-8481-cdbd61285350"/><block classType="Class" humanType="Block" icon="MTConnectAssets_files/icon_block_1651251671.svg" name="Location" refid="a29710c3-410d-4dcf-a32b-c0611aae34ab"/><enumeration classType="Enumeration" humanType="Enumeration" icon="MTConnectAssets_files/icon_enumeration_1832284192.svg" name="LocationType" refid="c64ec0bc-b0af-45ae-8d57-418c26e416f4"/><block classType="Class" humanType="Block" icon="MTConnectAssets_files/icon_block_1651251671.svg" name="PartCharacteristics" refid="090b8f83-03b9-4d13-8f45-b1f74825b53d"/><block classType="Class" humanType="Block" icon="MTConnectAssets_files/icon_block_1651251671.svg" name="PartIdentifier" refid="46cc0f84-9e32-4993-98f9-b9e5912e4d19"/><block classType="Class" humanType="Block" icon="MTConnectAssets_files/icon_block_1651251671.svg" name="ProcessCharacteristics" refid="6fea9c0a-128f-4b7e-ab83-cdcecf706bba"/><block classType="Class" humanType="Block" icon="MTConnectAssets_files/icon_block_1651251671.svg" name="ProcessDataRequest" refid="320fc57d-9f50-460a-8f44-359461574ec9"/><enumeration classType="Enumeration" humanType="Enumeration" icon="MTConnectAssets_files/icon_enumeration_1832284192.svg" name="ProcessState" refid="0d16adfd-7db9-4fb8-85e0-fd8254370c9d"/><enumeration classType="Enumeration" humanType="Enumeration" icon="MTConnectAssets_files/icon_enumeration_1832284192.svg" name="QualityKind" refid="2d14ae54-160d-4601-b2f9-d229182a5f9e"/><enumeration classType="Enumeration" humanType="Enumeration" icon="MTConnectAssets_files/icon_enumeration_1832284192.svg" name="TypeOfGroupIdentifier" refid="d52096fb-f60b-49df-8663-5b471d3c436d"/><enumeration classType="Enumeration" humanType="Enumeration" icon="MTConnectAssets_files/icon_enumeration_1832284192.svg" name="TypeOfUniqueIdentifier" refid="f1801647-8ecf-4dea-b43e-27ad8bc70e0a"/><block classType="Class" humanType="Block" icon="MTConnectAssets_files/icon_block_1651251671.svg" name="UniqueIdentifier" refid="fcde4a21-4b14-4cce-afcf-179f479765c7"/></ownedMember><ownedType humanName="Owned Type"><association classType="Association" humanType="Association" icon="MTConnectAssets_files/icon_association_1240125658.svg" isRelationship="true" name="Association[Asset::PartsProcesses::DataItems::PartCharacteristics -&gt; rawMaterial:Asset::PartsProcesses::DataItems::PartCharacteristics::MaterialType]" refid="d66a9370-6b40-4d30-ba58-ed884860c5fa"/><association classType="Association" humanType="Association" icon="MTConnectAssets_files/icon_association_1240125658.svg" isRelationship="true" name="Association[groupIdentifier:Asset::PartsProcesses::DataItems::GroupIdentifier &lt;- Asset::PartsProcesses::DataItems::PartIdentifier]" refid="c7852838-21aa-44f8-81f9-ad221396d967"/><association classType="Association" humanType="Association" icon="MTConnectAssets_files/icon_association_1240125658.svg" isRelationship="true" name="Association[subType:Asset::PartsProcesses::DataItems::TypeOfGroupIdentifier &lt;- Asset::PartsProcesses::DataItems::GroupIdentifier]" refid="3c0cf665-5226-4367-9a7d-1d23d6c5f287"/><association classType="Association" humanType="Association" icon="MTConnectAssets_files/icon_association_1240125658.svg" isRelationship="true" name="Association[subType:Asset::PartsProcesses::DataItems::TypeOfUniqueIdentifier &lt;- Asset::PartsProcesses::DataItems::UniqueIdentifier]" refid="4e539d1e-1032-4d5c-bb9d-8ab531f7199b"/><association classType="Association" humanType="Association" icon="MTConnectAssets_files/icon_association_1240125658.svg" isRelationship="true" name="Association[uniqueIdentifier:Asset::PartsProcesses::DataItems::UniqueIdentifier &lt;- Asset::PartsProcesses::DataItems::PartIdentifier]" refid="95f12cac-ac77-4afa-8a38-057834b8f0e9"/><block classType="Class" humanType="Block" icon="MTConnectAssets_files/icon_block_1651251671.svg" name="ControlProgram" refid="fb5b5ad6-ee13-47ab-ad73-65b8ab1b26f6"/><block classType="Class" humanType="Block" icon="MTConnectAssets_files/icon_block_1651251671.svg" name="GroupIdentifier" refid="97e3ac24-4788-4bcc-8481-cdbd61285350"/><block classType="Class" humanType="Block" icon="MTConnectAssets_files/icon_block_1651251671.svg" name="Location" refid="a29710c3-410d-4dcf-a32b-c0611aae34ab"/><enumeration classType="Enumeration" humanType="Enumeration" icon="MTConnectAssets_files/icon_enumeration_1832284192.svg" name="LocationType" refid="c64ec0bc-b0af-45ae-8d57-418c26e416f4"/><block classType="Class" humanType="Block" icon="MTConnectAssets_files/icon_block_1651251671.svg" name="PartCharacteristics" refid="090b8f83-03b9-4d13-8f45-b1f74825b53d"/><block classType="Class" humanType="Block" icon="MTConnectAssets_files/icon_block_1651251671.svg" name="PartIdentifier" refid="46cc0f84-9e32-4993-98f9-b9e5912e4d19"/><block classType="Class" humanType="Block" icon="MTConnectAssets_files/icon_block_1651251671.svg" name="ProcessCharacteristics" refid="6fea9c0a-128f-4b7e-ab83-cdcecf706bba"/><block classType="Class" humanType="Block" icon="MTConnectAssets_files/icon_block_1651251671.svg" name="ProcessDataRequest" refid="320fc57d-9f50-460a-8f44-359461574ec9"/><enumeration classType="Enumeration" humanType="Enumeration" icon="MTConnectAssets_files/icon_enumeration_1832284192.svg" name="ProcessState" refid="0d16adfd-7db9-4fb8-85e0-fd8254370c9d"/><enumeration classType="Enumeration" humanType="Enumeration" icon="MTConnectAssets_files/icon_enumeration_1832284192.svg" name="QualityKind" refid="2d14ae54-160d-4601-b2f9-d229182a5f9e"/><enumeration classType="Enumeration" humanType="Enumeration" icon="MTConnectAssets_files/icon_enumeration_1832284192.svg" name="TypeOfGroupIdentifier" refid="d52096fb-f60b-49df-8663-5b471d3c436d"/><enumeration classType="Enumeration" humanType="Enumeration" icon="MTConnectAssets_files/icon_enumeration_1832284192.svg" name="TypeOfUniqueIdentifier" refid="f1801647-8ecf-4dea-b43e-27ad8bc70e0a"/><block classType="Class" humanType="Block" icon="MTConnectAssets_files/icon_block_1651251671.svg" name="UniqueIdentifier" refid="fcde4a21-4b14-4cce-afcf-179f479765c7"/></ownedType><owner classType="Package" humanName="Owner" humanType="Package" icon="MTConnectAssets_files/icon_package_1622863652.svg" mode="s,e" name="PartsProcesses" refid="d98ebc9a-74dd-40dd-b9c1-c06b8843dc92"/><owningPackage classType="Package" humanName="Owning Package" humanType="Package" icon="MTConnectAssets_files/icon_package_1622863652.svg" name="PartsProcesses" refid="d98ebc9a-74dd-40dd-b9c1-c06b8843dc92"/><packagedElement humanName="Packaged Element"><association classType="Association" humanType="Association" icon="MTConnectAssets_files/icon_association_1240125658.svg" isRelationship="true" name="Association[Asset::PartsProcesses::DataItems::PartCharacteristics -&gt; rawMaterial:Asset::PartsProcesses::DataItems::PartCharacteristics::MaterialType]" refid="d66a9370-6b40-4d30-ba58-ed884860c5fa"/><association classType="Association" humanType="Association" icon="MTConnectAssets_files/icon_association_1240125658.svg" isRelationship="true" name="Association[groupIdentifier:Asset::PartsProcesses::DataItems::GroupIdentifier &lt;- Asset::PartsProcesses::DataItems::PartIdentifier]" refid="c7852838-21aa-44f8-81f9-ad221396d967"/><association classType="Association" humanType="Association" icon="MTConnectAssets_files/icon_association_1240125658.svg" isRelationship="true" name="Association[subType:Asset::PartsProcesses::DataItems::TypeOfGroupIdentifier &lt;- Asset::PartsProcesses::DataItems::GroupIdentifier]" refid="3c0cf665-5226-4367-9a7d-1d23d6c5f287"/><association classType="Association" humanType="Association" icon="MTConnectAssets_files/icon_association_1240125658.svg" isRelationship="true" name="Association[subType:Asset::PartsProcesses::DataItems::TypeOfUniqueIdentifier &lt;- Asset::PartsProcesses::DataItems::UniqueIdentifier]" refid="4e539d1e-1032-4d5c-bb9d-8ab531f7199b"/><association classType="Association" humanType="Association" icon="MTConnectAssets_files/icon_association_1240125658.svg" isRelationship="true" name="Association[uniqueIdentifier:Asset::PartsProcesses::DataItems::UniqueIdentifier &lt;- Asset::PartsProcesses::DataItems::PartIdentifier]" refid="95f12cac-ac77-4afa-8a38-057834b8f0e9"/><block classType="Class" humanType="Block" icon="MTConnectAssets_files/icon_block_1651251671.svg" name="ControlProgram" refid="fb5b5ad6-ee13-47ab-ad73-65b8ab1b26f6"/><block classType="Class" humanType="Block" icon="MTConnectAssets_files/icon_block_1651251671.svg" name="GroupIdentifier" refid="97e3ac24-4788-4bcc-8481-cdbd61285350"/><block classType="Class" humanType="Block" icon="MTConnectAssets_files/icon_block_1651251671.svg" name="Location" refid="a29710c3-410d-4dcf-a32b-c0611aae34ab"/><enumeration classType="Enumeration" humanType="Enumeration" icon="MTConnectAssets_files/icon_enumeration_1832284192.svg" name="LocationType" refid="c64ec0bc-b0af-45ae-8d57-418c26e416f4"/><block classType="Class" humanType="Block" icon="MTConnectAssets_files/icon_block_1651251671.svg" name="PartCharacteristics" refid="090b8f83-03b9-4d13-8f45-b1f74825b53d"/><block classType="Class" humanType="Block" icon="MTConnectAssets_files/icon_block_1651251671.svg" name="PartIdentifier" refid="46cc0f84-9e32-4993-98f9-b9e5912e4d19"/><block classType="Class" humanType="Block" icon="MTConnectAssets_files/icon_block_1651251671.svg" name="ProcessCharacteristics" refid="6fea9c0a-128f-4b7e-ab83-cdcecf706bba"/><block classType="Class" humanType="Block" icon="MTConnectAssets_files/icon_block_1651251671.svg" name="ProcessDataRequest" refid="320fc57d-9f50-460a-8f44-359461574ec9"/><enumeration classType="Enumeration" humanType="Enumeration" icon="MTConnectAssets_files/icon_enumeration_1832284192.svg" name="ProcessState" refid="0d16adfd-7db9-4fb8-85e0-fd8254370c9d"/><enumeration classType="Enumeration" humanType="Enumeration" icon="MTConnectAssets_files/icon_enumeration_1832284192.svg" name="QualityKind" refid="2d14ae54-160d-4601-b2f9-d229182a5f9e"/><enumeration classType="Enumeration" humanType="Enumeration" icon="MTConnectAssets_files/icon_enumeration_1832284192.svg" name="TypeOfGroupIdentifier" refid="d52096fb-f60b-49df-8663-5b471d3c436d"/><enumeration classType="Enumeration" humanType="Enumeration" icon="MTConnectAssets_files/icon_enumeration_1832284192.svg" name="TypeOfUniqueIdentifier" refid="f1801647-8ecf-4dea-b43e-27ad8bc70e0a"/><block classType="Class" humanType="Block" icon="MTConnectAssets_files/icon_block_1651251671.svg" name="UniqueIdentifier" refid="fcde4a21-4b14-4cce-afcf-179f479765c7"/></packagedElement><qualifiedName humanName="Qualified Name" mode="e">Asset::PartsProcesses::DataItems</qualifiedName><TO_DO humanName="To Do" mode="s,e"/><URI humanName="URI" mode="s,e"/><visibility humanName="Visibility">public</visibility></package></magicdraw>