<?xml version="1.0" encoding="UTF-8"?><magicdraw><literalstring classType="LiteralString" humanType="Literal String" icon="MTConnectAssets_files/icon_literalstring_989251045.svg" id="366859a6-70ec-44dc-8215-f67f79e4ab0d"><documentation humanName="Documentation"/><name humanName="Name"/><owner classType="Slot" humanName="Owner" humanType="Slot" icon="MTConnectAssets_files/icon_slot_1314472474.svg" mode="e" refid="b3805e7f-c435-4c7a-8d83-dc9fb34d3818"/><owningSlot classType="Slot" humanName="Owning Slot" humanType="Slot" icon="MTConnectAssets_files/icon_slot_1314472474.svg" refid="b3805e7f-c435-4c7a-8d83-dc9fb34d3818"/><qualifiedName humanName="Qualified Name"/><text humanName="Text" mode="standard">open://specification</text><TO_DO humanName="To Do"/><TYPE_MODIFIER humanName="Type Modifier"/><value humanName="Value" mode="s,e">open://specification</value><visibility humanName="Visibility">public</visibility></literalstring></magicdraw>