<?xml version="1.0" encoding="UTF-8"?><magicdraw><literalinteger classType="LiteralInteger" humanType="Literal Integer" icon="MTConnectAssets_files/icon_literalinteger_922180500.svg" id="36b3a88f-fbdd-41ac-a9ac-d79bde340eca"><documentation humanName="Documentation"/><name humanName="Name"/><owner classType="Property" humanName="Owner" humanType="Part Property" icon="MTConnectAssets_files/icon_partproperty_1289757170.svg" mode="e" name="actualStartTime" refid="2b5875b0-14ec-4477-8881-0c3fa405d29d"/><owningLower classType="Property" humanName="Owning Lower" humanType="Part Property" icon="MTConnectAssets_files/icon_partproperty_1289757170.svg" name="actualStartTime" refid="2b5875b0-14ec-4477-8881-0c3fa405d29d"/><qualifiedName humanName="Qualified Name">Asset::PartsProcesses::Components::ProcessOccurrence::actualStartTime::</qualifiedName><text humanName="Text" mode="standard">0</text><TO_DO humanName="To Do"/><TYPE_MODIFIER humanName="Type Modifier"/><value humanName="Value" mode="s,e">0</value><visibility humanName="Visibility">public</visibility></literalinteger></magicdraw>