<?xml version="1.0" encoding="UTF-8"?><magicdraw><enumerationliteral classType="EnumerationLiteral" humanType="Enumeration Literal" icon="MTConnectAssets_files/icon_enumerationliteral_1191775513.svg" id="36b5961d-f19a-451b-8466-d2b90b35540b"><classifier humanName="Classifier"><enumeration classType="Enumeration" humanType="Enumeration" icon="MTConnectAssets_files/icon_enumeration_1832284192.svg" name="TypeOfGroupIdentifier" refid="d52096fb-f60b-49df-8663-5b471d3c436d"/></classifier><documentation humanName="Documentation"/><enumeration classType="Enumeration" humanName="Enumeration" humanType="Enumeration" icon="MTConnectAssets_files/icon_enumeration_1832284192.svg" name="TypeOfGroupIdentifier" refid="d52096fb-f60b-49df-8663-5b471d3c436d"/><name humanName="Name" mode="s,e">BATCH</name><namespace classType="Enumeration" humanName="Namespace" humanType="Enumeration" icon="MTConnectAssets_files/icon_enumeration_1832284192.svg" name="TypeOfGroupIdentifier" refid="d52096fb-f60b-49df-8663-5b471d3c436d"/><owner classType="Enumeration" humanName="Owner" humanType="Enumeration" icon="MTConnectAssets_files/icon_enumeration_1832284192.svg" mode="s,e" name="TypeOfGroupIdentifier" refid="d52096fb-f60b-49df-8663-5b471d3c436d"/><qualifiedName humanName="Qualified Name" mode="e">Asset::PartsProcesses::DataItems::TypeOfGroupIdentifier::BATCH</qualifiedName><TO_DO humanName="To Do" mode="s,e"/><visibility humanName="Visibility" mode="s,e">public</visibility></enumerationliteral></magicdraw>