<?xml version="1.0" encoding="UTF-8"?><magicdraw><instancespecification classType="InstanceSpecification" humanType="Instance Specification" icon="MTConnectAssets_files/icon_instancespecification_13643661.svg" id="371bac5c-ec27-4762-bd8b-b7e04df1ddba"><classifier humanName="Classifier" mode="s,e"><stereotype classType="Stereotype" humanType="Stereotype" icon="MTConnectAssets_files/icon_stereotype_151450878.svg" name="ReferenceProperty" refid="f430da61-f435-4fb1-b6a5-858074ac8e17"/></classifier><documentation humanName="Documentation"/><name humanName="Name" mode="s,e"/><owner classType="Property" humanName="Owner" humanType="Reference Property" icon="MTConnectAssets_files/icon_referenceproperty_151450878.svg" mode="s,e" name="hasAssetId" refid="9d6a5548-d065-427d-b988-7123ad2f6f54"/><qualifiedName humanName="Qualified Name" mode="e">Asset::CuttingTool::CuttingToolArchetypeReference::hasAssetId::</qualifiedName><stereotypedElement classType="Property" humanName="Stereotyped Element" humanType="Reference Property" icon="MTConnectAssets_files/icon_referenceproperty_151450878.svg" name="hasAssetId" refid="9d6a5548-d065-427d-b988-7123ad2f6f54"/><TO_DO humanName="To Do" mode="s,e"/><visibility humanName="Visibility">public</visibility></instancespecification></magicdraw>