<?xml version="1.0" encoding="UTF-8"?><magicdraw><instancespecification classType="InstanceSpecification" humanType="Instance Specification" icon="MTConnectAssets_files/icon_instancespecification_13643661.svg" id="37965c61-5cc9-48bf-a97b-beae4c12f517"><classifier humanName="Classifier" mode="s,e"><stereotype classType="Stereotype" humanType="Stereotype" icon="MTConnectAssets_files/icon_stereotype_469196179.svg" name="ValueProperty" refid="f9f8ec08-03ee-474f-9513-fba19063df38"/></classifier><documentation humanName="Documentation"/><name humanName="Name" mode="s,e"/><owner classType="Property" humanName="Owner" humanType="Value Property" icon="MTConnectAssets_files/icon_valueproperty_469196179.svg" mode="s,e" name="positiveOverlap" refid="49863f42-57aa-4063-a55a-47cf946c1acf"/><qualifiedName humanName="Qualified Name" mode="e">Asset::CuttingTool::Location::positiveOverlap::</qualifiedName><stereotypedElement classType="Property" humanName="Stereotyped Element" humanType="Value Property" icon="MTConnectAssets_files/icon_valueproperty_469196179.svg" name="positiveOverlap" refid="49863f42-57aa-4063-a55a-47cf946c1acf"/><TO_DO humanName="To Do" mode="s,e"/><visibility humanName="Visibility">public</visibility></instancespecification></magicdraw>