<?xml version="1.0" encoding="UTF-8"?><magicdraw><property classType="Property" humanType="Property" icon="MTConnectAssets_files/icon_property_627361964.svg" id="38251094-ded5-4954-94b3-bd8f2d636d0f"><aggregation humanName="Aggregation" mode="s,e">none</aggregation><UMLClass classType="Class" humanName="Class" humanType="Block" icon="MTConnectAssets_files/icon_block_1651251671.svg" name="Location" refid="a29710c3-410d-4dcf-a32b-c0611aae34ab"/><classifier classType="Class" humanName="Classifier" humanType="Block" icon="MTConnectAssets_files/icon_block_1651251671.svg" name="Location" refid="a29710c3-410d-4dcf-a32b-c0611aae34ab"/><documentation humanName="Documentation"/><effectiveIRI humanName="Effective IRI"/><featuringClassifier classType="Class" humanName="Featuring Classifier" humanType="Block" icon="MTConnectAssets_files/icon_block_1651251671.svg" name="Location" refid="a29710c3-410d-4dcf-a32b-c0611aae34ab"/><isComposite humanName="Is Composite">false</isComposite><isDerived humanName="Is Derived" mode="s,e">false</isDerived><isDerivedUnion humanName="Is Derived Union" mode="e">false</isDerivedUnion><isID humanName="Is ID" mode="e">false</isID><isLeaf humanName="Is Leaf">false</isLeaf><isOrdered humanName="Is Ordered" mode="e">false</isOrdered><isReadOnly humanName="Is Read Only" mode="s,e">false</isReadOnly><isStatic humanName="Is Static" mode="s,e">false</isStatic><isUnique humanName="Is Unique" mode="e">true</isUnique><lower humanName="Lower">1</lower><lowerValue classType="LiteralInteger" humanName="Lower Value" humanType="Literal Integer" icon="MTConnectAssets_files/icon_literalinteger_922180500.svg" name="1" refid="f6e8204c-eaaf-4762-a60c-df2d568d0e66" text="1"/><multiplicity humanName="Multiplicity" mode="s,e">1</multiplicity><multiplicity humanName="Multiplicity" mode="s,e">1</multiplicity><name humanName="Name" mode="s,e">type</name><namespace classType="Class" humanName="Namespace" humanType="Block" icon="MTConnectAssets_files/icon_block_1651251671.svg" name="Location" refid="a29710c3-410d-4dcf-a32b-c0611aae34ab"/><navigable humanName="Navigable">true</navigable><ownedBy classType="Class" humanName="Owned By" humanType="Block" icon="MTConnectAssets_files/icon_block_1651251671.svg" name="Location" refid="a29710c3-410d-4dcf-a32b-c0611aae34ab"/><ownedElement humanName="Owned Element"><literalinteger classType="LiteralInteger" humanType="Literal Integer" icon="MTConnectAssets_files/icon_literalinteger_922180500.svg" name="1" refid="f6e8204c-eaaf-4762-a60c-df2d568d0e66" text="1"/><literalunlimitednatural classType="LiteralUnlimitedNatural" humanType="Literal Unlimited Natural" icon="MTConnectAssets_files/icon_literalunlimitednatural_919671508.svg" name="1" refid="e3dd06f1-21ec-4fce-aa93-b2abfeb99245" text="1"/></ownedElement><owner classType="Class" humanName="Owner" humanType="Block" icon="MTConnectAssets_files/icon_block_1651251671.svg" name="Location" refid="a29710c3-410d-4dcf-a32b-c0611aae34ab"/><qualifiedName humanName="Qualified Name" mode="e">Asset::PartsProcesses::DataItems::Location::type</qualifiedName><redefinitionContext humanName="Redefinition Context"><block classType="Class" humanType="Block" icon="MTConnectAssets_files/icon_block_1651251671.svg" name="Location" refid="a29710c3-410d-4dcf-a32b-c0611aae34ab"/></redefinitionContext><TO_DO humanName="To Do" mode="s,e"/><type classType="Enumeration" humanName="Type" humanType="Enumeration" icon="MTConnectAssets_files/icon_enumeration_1832284192.svg" mode="s,e" name="LocationType" refid="c64ec0bc-b0af-45ae-8d57-418c26e416f4"/><TYPE_MODIFIER humanName="Type Modifier" mode="e"/><upper humanName="Upper">1</upper><upperValue classType="LiteralUnlimitedNatural" humanName="Upper Value" humanType="Literal Unlimited Natural" icon="MTConnectAssets_files/icon_literalunlimitednatural_919671508.svg" name="1" refid="e3dd06f1-21ec-4fce-aa93-b2abfeb99245" text="1"/><visibility humanName="Visibility" mode="e">private</visibility></property></magicdraw>