<?xml version="1.0" encoding="UTF-8"?><magicdraw><literalinteger classType="LiteralInteger" humanType="Literal Integer" icon="MTConnectAssets_files/icon_literalinteger_922180500.svg" id="38b99089-6d47-4dcf-80a2-8c193dcd1a20"><documentation humanName="Documentation"/><name humanName="Name"/><owner classType="Property" humanName="Owner" humanType="Part Property" icon="MTConnectAssets_files/icon_partproperty_1289757170.svg" mode="e" name="hasQIFDocument" refid="b6ba08c3-dc9c-4bd5-bd8b-bd2cc3c408ed"/><owningLower classType="Property" humanName="Owning Lower" humanType="Part Property" icon="MTConnectAssets_files/icon_partproperty_1289757170.svg" name="hasQIFDocument" refid="b6ba08c3-dc9c-4bd5-bd8b-bd2cc3c408ed"/><qualifiedName humanName="Qualified Name">Asset::InspectionResult::InspectionResult::hasQIFDocument::</qualifiedName><text humanName="Text" mode="standard">1</text><TO_DO humanName="To Do"/><TYPE_MODIFIER humanName="Type Modifier"/><value humanName="Value" mode="s,e">1</value><visibility humanName="Visibility">public</visibility></literalinteger></magicdraw>