<?xml version="1.0" encoding="UTF-8"?><magicdraw><association classType="Association" humanType="Association" icon="MTConnectAssets_files/icon_association_1240125658.svg" id="38e1ebbc-85da-4081-9cec-c4bd9b591749"><documentation humanName="Documentation"/><endType humanName="End Type"><block classType="Class" humanType="Block" icon="MTConnectAssets_files/icon_block_1651251671.svg" name="Asset" refid="605ecbad-4515-4ca8-9ccb-25ca175744fa"/><block classType="Class" humanType="Block" icon="MTConnectAssets_files/icon_block_1651251671.svg" name="AssetReference" refid="9477790d-2b36-46cf-aad5-511c5c143f9f"/></endType><feature humanName="Feature"><property classType="Property" humanType="Property" icon="MTConnectAssets_files/icon_property_627361964.svg" name=" : Asset::AssetReference" refid="5ecce017-8abd-4406-a7b8-0f1c76723ad8"/></feature><isAbstract humanName="Is Abstract" mode="s,e">false</isAbstract><isDerived humanName="Is Derived" mode="e">false</isDerived><isFinalSpecialization humanName="Is Final Specialization">false</isFinalSpecialization><isLeaf humanName="Is Leaf">false</isLeaf><member humanName="Member"><property classType="Property" humanType="Property" icon="MTConnectAssets_files/icon_property_627361964.svg" name=" : Asset::AssetReference" refid="5ecce017-8abd-4406-a7b8-0f1c76723ad8"/><referenceproperty classType="Property" humanType="Reference Property" icon="MTConnectAssets_files/icon_referenceproperty_151450878.svg" name="assetId" refid="b3a517eb-c5b8-47d0-9a78-73b9343e08db"/></member><memberEnd humanName="Member End"><property classType="Property" humanType="Property" icon="MTConnectAssets_files/icon_property_627361964.svg" name=" : Asset::AssetReference" refid="5ecce017-8abd-4406-a7b8-0f1c76723ad8"/><referenceproperty classType="Property" humanType="Reference Property" icon="MTConnectAssets_files/icon_referenceproperty_151450878.svg" name="assetId" refid="b3a517eb-c5b8-47d0-9a78-73b9343e08db"/></memberEnd><name humanName="Name" mode="s,e"/><namespace classType="Package" humanName="Namespace" humanType="Package" icon="MTConnectAssets_files/icon_package_1622863652.svg" name="Asset" refid="90f9f8f8-d243-4969-a48a-bdac168084ca"/><ownedElement humanName="Owned Element"><property classType="Property" humanType="Property" icon="MTConnectAssets_files/icon_property_627361964.svg" name=" : Asset::AssetReference" refid="5ecce017-8abd-4406-a7b8-0f1c76723ad8"/></ownedElement><ownedEnd humanName="Owned End"><property classType="Property" humanType="Property" icon="MTConnectAssets_files/icon_property_627361964.svg" name=" : Asset::AssetReference" refid="5ecce017-8abd-4406-a7b8-0f1c76723ad8"/></ownedEnd><ownedMember humanName="Owned Member"><property classType="Property" humanType="Property" icon="MTConnectAssets_files/icon_property_627361964.svg" name=" : Asset::AssetReference" refid="5ecce017-8abd-4406-a7b8-0f1c76723ad8"/></ownedMember><owner classType="Package" humanName="Owner" humanType="Package" icon="MTConnectAssets_files/icon_package_1622863652.svg" mode="s,e" name="Asset" refid="90f9f8f8-d243-4969-a48a-bdac168084ca"/><owningPackage classType="Package" humanName="Owning Package" humanType="Package" icon="MTConnectAssets_files/icon_package_1622863652.svg" name="Asset" refid="90f9f8f8-d243-4969-a48a-bdac168084ca"/><package classType="Package" humanName="Package" humanType="Package" icon="MTConnectAssets_files/icon_package_1622863652.svg" name="Asset" refid="90f9f8f8-d243-4969-a48a-bdac168084ca"/><qualifiedName humanName="Qualified Name" mode="e">Asset::</qualifiedName><relatedElement humanName="Related Element"><block classType="Class" humanType="Block" icon="MTConnectAssets_files/icon_block_1651251671.svg" name="Asset" refid="605ecbad-4515-4ca8-9ccb-25ca175744fa"/><block classType="Class" humanType="Block" icon="MTConnectAssets_files/icon_block_1651251671.svg" name="AssetReference" refid="9477790d-2b36-46cf-aad5-511c5c143f9f"/></relatedElement><TO_DO humanName="To Do" mode="s,e"/><visibility humanName="Visibility" mode="s,e">public</visibility><appearsIn><diagram classType="Diagram" humanType="Diagram" icon="MTConnectAssets_files/icon_SysML Block Definition Diagram_378716347.svg" name="PartsProcessesIntegration" refid="cb1044c6-6e9f-4369-8c76-2e7bc50e1a08"/></appearsIn></association></magicdraw>