<?xml version="1.0" encoding="UTF-8"?><magicdraw><instancevalue classType="InstanceValue" humanType="Instance Value" icon="MTConnectAssets_files/icon_instancevalue_791667808.svg" id="3af0320b-7d19-410f-9cd1-fe963c7d98a1"><documentation humanName="Documentation"/><instance classType="EnumerationLiteral" humanName="Instance" humanType="Enumeration Literal" icon="MTConnectAssets_files/icon_enumerationliteral_1191775513.svg" mode="s,e" name="ROCKWELL" refid="0e5fd1ea-03ba-446d-9791-3e8d09f70129"/><name humanName="Name"/><owner classType="Property" humanName="Owner" humanType="Property" icon="MTConnectAssets_files/icon_property_627361964.svg" name="scale" refid="1b7f96e1-f380-44aa-843f-22a6b127b20b"/><owningProperty classType="Property" humanName="Owning Property" humanType="Property" icon="MTConnectAssets_files/icon_property_627361964.svg" name="scale" refid="1b7f96e1-f380-44aa-843f-22a6b127b20b"/><qualifiedName humanName="Qualified Name" mode="e">Asset::PartsProcesses::DataItems::PartCharacteristics::MaterialType::HardnessType::scale::</qualifiedName><text humanName="Text" mode="standard">ROCKWELL</text><TO_DO humanName="To Do"/><TYPE_MODIFIER humanName="Type Modifier"/><visibility humanName="Visibility">public</visibility></instancevalue></magicdraw>