<?xml version="1.0" encoding="UTF-8"?><magicdraw><literalinteger classType="LiteralInteger" humanType="Literal Integer" icon="MTConnectAssets_files/icon_literalinteger_922180500.svg" id="3b718120-0faf-4572-be9e-cb17647b74bb"><documentation humanName="Documentation"/><name humanName="Name"/><owner classType="Property" humanName="Owner" humanType="Value Property" icon="MTConnectAssets_files/icon_valueproperty_469196179.svg" mode="e" name="nominal" refid="05b27593-7e11-4928-89c6-373f89b215d8"/><owningLower classType="Property" humanName="Owning Lower" humanType="Value Property" icon="MTConnectAssets_files/icon_valueproperty_469196179.svg" name="nominal" refid="05b27593-7e11-4928-89c6-373f89b215d8"/><qualifiedName humanName="Qualified Name">Asset::CuttingTool::ProcessSpindleSpeed::nominal::</qualifiedName><text humanName="Text" mode="standard">0</text><TO_DO humanName="To Do"/><TYPE_MODIFIER humanName="Type Modifier"/><value humanName="Value" mode="s,e">0</value><visibility humanName="Visibility">public</visibility></literalinteger></magicdraw>