<?xml version="1.0" encoding="UTF-8"?><magicdraw><diagram classType="Diagram" diagramType="SysML Block Definition Diagram" height="326" humanType="Diagram" icon="MTConnectAssets_files/icon_SysML Block Definition Diagram_378716347.svg" id="3b90c19d-b56f-4241-939e-93a64d22c901" src="MTConnectAssets_files/3b90c19d-b56f-4241-939e-93a64d22c901.svg" width="4178"><APPLIED_STEREOTYPES humanName="Applied Stereotype" mode="s,e"><stereotype classType="Stereotype" humanType="Stereotype" icon="MTConnectAssets_files/icon_stereotype_918307166.svg" name="DiagramInfo" refid="8286d171-50e9-40be-b049-257a243a8867"/></APPLIED_STEREOTYPES><appliedStereotype humanName="Applied Stereotype" mode="s,e"><stereotype classType="Stereotype" humanType="Stereotype" icon="MTConnectAssets_files/icon_stereotype_918307166.svg" name="DiagramInfo" refid="8286d171-50e9-40be-b049-257a243a8867"><property classType="Property" humanName="Author" humanType="Property" icon="MTConnectAssets_files/icon_property_627361964.svg" name="Author" refid="0074f5d7-e1b3-40e6-b8c6-a5adc0bd997e"><String>wsobel</String></property><property classType="Property" humanName="Base_ Diagram" humanType="Property" icon="MTConnectAssets_files/icon_property_627361964.svg" name="base_Diagram" refid="0ea5c8a6-a156-43c6-a38f-c7969e4ec7e9"/><property classType="Property" humanName="Base_ Element" humanType="Property" icon="MTConnectAssets_files/icon_property_627361964.svg" name="base_Element" refid="f2b6fe0b-c570-47bb-81f0-cd774bc371ca"/><property classType="Property" humanName="Creation Date" humanType="Property" icon="MTConnectAssets_files/icon_property_627361964.svg" name="Creation date" refid="4a01c2b2-307c-4f4a-ba40-e62bf46d6110"><String>2/28/20 2:30 PM</String></property><property classType="Property" humanName="Last modified by" humanType="Property" icon="MTConnectAssets_files/icon_property_627361964.svg" name="Last modified by" refid="4b2fe2c8-7ee9-46e6-836c-746a4d8b54e2"><String>tsprock</String></property><property classType="Property" humanName="Modification Date" humanType="Property" icon="MTConnectAssets_files/icon_property_627361964.svg" name="Modification date" refid="8da7cf15-e3c0-41fa-ad66-9d3722b1946f"><String>5/26/20 9:32 AM</String></property></stereotype></appliedStereotype><appliedStereotypeInstance classType="InstanceSpecification" humanName="Applied Stereotype Instance" humanType="Instance Specification" icon="MTConnectAssets_files/icon_instancespecification_13643661.svg" name=" : UML Standard Profile::MagicDraw Profile::DiagramInfo" refid="020c3964-9945-4a74-b26f-3b56e5582033"/><documentation humanName="Documentation"/><map><area isNotContentShape="false" name="Generalization" refid="69fc0274-eda9-4447-96ca-61f5a0486d93" shape="poly" type="0"><point x="57" y="116"/><point x="57" y="133"/><point x="56" y="134"/><point x="56" y="117"/></area><area isNotContentShape="false" name="Generalization" refid="d652e449-2909-4773-b8d4-9cf0fd553ef1" shape="poly" type="0"><point x="2037" y="116"/><point x="2037" y="133"/><point x="2036" y="134"/><point x="2036" y="117"/></area><area isNotContentShape="false" name="Generalization" refid="46d76e2d-361e-4571-b93d-b57abfdc72e0" shape="poly" type="0"><point x="1971" y="116"/><point x="1971" y="133"/><point x="1970" y="134"/><point x="1970" y="117"/></area><area isNotContentShape="false" name="Generalization" refid="4738988b-3648-43e8-bec7-eb01c22d0c0a" shape="poly" type="0"><point x="1908" y="116"/><point x="1908" y="133"/><point x="1907" y="134"/><point x="1907" y="117"/></area><area isNotContentShape="false" name="Generalization" refid="377b9b21-6c80-4089-bac7-bd78151bb148" shape="poly" type="0"><point x="1852" y="116"/><point x="1852" y="133"/><point x="1851" y="134"/><point x="1851" y="117"/></area><area isNotContentShape="false" name="Generalization" refid="99f05ac8-0e6c-4d43-8318-e13b401ac6db" shape="poly" type="0"><point x="1794" y="116"/><point x="1794" y="133"/><point x="1793" y="134"/><point x="1793" y="117"/></area><area isNotContentShape="false" name="Generalization" refid="c777bcec-574e-4ec6-b83a-d03af3fd19db" shape="poly" type="0"><point x="1726" y="116"/><point x="1726" y="133"/><point x="1725" y="134"/><point x="1725" y="117"/></area><area isNotContentShape="false" name="Generalization" refid="c70b2b8a-24a8-49db-a7d6-4a27bfd75248" shape="poly" type="0"><point x="1655" y="116"/><point x="1655" y="133"/><point x="1654" y="134"/><point x="1654" y="117"/></area><area isNotContentShape="false" name="Generalization" refid="44bd2d23-70a1-4950-aaa1-855cc928c76b" shape="poly" type="0"><point x="1591" y="116"/><point x="1591" y="133"/><point x="1590" y="134"/><point x="1590" y="117"/></area><area isNotContentShape="false" name="Generalization" refid="dafab3d7-7da2-4a48-8db3-e73771dea8ad" shape="poly" type="0"><point x="1524" y="116"/><point x="1524" y="133"/><point x="1523" y="134"/><point x="1523" y="117"/></area><area isNotContentShape="false" name="Generalization" refid="c324e68d-da58-42ed-a1cf-a6d79ba841ea" shape="poly" type="0"><point x="1454" y="116"/><point x="1454" y="133"/><point x="1453" y="134"/><point x="1453" y="117"/></area><area isNotContentShape="false" name="Generalization" refid="092e0783-af6d-4be9-8381-ce363455dd63" shape="poly" type="0"><point x="1396" y="116"/><point x="1396" y="133"/><point x="1395" y="134"/><point x="1395" y="117"/></area><area isNotContentShape="false" name="Generalization" refid="b9aa031a-28e5-4fa5-9ef3-8afb048c9d19" shape="poly" type="0"><point x="1338" y="116"/><point x="1338" y="133"/><point x="1337" y="134"/><point x="1337" y="117"/></area><area isNotContentShape="false" name="Generalization" refid="4a38e58d-d886-4e66-a597-664c6ea11bb1" shape="poly" type="0"><point x="1273" y="116"/><point x="1273" y="133"/><point x="1272" y="134"/><point x="1272" y="117"/></area><area isNotContentShape="false" name="Generalization" refid="dbd6f60f-2172-41a5-b001-72100d2663e5" shape="poly" type="0"><point x="1205" y="116"/><point x="1205" y="133"/><point x="1204" y="134"/><point x="1204" y="117"/></area><area isNotContentShape="false" name="Generalization" refid="827f8f81-98c4-4e0a-a92c-e1cb85d3a28d" shape="poly" type="0"><point x="1140" y="116"/><point x="1140" y="133"/><point x="1139" y="134"/><point x="1139" y="117"/></area><area isNotContentShape="false" name="Generalization" refid="60806cbd-1993-402e-8e7d-e5cef173ffc9" shape="poly" type="0"><point x="1070" y="116"/><point x="1070" y="133"/><point x="1069" y="134"/><point x="1069" y="117"/></area><area isNotContentShape="false" name="Generalization" refid="9b4ca8fd-0587-46f2-83fb-279139758867" shape="poly" type="0"><point x="1003" y="116"/><point x="1003" y="133"/><point x="1002" y="134"/><point x="1002" y="117"/></area><area isNotContentShape="false" name="Generalization" refid="9c0f771a-d0f9-4a1c-a51f-b4001a37901e" shape="poly" type="0"><point x="942" y="116"/><point x="942" y="133"/><point x="941" y="134"/><point x="941" y="117"/></area><area isNotContentShape="false" name="Generalization" refid="502e5c6b-e9da-4bda-a5cd-ba4144f95c08" shape="poly" type="0"><point x="880" y="116"/><point x="880" y="133"/><point x="879" y="134"/><point x="879" y="117"/></area><area isNotContentShape="false" name="Generalization" refid="a334a791-f51b-4884-bca4-7d517366bb3a" shape="poly" type="0"><point x="820" y="116"/><point x="820" y="133"/><point x="819" y="134"/><point x="819" y="117"/></area><area isNotContentShape="false" name="Generalization" refid="2be621c1-44da-40aa-b7f0-be1c258b65e7" shape="poly" type="0"><point x="757" y="116"/><point x="757" y="133"/><point x="756" y="134"/><point x="756" y="117"/></area><area isNotContentShape="false" name="Generalization" refid="509b8c71-a4bc-4a39-8a47-9cf64702842c" shape="poly" type="0"><point x="701" y="116"/><point x="701" y="133"/><point x="700" y="134"/><point x="700" y="117"/></area><area isNotContentShape="false" name="Generalization" refid="67df1b38-2af6-4607-a78e-49675b3554d3" shape="poly" type="0"><point x="582" y="116"/><point x="582" y="133"/><point x="581" y="134"/><point x="581" y="117"/></area><area isNotContentShape="false" name="Generalization" refid="863f5ff1-6544-412f-b2ba-8462105a8b3b" shape="poly" type="0"><point x="511" y="116"/><point x="511" y="133"/><point x="510" y="134"/><point x="510" y="117"/></area><area isNotContentShape="false" name="Generalization" refid="0d0ac2ea-673d-4b38-b8d6-f149f3ab3304" shape="poly" type="0"><point x="436" y="116"/><point x="436" y="133"/><point x="435" y="134"/><point x="435" y="117"/></area><area isNotContentShape="false" name="Generalization" refid="e0b471e0-bf0b-4489-b461-a3178b2aedba" shape="poly" type="0"><point x="367" y="116"/><point x="367" y="133"/><point x="366" y="134"/><point x="366" y="117"/></area><area isNotContentShape="false" name="Generalization" refid="32eb4de2-64d2-4c1c-bcd3-cbe19ce16e95" shape="poly" type="0"><point x="307" y="116"/><point x="307" y="133"/><point x="306" y="134"/><point x="306" y="117"/></area><area isNotContentShape="false" name="Generalization" refid="2c81b895-2f8f-40b1-8ab4-aef55e34a1c0" shape="poly" type="0"><point x="184" y="116"/><point x="184" y="133"/><point x="183" y="134"/><point x="183" y="117"/></area><area isNotContentShape="false" name="Generalization" refid="88603b99-5d61-479b-82a5-0d9284fb6deb" shape="poly" type="0"><point x="646" y="116"/><point x="646" y="133"/><point x="645" y="134"/><point x="645" y="117"/></area><area isNotContentShape="false" name="Generalization" refid="67b59d44-968a-4b9a-b7b6-4a76af9bff5b" shape="poly" type="0"><point x="244" y="116"/><point x="244" y="133"/><point x="243" y="134"/><point x="243" y="117"/></area><area isNotContentShape="false" name="Generalization" refid="90e07041-8393-44b8-9a4f-9ae1bfd51c02" shape="poly" type="0"><point x="123" y="116"/><point x="123" y="133"/><point x="122" y="134"/><point x="122" y="117"/></area><area isNotContentShape="false" name="Block Weight" refid="0d6c2a5b-8cca-4f49-b547-f009b6aa05f7" shape="rect" type="0"><point x="165" y="133"/><point x="205" y="133"/><point x="205" y="151"/><point x="165" y="151"/></area><area isNotContentShape="false" name="Block PointAngle" refid="a6626518-c971-4693-96e0-056ab71abb7f" shape="rect" type="0"><point x="861" y="133"/><point x="910" y="133"/><point x="910" y="151"/><point x="861" y="151"/></area><area isNotContentShape="false" name="Block DriveAngle" refid="981e6c48-3705-4e68-bfc1-8a42ab4d66da" shape="rect" type="0"><point x="1376" y="133"/><point x="1425" y="133"/><point x="1425" y="151"/><point x="1376" y="151"/></area><area isNotContentShape="false" name="Block InsertWidth" refid="ec137edb-b970-41fa-9ac7-cad53427f0d8" shape="rect" type="0"><point x="984" y="133"/><point x="1036" y="133"/><point x="1036" y="151"/><point x="984" y="151"/></area><area isNotContentShape="false" name="Block ShankHeight" refid="df0f6a52-b480-4d86-be05-e13f976557de" shape="rect" type="0"><point x="679" y="133"/><point x="734" y="133"/><point x="734" y="151"/><point x="679" y="151"/></area><area isNotContentShape="false" name="Block ShankLength" refid="a801f118-3486-4352-bc9a-eb6824330567" shape="rect" type="0"><point x="627" y="133"/><point x="682" y="133"/><point x="682" y="151"/><point x="627" y="151"/></area><area isNotContentShape="false" name="Block CornerRadius" refid="be2f9364-11df-488c-9706-9785b635dde6" shape="rect" type="0"><point x="1831" y="133"/><point x="1888" y="133"/><point x="1888" y="151"/><point x="1831" y="151"/></area><area isNotContentShape="false" name="Block CuttingHeight" refid="d8f19b7f-8d44-4c80-91e2-176313c41fb4" shape="rect" type="0"><point x="1572" y="133"/><point x="1629" y="133"/><point x="1629" y="151"/><point x="1572" y="151"/></area><area isNotContentShape="false" name="Block ChamferWidth" refid="4c093d26-7b88-4c07-ac69-3be9de095e95" shape="rect" type="0"><point x="1887" y="133"/><point x="1946" y="133"/><point x="1946" y="151"/><point x="1887" y="151"/></area><area isNotContentShape="false" name="Block ToolLeadAngle" refid="4f645bdb-22a3-4b2e-918a-b890c2bcc8ab" shape="rect" type="0"><point x="343" y="133"/><point x="405" y="133"/><point x="405" y="151"/><point x="343" y="151"/></area><area isNotContentShape="false" name="Block DepthOfCutMax" refid="1fe8d395-27f9-4b0e-9c89-fa46ea35eb75" shape="rect" type="0"><point x="1432" y="133"/><point x="1495" y="133"/><point x="1495" y="151"/><point x="1432" y="151"/></area><area isNotContentShape="false" name="Block ShankDiameter" refid="95d8175e-effd-4363-ae5b-247d1dbd544a" shape="rect" type="0"><point x="735" y="133"/><point x="799" y="133"/><point x="799" y="151"/><point x="735" y="151"/></area><area isNotContentShape="false" name="Block ToolOrientation" refid="4987b081-ef70-414f-ae26-3c7a916564bb" shape="rect" type="0"><point x="284" y="133"/><point x="348" y="133"/><point x="348" y="151"/><point x="284" y="151"/></area><area isNotContentShape="false" name="Block BodyLengthMax" refid="ba42cc6d-a362-48ff-9f57-8bc17ffeca79" shape="rect" type="0"><point x="2013" y="133"/><point x="2077" y="133"/><point x="2077" y="151"/><point x="2013" y="151"/></area><area isNotContentShape="false" name="Block FlangeDiameter" refid="93c04246-414a-487d-8e7f-830fc2585f1d" shape="rect" type="0"><point x="1316" y="133"/><point x="1382" y="133"/><point x="1382" y="151"/><point x="1316" y="151"/></area><area isNotContentShape="false" name="Block FunctionalWidth" refid="64ec0afd-e1a0-4ba5-af62-910795d47b38" shape="rect" type="0"><point x="1117" y="133"/><point x="1183" y="133"/><point x="1183" y="151"/><point x="1117" y="151"/></area><area isNotContentShape="false" name="Block CuttingDiameter" refid="795de39f-6b78-4150-9626-ae47b6dfa464" shape="rect" type="0"><point x="1771" y="133"/><point x="1838" y="133"/><point x="1838" y="151"/><point x="1771" y="151"/></area><area isNotContentShape="false" name="Block FunctionalLength" refid="efe58552-d5bf-45bb-bf01-9adadf8ec523" shape="rect" type="0"><point x="1180" y="133"/><point x="1249" y="133"/><point x="1249" y="151"/><point x="1180" y="151"/></area><area isNotContentShape="false" name="Block ProtrudingLength" refid="6d0c1cbd-17a6-4e68-adec-cd0ff0c3e7b5" shape="rect" type="0"><point x="795" y="133"/><point x="865" y="133"/><point x="865" y="151"/><point x="795" y="151"/></area><area isNotContentShape="false" name="Block UsableLengthMax" refid="de2b3fbc-ccc2-43c6-98d1-6095fa2d8d1d" shape="rect" type="0"><point x="217" y="133"/><point x="288" y="133"/><point x="288" y="151"/><point x="217" y="151"/></area><area isNotContentShape="false" name="Block WiperEdgeLength" refid="bd507631-d21d-4c09-8c7a-eb4217eb350f" shape="rect" type="0"><point x="98" y="133"/><point x="169" y="133"/><point x="169" y="151"/><point x="98" y="151"/></area><area isNotContentShape="false" name="Block BodyDiameterMax" refid="235c706c-a22b-4bca-8726-6851edbddb3b" shape="rect" type="0"><point x="32" y="133"/><point x="104" y="133"/><point x="104" y="151"/><point x="32" y="151"/></area><area isNotContentShape="false" name="Block OverallToolLength" refid="403beeec-e47b-444a-a1a4-a26cf8ca264b" shape="rect" type="0"><point x="914" y="133"/><point x="987" y="133"/><point x="987" y="151"/><point x="914" y="151"/></area><area isNotContentShape="false" name="Block CuttingEdgeLength" refid="6495110e-2ce9-4982-a845-47cf3fbce954" shape="rect" type="0"><point x="1628" y="133"/><point x="1702" y="133"/><point x="1702" y="151"/><point x="1628" y="151"/></area><area isNotContentShape="false" name="Block StepIncludedAngle" refid="c9cc3095-c92a-4986-90ef-277d60e3c49f" shape="rect" type="0"><point x="483" y="133"/><point x="558" y="133"/><point x="558" y="151"/><point x="483" y="151"/></area><area isNotContentShape="false" name="Block ChamferFlatLength" refid="58e091bb-0efa-461e-93c9-5b39f091df4b" shape="rect" type="0"><point x="1943" y="133"/><point x="2018" y="133"/><point x="2018" y="151"/><point x="1943" y="151"/></area><area isNotContentShape="false" name="Block FlangeDiameterMax" refid="d694e4bc-2918-4a75-8a06-6b16b860643d" shape="rect" type="0"><point x="1246" y="133"/><point x="1325" y="133"/><point x="1325" y="151"/><point x="1246" y="151"/></area><area isNotContentShape="false" name="Block CuttingDiameterMax" refid="b04b4e3f-72f4-4747-aa34-388106abc52d" shape="rect" type="0"><point x="1698" y="133"/><point x="1777" y="133"/><point x="1777" y="151"/><point x="1698" y="151"/></area><area isNotContentShape="false" name="Block StepDiameterLength" refid="47e83b51-2c47-48db-9e74-1691ff6c76a0" shape="rect" type="0"><point x="553" y="133"/><point x="633" y="133"/><point x="633" y="151"/><point x="553" y="151"/></area><area isNotContentShape="false" name="Value Property code" refid="b7c32484-37b8-4582-a89f-7d637685b225" shape="rect" type="0"><point x="16" y="52"/><point x="101" y="52"/><point x="101" y="59"/><point x="16" y="59"/></area><area isNotContentShape="false" name="Value Property maximum" refid="0c7115ff-ff5f-436c-8dac-c164336e52ba" shape="rect" type="0"><point x="16" y="58"/><point x="101" y="58"/><point x="101" y="65"/><point x="16" y="65"/></area><area isNotContentShape="false" name="Value Property minimum" refid="5c2eb3d5-9548-4358-906f-34ef6ecc91c2" shape="rect" type="0"><point x="16" y="64"/><point x="101" y="64"/><point x="101" y="71"/><point x="16" y="71"/></area><area isNotContentShape="false" name="Value Property nativeUnits" refid="a0efd726-5eba-4acd-80a7-0f0c6bd006ca" shape="rect" type="0"><point x="16" y="70"/><point x="101" y="70"/><point x="101" y="77"/><point x="16" y="77"/></area><area isNotContentShape="false" name="Value Property nominal" refid="baab7908-4399-44ac-bb72-1d915b3d9301" shape="rect" type="0"><point x="16" y="76"/><point x="101" y="76"/><point x="101" y="83"/><point x="16" y="83"/></area><area isNotContentShape="false" name="Value Property significantDigits" refid="9babec66-5b0b-44ec-9edb-8c0c88c313dd" shape="rect" type="0"><point x="16" y="82"/><point x="101" y="82"/><point x="101" y="89"/><point x="16" y="89"/></area><area isNotContentShape="false" name="Value Property units" refid="03e7a0b0-f69c-494d-a4f9-9bf149375967" shape="rect" type="0"><point x="16" y="88"/><point x="101" y="88"/><point x="101" y="95"/><point x="16" y="95"/></area><area isNotContentShape="false" name="Block ToolCuttingEdgeAngle" refid="dd201f64-29a9-4d8a-a9c0-f4ce78c0c6ae" shape="rect" type="0"><point x="403" y="133"/><point x="488" y="133"/><point x="488" y="151"/><point x="403" y="151"/></area><area isNotContentShape="false" name="Block CuttingReferencePoint" refid="ad49fc2a-54f4-4a06-8e4e-7ac8be2d9009" shape="rect" type="0"><point x="1491" y="133"/><point x="1577" y="133"/><point x="1577" y="151"/><point x="1491" y="151"/></area><area isNotContentShape="false" name="Block Measurement" refid="9d96f557-336e-4a28-a1be-8fc1e3637a8a" shape="rect" type="0"><point x="14" y="28"/><point x="102" y="28"/><point x="102" y="102"/><point x="14" y="102"/></area><area isNotContentShape="false" name="Block IncribedCircleDiameter" refid="3b214210-ab20-4e79-a09e-b5dd1b44d083" shape="rect" type="0"><point x="1036" y="133"/><point x="1126" y="133"/><point x="1126" y="151"/><point x="1036" y="151"/></area></map><name humanName="Name" mode="s,e">Measurements</name><namespace classType="Package" humanName="Namespace" humanType="Package" icon="MTConnectAssets_files/icon_package_1622863652.svg" name="Measurement Subtypes" refid="b715937e-eb48-4221-a257-eb38757ad35d"/><ownedElement humanName="Owned Element"><instancespecification classType="InstanceSpecification" humanType="Instance Specification" icon="MTConnectAssets_files/icon_instancespecification_13643661.svg" name=" : UML Standard Profile::MagicDraw Profile::DiagramInfo" refid="020c3964-9945-4a74-b26f-3b56e5582033"/></ownedElement><owner classType="Package" humanName="Owner" humanType="Package" icon="MTConnectAssets_files/icon_package_1622863652.svg" mode="s,e" name="Measurement Subtypes" refid="b715937e-eb48-4221-a257-eb38757ad35d"/><ownerOfDiagram classType="Package" humanName="Owner Of Diagram" humanType="Package" icon="MTConnectAssets_files/icon_package_1622863652.svg" name="Measurement Subtypes" refid="b715937e-eb48-4221-a257-eb38757ad35d"/><qualifiedName humanName="Qualified Name" mode="e">Asset::CuttingTool::Measurement Subtypes::Measurements</qualifiedName><TO_DO humanName="To Do" mode="s,e"/><DIAGRAM_TYPE_DERIVED_PROPERTY humanName="Type">SysML Block Definition Diagram</DIAGRAM_TYPE_DERIVED_PROPERTY><visibility humanName="Visibility">public</visibility></diagram></magicdraw>