<?xml version="1.0" encoding="UTF-8"?><magicdraw><property classType="Property" humanType="Property" icon="MTConnectAssets_files/icon_property_627361964.svg" id="3ba9f17e-814d-4fe0-a393-64c99d7f5414"><aggregation humanName="Aggregation" mode="s,e">none</aggregation><association classType="Association" humanName="Association" humanType="Association" icon="MTConnectAssets_files/icon_association_1240125658.svg" isRelationship="true" name="ToolLife" refid="ff085d52-a792-4b68-a9ba-a2b5073f7c46"/><documentation humanName="Documentation"/><effectiveIRI humanName="Effective IRI"/><featuringClassifier classType="Association" humanName="Featuring Classifier" humanType="Association" icon="MTConnectAssets_files/icon_association_1240125658.svg" isRelationship="true" name="ToolLife" refid="ff085d52-a792-4b68-a9ba-a2b5073f7c46"/><isComposite humanName="Is Composite">false</isComposite><isDerived humanName="Is Derived" mode="s,e">false</isDerived><isDerivedUnion humanName="Is Derived Union" mode="e">false</isDerivedUnion><isID humanName="Is ID" mode="e">false</isID><isLeaf humanName="Is Leaf">false</isLeaf><isOrdered humanName="Is Ordered" mode="e">false</isOrdered><isReadOnly humanName="Is Read Only" mode="s,e">false</isReadOnly><isStatic humanName="Is Static" mode="s,e">false</isStatic><isUnique humanName="Is Unique" mode="e">true</isUnique><lower humanName="Lower">1</lower><multiplicity humanName="Multiplicity" mode="s,e"/><multiplicity humanName="Multiplicity" mode="s,e"/><name humanName="Name" mode="s,e"/><namespace classType="Association" humanName="Namespace" humanType="Association" icon="MTConnectAssets_files/icon_association_1240125658.svg" isRelationship="true" name="ToolLife" refid="ff085d52-a792-4b68-a9ba-a2b5073f7c46"/><navigable humanName="Navigable">false</navigable><opposite classType="Property" humanName="Opposite" humanType="Reference Property" icon="MTConnectAssets_files/icon_referenceproperty_151450878.svg" name="hasToolLifePartCount" refid="d7ff26ec-3206-4fac-9515-e81b5f1b7e59"/><ownedBy classType="Association" humanName="Owned By" humanType="Association" icon="MTConnectAssets_files/icon_association_1240125658.svg" isRelationship="true" name="ToolLife" refid="ff085d52-a792-4b68-a9ba-a2b5073f7c46"/><owner classType="Association" humanName="Owner" humanType="Association" icon="MTConnectAssets_files/icon_association_1240125658.svg" isRelationship="true" name="ToolLife" refid="ff085d52-a792-4b68-a9ba-a2b5073f7c46"/><owningAssociation classType="Association" humanName="Owning Association" humanType="Association" icon="MTConnectAssets_files/icon_association_1240125658.svg" isRelationship="true" name="ToolLife" refid="ff085d52-a792-4b68-a9ba-a2b5073f7c46"/><qualifiedName humanName="Qualified Name" mode="e">Asset::CuttingTool::ToolLife::</qualifiedName><redefinitionContext humanName="Redefinition Context"><association classType="Association" humanType="Association" icon="MTConnectAssets_files/icon_association_1240125658.svg" isRelationship="true" name="ToolLife" refid="ff085d52-a792-4b68-a9ba-a2b5073f7c46"/></redefinitionContext><TO_DO humanName="To Do" mode="s,e"/><type classType="Class" humanName="Type" humanType="Block" icon="MTConnectAssets_files/icon_block_1651251671.svg" mode="s,e" name="CuttingToolLifeCycle" refid="be01f8a1-6645-424a-92cf-c1756524a031"/><TYPE_MODIFIER humanName="Type Modifier" mode="e"/><upper humanName="Upper">1</upper><visibility humanName="Visibility" mode="e">public</visibility><appearsIn><diagram classType="Diagram" humanType="Diagram" icon="MTConnectAssets_files/icon_SysML Block Definition Diagram_378716347.svg" name="CuttingToolLifeCycleModel" refid="ee864f60-1bb3-4e13-9955-1180841334a9"/></appearsIn></property></magicdraw>