<?xml version="1.0" encoding="UTF-8"?><magicdraw><literalstring classType="LiteralString" humanType="Literal String" icon="MTConnectAssets_files/icon_literalstring_989251045.svg" id="3c0b10ef-e706-4c75-aed4-cbfb6f92f4d5"><documentation humanName="Documentation"/><name humanName="Name"/><owner classType="Slot" humanName="Owner" humanType="Slot" icon="MTConnectAssets_files/icon_slot_1314472474.svg" mode="e" refid="e67a8d5d-eebc-45aa-b193-161b1ed8430a"/><owningSlot classType="Slot" humanName="Owning Slot" humanType="Slot" icon="MTConnectAssets_files/icon_slot_1314472474.svg" refid="e67a8d5d-eebc-45aa-b193-161b1ed8430a"/><qualifiedName humanName="Qualified Name"/><text humanName="Text" mode="standard">wsobel</text><TO_DO humanName="To Do"/><TYPE_MODIFIER humanName="Type Modifier"/><value humanName="Value" mode="s,e">wsobel</value><visibility humanName="Visibility">public</visibility></literalstring></magicdraw>