<?xml version="1.0" encoding="UTF-8"?><magicdraw><association classType="Association" humanType="Association" icon="MTConnectAssets_files/icon_association_1240125658.svg" id="3c0cf665-5226-4367-9a7d-1d23d6c5f287"><documentation humanName="Documentation"/><endType humanName="End Type"><block classType="Class" humanType="Block" icon="MTConnectAssets_files/icon_block_1651251671.svg" name="GroupIdentifier" refid="97e3ac24-4788-4bcc-8481-cdbd61285350"/><enumeration classType="Enumeration" humanType="Enumeration" icon="MTConnectAssets_files/icon_enumeration_1832284192.svg" name="TypeOfGroupIdentifier" refid="d52096fb-f60b-49df-8663-5b471d3c436d"/></endType><feature humanName="Feature"><property classType="Property" humanType="Property" icon="MTConnectAssets_files/icon_property_627361964.svg" name=" : Asset::PartsProcesses::DataItems::GroupIdentifier" refid="2ad9e817-31cc-4378-bd45-b6e9d6e83b13"/></feature><isAbstract humanName="Is Abstract" mode="s,e">false</isAbstract><isDerived humanName="Is Derived" mode="e">false</isDerived><isFinalSpecialization humanName="Is Final Specialization">false</isFinalSpecialization><isLeaf humanName="Is Leaf">false</isLeaf><member humanName="Member"><property classType="Property" humanType="Property" icon="MTConnectAssets_files/icon_property_627361964.svg" name=" : Asset::PartsProcesses::DataItems::GroupIdentifier" refid="2ad9e817-31cc-4378-bd45-b6e9d6e83b13"/><referenceproperty classType="Property" humanType="Reference Property" icon="MTConnectAssets_files/icon_referenceproperty_151450878.svg" name="subType" refid="7d5fc6de-0b91-40c3-a40a-33d4057ae637"/></member><memberEnd humanName="Member End"><property classType="Property" humanType="Property" icon="MTConnectAssets_files/icon_property_627361964.svg" name=" : Asset::PartsProcesses::DataItems::GroupIdentifier" refid="2ad9e817-31cc-4378-bd45-b6e9d6e83b13"/><referenceproperty classType="Property" humanType="Reference Property" icon="MTConnectAssets_files/icon_referenceproperty_151450878.svg" name="subType" refid="7d5fc6de-0b91-40c3-a40a-33d4057ae637"/></memberEnd><name humanName="Name" mode="s,e"/><namespace classType="Package" humanName="Namespace" humanType="Package" icon="MTConnectAssets_files/icon_package_1622863652.svg" name="DataItems" refid="35a1ecb7-be27-4dbb-ac8b-957dee4aac9c"/><ownedElement humanName="Owned Element"><property classType="Property" humanType="Property" icon="MTConnectAssets_files/icon_property_627361964.svg" name=" : Asset::PartsProcesses::DataItems::GroupIdentifier" refid="2ad9e817-31cc-4378-bd45-b6e9d6e83b13"/></ownedElement><ownedEnd humanName="Owned End"><property classType="Property" humanType="Property" icon="MTConnectAssets_files/icon_property_627361964.svg" name=" : Asset::PartsProcesses::DataItems::GroupIdentifier" refid="2ad9e817-31cc-4378-bd45-b6e9d6e83b13"/></ownedEnd><ownedMember humanName="Owned Member"><property classType="Property" humanType="Property" icon="MTConnectAssets_files/icon_property_627361964.svg" name=" : Asset::PartsProcesses::DataItems::GroupIdentifier" refid="2ad9e817-31cc-4378-bd45-b6e9d6e83b13"/></ownedMember><owner classType="Package" humanName="Owner" humanType="Package" icon="MTConnectAssets_files/icon_package_1622863652.svg" mode="s,e" name="DataItems" refid="35a1ecb7-be27-4dbb-ac8b-957dee4aac9c"/><owningPackage classType="Package" humanName="Owning Package" humanType="Package" icon="MTConnectAssets_files/icon_package_1622863652.svg" name="DataItems" refid="35a1ecb7-be27-4dbb-ac8b-957dee4aac9c"/><package classType="Package" humanName="Package" humanType="Package" icon="MTConnectAssets_files/icon_package_1622863652.svg" name="DataItems" refid="35a1ecb7-be27-4dbb-ac8b-957dee4aac9c"/><qualifiedName humanName="Qualified Name" mode="e">Asset::PartsProcesses::DataItems::</qualifiedName><relatedElement humanName="Related Element"><block classType="Class" humanType="Block" icon="MTConnectAssets_files/icon_block_1651251671.svg" name="GroupIdentifier" refid="97e3ac24-4788-4bcc-8481-cdbd61285350"/><enumeration classType="Enumeration" humanType="Enumeration" icon="MTConnectAssets_files/icon_enumeration_1832284192.svg" name="TypeOfGroupIdentifier" refid="d52096fb-f60b-49df-8663-5b471d3c436d"/></relatedElement><TO_DO humanName="To Do" mode="s,e"/><visibility humanName="Visibility" mode="s,e">public</visibility></association></magicdraw>