<?xml version="1.0" encoding="UTF-8"?><magicdraw><package classType="Package" humanType="Package" icon="MTConnectAssets_files/icon_package_1622863652.svg" id="3c217c5d-5ebc-4543-a5c8-68eede621433"><documentation humanName="Documentation"/><member humanName="Member"><block classType="Class" humanType="Block" icon="MTConnectAssets_files/icon_block_1651251671.svg" name="B2mmlProductDefinition" refid="7d2f7fb8-1776-47e0-880f-f8869d6a295b"/><diagram classType="Diagram" humanType="Diagram" icon="MTConnectAssets_files/icon_SysML Block Definition Diagram_378716347.svg" name="DARPA-iFab-mSysML" refid="02d9c752-87ca-4743-84e7-36e429a5d4c5"/><block classType="Class" humanType="Block" icon="MTConnectAssets_files/icon_block_1651251671.svg" name="STEPDefinition" refid="207328e7-ad8d-4ecf-9d52-41e200ae02fb"/><diagram classType="Diagram" humanType="Diagram" icon="MTConnectAssets_files/icon_SysML Block Definition Diagram_378716347.svg" name="STEPNC" refid="06817ca9-9583-4715-953f-3f6df0d22be6"/><block classType="Class" humanType="Block" icon="MTConnectAssets_files/icon_block_1651251671.svg" name="UMPArchetype" refid="613cc7bd-fb45-4784-a05f-c4327df8b088"/></member><name humanName="Name" mode="s,e">RelatedModels</name><namespace classType="Package" humanName="Namespace" humanType="Package" icon="MTConnectAssets_files/icon_package_1622863652.svg" name="PartsProcesses" refid="d98ebc9a-74dd-40dd-b9c1-c06b8843dc92"/><nestingPackage classType="Package" humanName="Nesting Package" humanType="Package" icon="MTConnectAssets_files/icon_package_1622863652.svg" name="PartsProcesses" refid="d98ebc9a-74dd-40dd-b9c1-c06b8843dc92"/><ownedDiagram humanName="Owned Diagram"><diagram classType="Diagram" humanType="Diagram" icon="MTConnectAssets_files/icon_SysML Block Definition Diagram_378716347.svg" name="DARPA-iFab-mSysML" refid="02d9c752-87ca-4743-84e7-36e429a5d4c5"/><diagram classType="Diagram" humanType="Diagram" icon="MTConnectAssets_files/icon_SysML Block Definition Diagram_378716347.svg" name="STEPNC" refid="06817ca9-9583-4715-953f-3f6df0d22be6"/></ownedDiagram><ownedElement humanName="Owned Element"><block classType="Class" humanType="Block" icon="MTConnectAssets_files/icon_block_1651251671.svg" name="B2mmlProductDefinition" refid="7d2f7fb8-1776-47e0-880f-f8869d6a295b"/><diagram classType="Diagram" humanType="Diagram" icon="MTConnectAssets_files/icon_SysML Block Definition Diagram_378716347.svg" name="DARPA-iFab-mSysML" refid="02d9c752-87ca-4743-84e7-36e429a5d4c5"/><block classType="Class" humanType="Block" icon="MTConnectAssets_files/icon_block_1651251671.svg" name="STEPDefinition" refid="207328e7-ad8d-4ecf-9d52-41e200ae02fb"/><diagram classType="Diagram" humanType="Diagram" icon="MTConnectAssets_files/icon_SysML Block Definition Diagram_378716347.svg" name="STEPNC" refid="06817ca9-9583-4715-953f-3f6df0d22be6"/><block classType="Class" humanType="Block" icon="MTConnectAssets_files/icon_block_1651251671.svg" name="UMPArchetype" refid="613cc7bd-fb45-4784-a05f-c4327df8b088"/></ownedElement><ownedMember humanName="Owned Member"><block classType="Class" humanType="Block" icon="MTConnectAssets_files/icon_block_1651251671.svg" name="B2mmlProductDefinition" refid="7d2f7fb8-1776-47e0-880f-f8869d6a295b"/><diagram classType="Diagram" humanType="Diagram" icon="MTConnectAssets_files/icon_SysML Block Definition Diagram_378716347.svg" name="DARPA-iFab-mSysML" refid="02d9c752-87ca-4743-84e7-36e429a5d4c5"/><block classType="Class" humanType="Block" icon="MTConnectAssets_files/icon_block_1651251671.svg" name="STEPDefinition" refid="207328e7-ad8d-4ecf-9d52-41e200ae02fb"/><diagram classType="Diagram" humanType="Diagram" icon="MTConnectAssets_files/icon_SysML Block Definition Diagram_378716347.svg" name="STEPNC" refid="06817ca9-9583-4715-953f-3f6df0d22be6"/><block classType="Class" humanType="Block" icon="MTConnectAssets_files/icon_block_1651251671.svg" name="UMPArchetype" refid="613cc7bd-fb45-4784-a05f-c4327df8b088"/></ownedMember><ownedType humanName="Owned Type"><block classType="Class" humanType="Block" icon="MTConnectAssets_files/icon_block_1651251671.svg" name="B2mmlProductDefinition" refid="7d2f7fb8-1776-47e0-880f-f8869d6a295b"/><block classType="Class" humanType="Block" icon="MTConnectAssets_files/icon_block_1651251671.svg" name="STEPDefinition" refid="207328e7-ad8d-4ecf-9d52-41e200ae02fb"/><block classType="Class" humanType="Block" icon="MTConnectAssets_files/icon_block_1651251671.svg" name="UMPArchetype" refid="613cc7bd-fb45-4784-a05f-c4327df8b088"/></ownedType><owner classType="Package" humanName="Owner" humanType="Package" icon="MTConnectAssets_files/icon_package_1622863652.svg" mode="s,e" name="PartsProcesses" refid="d98ebc9a-74dd-40dd-b9c1-c06b8843dc92"/><owningPackage classType="Package" humanName="Owning Package" humanType="Package" icon="MTConnectAssets_files/icon_package_1622863652.svg" name="PartsProcesses" refid="d98ebc9a-74dd-40dd-b9c1-c06b8843dc92"/><packagedElement humanName="Packaged Element"><block classType="Class" humanType="Block" icon="MTConnectAssets_files/icon_block_1651251671.svg" name="B2mmlProductDefinition" refid="7d2f7fb8-1776-47e0-880f-f8869d6a295b"/><block classType="Class" humanType="Block" icon="MTConnectAssets_files/icon_block_1651251671.svg" name="STEPDefinition" refid="207328e7-ad8d-4ecf-9d52-41e200ae02fb"/><block classType="Class" humanType="Block" icon="MTConnectAssets_files/icon_block_1651251671.svg" name="UMPArchetype" refid="613cc7bd-fb45-4784-a05f-c4327df8b088"/></packagedElement><qualifiedName humanName="Qualified Name" mode="e">Asset::PartsProcesses::RelatedModels</qualifiedName><TO_DO humanName="To Do" mode="s,e"/><URI humanName="URI" mode="s,e"/><visibility humanName="Visibility">public</visibility></package></magicdraw>