<?xml version="1.0" encoding="UTF-8"?><magicdraw><literalinteger classType="LiteralInteger" humanType="Literal Integer" icon="MTConnectAssets_files/icon_literalinteger_922180500.svg" id="3d602f51-8da4-4d6e-b067-9c7ef1c7f767"><documentation humanName="Documentation"/><name humanName="Name"/><owner classType="Property" humanName="Owner" humanType="Reference Property" icon="MTConnectAssets_files/icon_referenceproperty_151450878.svg" mode="e" name="projectedCompleteTime" refid="128821b7-ee4e-4ff6-8095-bc15d24d3f74"/><owningLower classType="Property" humanName="Owning Lower" humanType="Reference Property" icon="MTConnectAssets_files/icon_referenceproperty_151450878.svg" name="projectedCompleteTime" refid="128821b7-ee4e-4ff6-8095-bc15d24d3f74"/><qualifiedName humanName="Qualified Name">Asset::PartsProcesses::Components::ProcessOccurrence::projectedCompleteTime::</qualifiedName><text humanName="Text" mode="standard">0</text><TO_DO humanName="To Do"/><TYPE_MODIFIER humanName="Type Modifier"/><value humanName="Value" mode="s,e">0</value><visibility humanName="Visibility">public</visibility></literalinteger></magicdraw>