<?xml version="1.0" encoding="UTF-8"?><magicdraw><valueproperty classType="Property" humanType="Value Property" icon="MTConnectAssets_files/icon_valueproperty_924840719.svg" id="3d91ea8e-f1ec-47cb-86bd-d894062defd0"><aggregation humanName="Aggregation" mode="s,e">none</aggregation><APPLIED_STEREOTYPES humanName="Applied Stereotype" mode="s,e"><stereotype classType="Stereotype" humanType="Stereotype" icon="MTConnectAssets_files/icon_stereotype_924840719.svg" name="ValueProperty" refid="f9f8ec08-03ee-474f-9513-fba19063df38"/></APPLIED_STEREOTYPES><appliedStereotype humanName="Applied Stereotype" mode="s,e"><stereotype classType="Stereotype" humanType="Stereotype" icon="MTConnectAssets_files/icon_stereotype_924840719.svg" name="ValueProperty" refid="f9f8ec08-03ee-474f-9513-fba19063df38"><property classType="Property" humanName="Base_ Element" humanType="Property" icon="MTConnectAssets_files/icon_property_627361964.svg" name="base_Element" refid="f2b6fe0b-c570-47bb-81f0-cd774bc371ca"/><property classType="Property" humanName="Base_ Property" humanType="Property" icon="MTConnectAssets_files/icon_property_627361964.svg" name="base_Property" refid="d3d3c5fb-9db9-4dad-b04e-7adb9b1b36f7"/></stereotype></appliedStereotype><appliedStereotypeInstance classType="InstanceSpecification" humanName="Applied Stereotype Instance" humanType="Instance Specification" icon="MTConnectAssets_files/icon_instancespecification_13643661.svg" name=" : MD Customization for SysML::additional_stereotypes::ValueProperty" refid="ad2e8464-7e37-4bc0-a2f0-e1fd1cde2164"/><UMLClass classType="Class" humanName="Class" humanType="Block" icon="MTConnectAssets_files/icon_block_1271079013.svg" name="ItemLife" refid="657afcfc-4e2c-49bd-b2ed-f9c25fadc47c"/><classifier classType="Class" humanName="Classifier" humanType="Block" icon="MTConnectAssets_files/icon_block_1271079013.svg" name="ItemLife" refid="657afcfc-4e2c-49bd-b2ed-f9c25fadc47c"/><documentation humanName="Documentation" mode="standard">The end of life limit for this item.</documentation><effectiveIRI humanName="Effective IRI"/><featuringClassifier classType="Class" humanName="Featuring Classifier" humanType="Block" icon="MTConnectAssets_files/icon_block_1271079013.svg" name="ItemLife" refid="657afcfc-4e2c-49bd-b2ed-f9c25fadc47c"/><isComposite humanName="Is Composite">false</isComposite><isDerived humanName="Is Derived" mode="s,e">false</isDerived><isDerivedUnion humanName="Is Derived Union" mode="e">false</isDerivedUnion><isID humanName="Is ID" mode="e">false</isID><isLeaf humanName="Is Leaf">false</isLeaf><isOrdered humanName="Is Ordered" mode="e">false</isOrdered><isReadOnly humanName="Is Read Only" mode="s,e">false</isReadOnly><isStatic humanName="Is Static" mode="s,e">false</isStatic><isUnique humanName="Is Unique" mode="e">true</isUnique><lower humanName="Lower">0</lower><lowerValue classType="LiteralInteger" humanName="Lower Value" humanType="Literal Integer" icon="MTConnectAssets_files/icon_literalinteger_922180500.svg" name="0" refid="fe00af62-9305-48cd-82fd-fe9e462b1459" text="0"/><multiplicity humanName="Multiplicity" mode="s,e">0..1</multiplicity><multiplicity humanName="Multiplicity" mode="s,e">0..1</multiplicity><name humanName="Name" mode="s,e">limit</name><namespace classType="Class" humanName="Namespace" humanType="Block" icon="MTConnectAssets_files/icon_block_1271079013.svg" name="ItemLife" refid="657afcfc-4e2c-49bd-b2ed-f9c25fadc47c"/><navigable humanName="Navigable">true</navigable><ownedBy classType="Class" humanName="Owned By" humanType="Block" icon="MTConnectAssets_files/icon_block_1271079013.svg" name="ItemLife" refid="657afcfc-4e2c-49bd-b2ed-f9c25fadc47c"/><ownedComment humanName="Owned Comment"><comment classType="Comment" humanType="Comment" icon="MTConnectAssets_files/icon_comment_1043177908.svg" refid="ad743280-8937-4a4e-9ff6-5fe40b3fcb37"/></ownedComment><ownedElement humanName="Owned Element"><comment classType="Comment" humanType="Comment" icon="MTConnectAssets_files/icon_comment_1043177908.svg" refid="ad743280-8937-4a4e-9ff6-5fe40b3fcb37"/><instancespecification classType="InstanceSpecification" humanType="Instance Specification" icon="MTConnectAssets_files/icon_instancespecification_13643661.svg" name=" : MD Customization for SysML::additional_stereotypes::ValueProperty" refid="ad2e8464-7e37-4bc0-a2f0-e1fd1cde2164"/><literalinteger classType="LiteralInteger" humanType="Literal Integer" icon="MTConnectAssets_files/icon_literalinteger_922180500.svg" name="0" refid="fe00af62-9305-48cd-82fd-fe9e462b1459" text="0"/><literalunlimitednatural classType="LiteralUnlimitedNatural" humanType="Literal Unlimited Natural" icon="MTConnectAssets_files/icon_literalunlimitednatural_919671508.svg" name="1" refid="eac0788a-8a1f-4b33-accf-6a1ec1cd26f1" text="1"/></ownedElement><owner classType="Class" humanName="Owner" humanType="Block" icon="MTConnectAssets_files/icon_block_1271079013.svg" name="ItemLife" refid="657afcfc-4e2c-49bd-b2ed-f9c25fadc47c"/><qualifiedName humanName="Qualified Name" mode="e">Asset::CuttingTool::CuttingItem::ItemLife::limit</qualifiedName><redefinitionContext humanName="Redefinition Context"><block classType="Class" humanType="Block" icon="MTConnectAssets_files/icon_block_1271079013.svg" name="ItemLife" refid="657afcfc-4e2c-49bd-b2ed-f9c25fadc47c"/></redefinitionContext><TO_DO humanName="To Do" mode="s,e"/><type classType="DataType" humanName="Type" humanType="Value Type" icon="MTConnectAssets_files/icon_valuetype_1227360945.svg" mode="s,e" name="string" refid="b12c5fb1-4355-4664-b354-d60bb7efe46e"/><TYPE_MODIFIER humanName="Type Modifier" mode="e"/><upper humanName="Upper">1</upper><upperValue classType="LiteralUnlimitedNatural" humanName="Upper Value" humanType="Literal Unlimited Natural" icon="MTConnectAssets_files/icon_literalunlimitednatural_919671508.svg" name="1" refid="eac0788a-8a1f-4b33-accf-6a1ec1cd26f1" text="1"/><visibility humanName="Visibility" mode="e">public</visibility><appearsIn><diagram classType="Diagram" humanType="Diagram" icon="MTConnectAssets_files/icon_SysML Block Definition Diagram_378716347.svg" name="CuttingItemModel" refid="6c1571f6-edf0-48ae-be83-2b1546ba3029"/></appearsIn></valueproperty></magicdraw>