<?xml version="1.0" encoding="UTF-8"?><magicdraw><enumerationliteral classType="EnumerationLiteral" humanType="Enumeration Literal" icon="MTConnectAssets_files/icon_enumerationliteral_1191775513.svg" id="3dbe816e-5c73-42db-9851-876ad92ca9f6"><classifier humanName="Classifier"><valuetype classType="Enumeration" humanType="Value Type" icon="MTConnectAssets_files/icon_valuetype_122648214.svg" name="CutterStatusType" refid="70b07129-3157-4bd3-a7cb-a7d2ec4204ce"/></classifier><documentation humanName="Documentation" mode="standard">The cutting tool is an indeterminate state. This is the default value.</documentation><enumeration classType="Enumeration" humanName="Enumeration" humanType="Value Type" icon="MTConnectAssets_files/icon_valuetype_122648214.svg" name="CutterStatusType" refid="70b07129-3157-4bd3-a7cb-a7d2ec4204ce"/><name humanName="Name" mode="s,e">UNKNOWN</name><namespace classType="Enumeration" humanName="Namespace" humanType="Value Type" icon="MTConnectAssets_files/icon_valuetype_122648214.svg" name="CutterStatusType" refid="70b07129-3157-4bd3-a7cb-a7d2ec4204ce"/><ownedComment humanName="Owned Comment"><comment classType="Comment" humanType="Comment" icon="MTConnectAssets_files/icon_comment_1043177908.svg" refid="723c1f87-2513-4cf9-b09a-b3d1709ccf01"/></ownedComment><ownedElement humanName="Owned Element"><comment classType="Comment" humanType="Comment" icon="MTConnectAssets_files/icon_comment_1043177908.svg" refid="723c1f87-2513-4cf9-b09a-b3d1709ccf01"/></ownedElement><owner classType="Enumeration" humanName="Owner" humanType="Value Type" icon="MTConnectAssets_files/icon_valuetype_122648214.svg" mode="s,e" name="CutterStatusType" refid="70b07129-3157-4bd3-a7cb-a7d2ec4204ce"/><qualifiedName humanName="Qualified Name" mode="e">Asset::CuttingTool::CutterStatusType::UNKNOWN</qualifiedName><TO_DO humanName="To Do" mode="s,e"/><visibility humanName="Visibility" mode="s,e">public</visibility></enumerationliteral></magicdraw>