<?xml version="1.0" encoding="UTF-8"?><magicdraw><instancespecification classType="InstanceSpecification" humanType="Instance Specification" icon="MTConnectAssets_files/icon_instancespecification_13643661.svg" id="3dd0cd48-1491-4a68-bb58-6ea091fe805f"><classifier humanName="Classifier" mode="s,e"><stereotype classType="Stereotype" humanType="Stereotype" icon="MTConnectAssets_files/icon_stereotype_1651251671.svg" name="Block" refid="4b68b36d-0594-4f75-b1e5-32ed35a63dac"/></classifier><documentation humanName="Documentation"/><name humanName="Name" mode="s,e"/><owner classType="Class" humanName="Owner" humanType="Block" icon="MTConnectAssets_files/icon_block_1651251671.svg" mode="s,e" name="AssetDefinition" refid="a884e95f-4ee5-4e8f-b4fb-bd33bf9bedbe"/><qualifiedName humanName="Qualified Name" mode="e">Asset::AssetDefinition::</qualifiedName><stereotypedElement classType="Class" humanName="Stereotyped Element" humanType="Block" icon="MTConnectAssets_files/icon_block_1651251671.svg" name="AssetDefinition" refid="a884e95f-4ee5-4e8f-b4fb-bd33bf9bedbe"/><TO_DO humanName="To Do" mode="s,e"/><visibility humanName="Visibility">public</visibility></instancespecification></magicdraw>