<?xml version="1.0" encoding="UTF-8"?><magicdraw><valueproperty classType="Property" humanType="Value Property" icon="MTConnectAssets_files/icon_valueproperty_924840719.svg" id="3dd132ae-e0bb-4efe-ab0e-b09810695643"><aggregation humanName="Aggregation" mode="s,e">none</aggregation><APPLIED_STEREOTYPES humanName="Applied Stereotype" mode="s,e"><stereotype classType="Stereotype" humanType="Stereotype" icon="MTConnectAssets_files/icon_stereotype_924840719.svg" name="ValueProperty" refid="f9f8ec08-03ee-474f-9513-fba19063df38"/></APPLIED_STEREOTYPES><appliedStereotype humanName="Applied Stereotype" mode="s,e"><stereotype classType="Stereotype" humanType="Stereotype" icon="MTConnectAssets_files/icon_stereotype_924840719.svg" name="ValueProperty" refid="f9f8ec08-03ee-474f-9513-fba19063df38"><property classType="Property" humanName="Base_ Element" humanType="Property" icon="MTConnectAssets_files/icon_property_627361964.svg" name="base_Element" refid="f2b6fe0b-c570-47bb-81f0-cd774bc371ca"/><property classType="Property" humanName="Base_ Property" humanType="Property" icon="MTConnectAssets_files/icon_property_627361964.svg" name="base_Property" refid="d3d3c5fb-9db9-4dad-b04e-7adb9b1b36f7"/></stereotype></appliedStereotype><appliedStereotypeInstance classType="InstanceSpecification" humanName="Applied Stereotype Instance" humanType="Instance Specification" icon="MTConnectAssets_files/icon_instancespecification_13643661.svg" name=" : MD Customization for SysML::additional_stereotypes::ValueProperty" refid="5bb93c85-ea32-4d2f-9e6c-57faba1c35a6"/><UMLClass classType="AssociationClass" humanName="Class" humanType="Block" icon="MTConnectAssets_files/icon_block_1271079013.svg" isRelationship="true" name="CuttingItems" refid="b26fa7ef-c699-4df2-b6a3-7925fc1c3cee"/><classifier classType="AssociationClass" humanName="Classifier" humanType="Block" icon="MTConnectAssets_files/icon_block_1271079013.svg" isRelationship="true" name="CuttingItems" refid="b26fa7ef-c699-4df2-b6a3-7925fc1c3cee"/><documentation humanName="Documentation"/><effectiveIRI humanName="Effective IRI"/><featuringClassifier classType="AssociationClass" humanName="Featuring Classifier" humanType="Block" icon="MTConnectAssets_files/icon_block_1271079013.svg" isRelationship="true" name="CuttingItems" refid="b26fa7ef-c699-4df2-b6a3-7925fc1c3cee"/><isComposite humanName="Is Composite">false</isComposite><isDerived humanName="Is Derived" mode="s,e">false</isDerived><isDerivedUnion humanName="Is Derived Union" mode="e">false</isDerivedUnion><isID humanName="Is ID" mode="e">false</isID><isLeaf humanName="Is Leaf">false</isLeaf><isOrdered humanName="Is Ordered" mode="e">false</isOrdered><isReadOnly humanName="Is Read Only" mode="s,e">false</isReadOnly><isStatic humanName="Is Static" mode="s,e">false</isStatic><isUnique humanName="Is Unique" mode="e">true</isUnique><lower humanName="Lower">1</lower><lowerValue classType="LiteralInteger" humanName="Lower Value" humanType="Literal Integer" icon="MTConnectAssets_files/icon_literalinteger_922180500.svg" name="1" refid="19c86044-84b9-4004-bab7-17ac0f395fa0" text="1"/><multiplicity humanName="Multiplicity" mode="s,e">1</multiplicity><multiplicity humanName="Multiplicity" mode="s,e">1</multiplicity><name humanName="Name" mode="s,e">count</name><namespace classType="AssociationClass" humanName="Namespace" humanType="Block" icon="MTConnectAssets_files/icon_block_1271079013.svg" isRelationship="true" name="CuttingItems" refid="b26fa7ef-c699-4df2-b6a3-7925fc1c3cee"/><navigable humanName="Navigable">true</navigable><ownedBy classType="AssociationClass" humanName="Owned By" humanType="Block" icon="MTConnectAssets_files/icon_block_1271079013.svg" isRelationship="true" name="CuttingItems" refid="b26fa7ef-c699-4df2-b6a3-7925fc1c3cee"/><ownedElement humanName="Owned Element"><instancespecification classType="InstanceSpecification" humanType="Instance Specification" icon="MTConnectAssets_files/icon_instancespecification_13643661.svg" name=" : MD Customization for SysML::additional_stereotypes::ValueProperty" refid="5bb93c85-ea32-4d2f-9e6c-57faba1c35a6"/><literalinteger classType="LiteralInteger" humanType="Literal Integer" icon="MTConnectAssets_files/icon_literalinteger_922180500.svg" name="1" refid="19c86044-84b9-4004-bab7-17ac0f395fa0" text="1"/><literalunlimitednatural classType="LiteralUnlimitedNatural" humanType="Literal Unlimited Natural" icon="MTConnectAssets_files/icon_literalunlimitednatural_919671508.svg" name="1" refid="efe4545a-87d3-471f-a81b-282e9eb2f96c" text="1"/></ownedElement><owner classType="AssociationClass" humanName="Owner" humanType="Block" icon="MTConnectAssets_files/icon_block_1271079013.svg" isRelationship="true" name="CuttingItems" refid="b26fa7ef-c699-4df2-b6a3-7925fc1c3cee"/><qualifiedName humanName="Qualified Name" mode="e">Asset::CuttingTool::CuttingItem::CuttingItems::count</qualifiedName><redefinitionContext humanName="Redefinition Context"><block classType="AssociationClass" humanType="Block" icon="MTConnectAssets_files/icon_block_1271079013.svg" isRelationship="true" name="CuttingItems" refid="b26fa7ef-c699-4df2-b6a3-7925fc1c3cee"/></redefinitionContext><TO_DO humanName="To Do" mode="s,e"/><type classType="DataType" humanName="Type" humanType="Value Type" icon="MTConnectAssets_files/icon_valuetype_1227360945.svg" mode="s,e" name="integer" refid="85557685-77ff-453c-bb95-1256603666ae"/><TYPE_MODIFIER humanName="Type Modifier" mode="e"/><upper humanName="Upper">1</upper><upperValue classType="LiteralUnlimitedNatural" humanName="Upper Value" humanType="Literal Unlimited Natural" icon="MTConnectAssets_files/icon_literalunlimitednatural_919671508.svg" name="1" refid="efe4545a-87d3-471f-a81b-282e9eb2f96c" text="1"/><visibility humanName="Visibility" mode="e">public</visibility><appearsIn><diagram classType="Diagram" humanType="Diagram" icon="MTConnectAssets_files/icon_SysML Block Definition Diagram_378716347.svg" name="CuttingToolLifeCycleModel" refid="ee864f60-1bb3-4e13-9955-1180841334a9"/></appearsIn></valueproperty></magicdraw>