<?xml version="1.0" encoding="UTF-8"?><magicdraw><literalunlimitednatural classType="LiteralUnlimitedNatural" humanType="Literal Unlimited Natural" icon="MTConnectAssets_files/icon_literalunlimitednatural_919671508.svg" id="3e4f68f0-63e4-4279-8562-7fbb3c5b50af"><documentation humanName="Documentation"/><name humanName="Name"/><owner classType="Property" humanName="Owner" humanType="Reference Property" icon="MTConnectAssets_files/icon_referenceproperty_151450878.svg" mode="e" name="hasDefinition" refid="7f9ea478-291a-490c-a023-55fe1a98275f"/><owningUpper classType="Property" humanName="Owning Upper" humanType="Reference Property" icon="MTConnectAssets_files/icon_referenceproperty_151450878.svg" name="hasDefinition" refid="7f9ea478-291a-490c-a023-55fe1a98275f"/><qualifiedName humanName="Qualified Name">Asset::Asset::hasDefinition::</qualifiedName><text humanName="Text" mode="standard">*</text><TO_DO humanName="To Do"/><TYPE_MODIFIER humanName="Type Modifier"/><value humanName="Value" mode="s,e">-1</value><visibility humanName="Visibility">public</visibility></literalunlimitednatural></magicdraw>