<?xml version="1.0" encoding="UTF-8"?><magicdraw><enumerationliteral classType="EnumerationLiteral" humanType="Enumeration Literal" icon="MTConnectAssets_files/icon_enumerationliteral_1191775513.svg" id="3e5045b7-58f0-4e6a-9972-e11346fb927f"><classifier humanName="Classifier"><valuetype classType="Enumeration" humanType="Value Type" icon="MTConnectAssets_files/icon_valuetype_122648214.svg" name="CodeEnum" refid="ac78b8ca-262b-44cd-829c-a83b79aca3dc"/></classifier><documentation humanName="Documentation" mode="standard">The largest length dimension of the Cutting Tool including the master insert where applicable.</documentation><enumeration classType="Enumeration" humanName="Enumeration" humanType="Value Type" icon="MTConnectAssets_files/icon_valuetype_122648214.svg" name="CodeEnum" refid="ac78b8ca-262b-44cd-829c-a83b79aca3dc"/><name humanName="Name" mode="s,e">OAL</name><namespace classType="Enumeration" humanName="Namespace" humanType="Value Type" icon="MTConnectAssets_files/icon_valuetype_122648214.svg" name="CodeEnum" refid="ac78b8ca-262b-44cd-829c-a83b79aca3dc"/><ownedComment humanName="Owned Comment"><comment classType="Comment" humanType="Comment" icon="MTConnectAssets_files/icon_comment_1043177908.svg" refid="b78bcdc5-da76-462d-a6e3-02cb1cf5281a"/></ownedComment><ownedElement humanName="Owned Element"><comment classType="Comment" humanType="Comment" icon="MTConnectAssets_files/icon_comment_1043177908.svg" refid="b78bcdc5-da76-462d-a6e3-02cb1cf5281a"/></ownedElement><owner classType="Enumeration" humanName="Owner" humanType="Value Type" icon="MTConnectAssets_files/icon_valuetype_122648214.svg" mode="s,e" name="CodeEnum" refid="ac78b8ca-262b-44cd-829c-a83b79aca3dc"/><qualifiedName humanName="Qualified Name" mode="e">Asset::CuttingTool::CodeEnum::OAL</qualifiedName><TO_DO humanName="To Do" mode="s,e"/><visibility humanName="Visibility" mode="s,e">public</visibility><appearsIn><diagram classType="Diagram" humanType="Diagram" icon="MTConnectAssets_files/icon_SysML Block Definition Diagram_378716347.svg" name="CuttingToolLifeCycleModel" refid="ee864f60-1bb3-4e13-9955-1180841334a9"/></appearsIn></enumerationliteral></magicdraw>