<?xml version="1.0" encoding="UTF-8"?><magicdraw><literalunlimitednatural classType="LiteralUnlimitedNatural" humanType="Literal Unlimited Natural" icon="MTConnectAssets_files/icon_literalunlimitednatural_919671508.svg" id="3e54ea34-1487-4ecb-890c-39a999973063"><documentation humanName="Documentation"/><name humanName="Name"/><owner classType="Property" humanName="Owner" humanType="Property" icon="MTConnectAssets_files/icon_property_627361964.svg" mode="e" name="state" refid="adc53002-097d-4a14-b051-ee1222a1a6cd"/><owningUpper classType="Property" humanName="Owning Upper" humanType="Property" icon="MTConnectAssets_files/icon_property_627361964.svg" name="state" refid="adc53002-097d-4a14-b051-ee1222a1a6cd"/><qualifiedName humanName="Qualified Name">Asset::PartsProcesses::Components::Part::state::</qualifiedName><text humanName="Text" mode="standard">1</text><TO_DO humanName="To Do"/><TYPE_MODIFIER humanName="Type Modifier"/><value humanName="Value" mode="s,e">1</value><visibility humanName="Visibility">public</visibility></literalunlimitednatural></magicdraw>