<?xml version="1.0" encoding="UTF-8"?><magicdraw><slot classType="Slot" humanType="Slot" icon="MTConnectAssets_files/icon_slot_1314472474.svg" id="3ed914d3-1939-4f07-9fb4-f61e645a0180"><definingFeature classType="Property" humanName="Defining Feature" humanType="Property" icon="MTConnectAssets_files/icon_property_627361964.svg" mode="s,e" name="Last modified by" refid="4b2fe2c8-7ee9-46e6-836c-746a4d8b54e2"/><documentation humanName="Documentation"/><ownedElement humanName="Owned Element"><literalstring classType="LiteralString" humanType="Literal String" icon="MTConnectAssets_files/icon_literalstring_989251045.svg" name="tsprock" refid="1dd4a087-596c-434c-9aed-a78b39d05c63" text="tsprock"/></ownedElement><owner classType="InstanceSpecification" humanName="Owner" humanType="Instance Specification" icon="MTConnectAssets_files/icon_instancespecification_13643661.svg" mode="s,e" name=" : UML Standard Profile::MagicDraw Profile::DiagramInfo" refid="cc25b539-70f3-412b-9db0-bd4ab5e76494"/><owningInstance classType="InstanceSpecification" humanName="Owning Instance" humanType="Instance Specification" icon="MTConnectAssets_files/icon_instancespecification_13643661.svg" name=" : UML Standard Profile::MagicDraw Profile::DiagramInfo" refid="cc25b539-70f3-412b-9db0-bd4ab5e76494"/><TO_DO humanName="To Do" mode="s,e"/><value humanName="Value" mode="s,e"><literalstring classType="LiteralString" humanType="Literal String" icon="MTConnectAssets_files/icon_literalstring_989251045.svg" name="tsprock" refid="1dd4a087-596c-434c-9aed-a78b39d05c63" text="tsprock"/></value></slot></magicdraw>