<?xml version="1.0" encoding="UTF-8"?><magicdraw><instancespecification classType="InstanceSpecification" humanType="Instance Specification" icon="MTConnectAssets_files/icon_instancespecification_13643661.svg" id="3f96955d-f91a-4264-ba16-090a22f2c956"><classifier humanName="Classifier" mode="s,e"><stereotype classType="Stereotype" humanType="Stereotype" icon="MTConnectAssets_files/icon_stereotype_1271079013.svg" name="Block" refid="4b68b36d-0594-4f75-b1e5-32ed35a63dac"/></classifier><documentation humanName="Documentation"/><name humanName="Name" mode="s,e"/><owner classType="Class" humanName="Owner" humanType="Block" icon="MTConnectAssets_files/icon_block_1651251671.svg" mode="s,e" name="WiperEdgeLength" refid="bd507631-d21d-4c09-8c7a-eb4217eb350f"/><qualifiedName humanName="Qualified Name" mode="e">Asset::CuttingTool::Measurement Subtypes::WiperEdgeLength::</qualifiedName><stereotypedElement classType="Class" humanName="Stereotyped Element" humanType="Block" icon="MTConnectAssets_files/icon_block_1651251671.svg" name="WiperEdgeLength" refid="bd507631-d21d-4c09-8c7a-eb4217eb350f"/><TO_DO humanName="To Do" mode="s,e"/><visibility humanName="Visibility">public</visibility></instancespecification></magicdraw>