<?xml version="1.0" encoding="UTF-8"?><magicdraw><association classType="Association" humanType="Association" icon="MTConnectAssets_files/icon_association_1240125658.svg" id="3fb1cdf7-7df1-4ce8-99a3-c71f3c4832cd"><documentation humanName="Documentation"/><endType humanName="End Type"><block classType="Class" humanType="Block" icon="MTConnectAssets_files/icon_block_1651251671.svg" name="Part" refid="edd1c9d3-6e67-427c-b4a1-0aa335091da2"/><block classType="Class" humanType="Block" icon="MTConnectAssets_files/icon_block_1651251671.svg" name="PartArchetype" refid="f235fb6c-a8e2-428a-9a60-c7a6cafa678d"/></endType><feature humanName="Feature"><property classType="Property" humanType="Property" icon="MTConnectAssets_files/icon_property_627361964.svg" name=" : Asset::PartsProcesses::Components::Part [1..*]" refid="2d5dc07c-28dc-4654-8cc7-4dc6e35537b2"/></feature><isAbstract humanName="Is Abstract" mode="s,e">false</isAbstract><isDerived humanName="Is Derived" mode="e">false</isDerived><isFinalSpecialization humanName="Is Final Specialization">false</isFinalSpecialization><isLeaf humanName="Is Leaf">false</isLeaf><member humanName="Member"><property classType="Property" humanType="Property" icon="MTConnectAssets_files/icon_property_627361964.svg" name=" : Asset::PartsProcesses::Components::Part [1..*]" refid="2d5dc07c-28dc-4654-8cc7-4dc6e35537b2"/><referenceproperty classType="Property" humanType="Reference Property" icon="MTConnectAssets_files/icon_referenceproperty_151450878.svg" name="partType" refid="19d50d00-5e44-4716-8b34-092ba043037b"/></member><memberEnd humanName="Member End"><property classType="Property" humanType="Property" icon="MTConnectAssets_files/icon_property_627361964.svg" name=" : Asset::PartsProcesses::Components::Part [1..*]" refid="2d5dc07c-28dc-4654-8cc7-4dc6e35537b2"/><referenceproperty classType="Property" humanType="Reference Property" icon="MTConnectAssets_files/icon_referenceproperty_151450878.svg" name="partType" refid="19d50d00-5e44-4716-8b34-092ba043037b"/></memberEnd><name humanName="Name" mode="s,e">partTypeRef</name><namespace classType="Package" humanName="Namespace" humanType="Package" icon="MTConnectAssets_files/icon_package_1622863652.svg" name="Components" refid="c5ea7483-12f2-4f88-a44f-787df5e2ec1b"/><ownedElement humanName="Owned Element"><property classType="Property" humanType="Property" icon="MTConnectAssets_files/icon_property_627361964.svg" name=" : Asset::PartsProcesses::Components::Part [1..*]" refid="2d5dc07c-28dc-4654-8cc7-4dc6e35537b2"/></ownedElement><ownedEnd humanName="Owned End"><property classType="Property" humanType="Property" icon="MTConnectAssets_files/icon_property_627361964.svg" name=" : Asset::PartsProcesses::Components::Part [1..*]" refid="2d5dc07c-28dc-4654-8cc7-4dc6e35537b2"/></ownedEnd><ownedMember humanName="Owned Member"><property classType="Property" humanType="Property" icon="MTConnectAssets_files/icon_property_627361964.svg" name=" : Asset::PartsProcesses::Components::Part [1..*]" refid="2d5dc07c-28dc-4654-8cc7-4dc6e35537b2"/></ownedMember><owner classType="Package" humanName="Owner" humanType="Package" icon="MTConnectAssets_files/icon_package_1622863652.svg" mode="s,e" name="Components" refid="c5ea7483-12f2-4f88-a44f-787df5e2ec1b"/><owningPackage classType="Package" humanName="Owning Package" humanType="Package" icon="MTConnectAssets_files/icon_package_1622863652.svg" name="Components" refid="c5ea7483-12f2-4f88-a44f-787df5e2ec1b"/><package classType="Package" humanName="Package" humanType="Package" icon="MTConnectAssets_files/icon_package_1622863652.svg" name="Components" refid="c5ea7483-12f2-4f88-a44f-787df5e2ec1b"/><qualifiedName humanName="Qualified Name" mode="e">Asset::PartsProcesses::Components::partTypeRef</qualifiedName><relatedElement humanName="Related Element"><block classType="Class" humanType="Block" icon="MTConnectAssets_files/icon_block_1651251671.svg" name="Part" refid="edd1c9d3-6e67-427c-b4a1-0aa335091da2"/><block classType="Class" humanType="Block" icon="MTConnectAssets_files/icon_block_1651251671.svg" name="PartArchetype" refid="f235fb6c-a8e2-428a-9a60-c7a6cafa678d"/></relatedElement><TO_DO humanName="To Do" mode="s,e"/><visibility humanName="Visibility" mode="s,e">public</visibility><appearsIn><diagram classType="Diagram" humanType="Diagram" icon="MTConnectAssets_files/icon_SysML Block Definition Diagram_378716347.svg" name="PartsProcessesOverview" refid="46289224-3470-4d70-8a0f-0f0033ea0b67"/><diagram classType="Diagram" humanType="Diagram" icon="MTConnectAssets_files/icon_SysML Block Definition Diagram_378716347.svg" name="PartsProcessesIntegration" refid="cb1044c6-6e9f-4369-8c76-2e7bc50e1a08"/><diagram classType="Diagram" humanType="Diagram" icon="MTConnectAssets_files/icon_SysML Block Definition Diagram_378716347.svg" name="PartArchetype_Overview" refid="9765b8e1-5903-40f6-a864-d7c656f7c768"/><diagram classType="Diagram" humanType="Diagram" icon="MTConnectAssets_files/icon_SysML Block Definition Diagram_378716347.svg" name="PartsProcessesOverview_medium" refid="bc404503-8db7-49e9-95ba-85d8f263a740"/></appearsIn></association></magicdraw>