<?xml version="1.0" encoding="UTF-8"?><magicdraw><referenceproperty classType="Property" humanType="Reference Property" icon="MTConnectAssets_files/icon_referenceproperty_151450878.svg" id="4064103a-3373-4507-bb2a-76e4404fa6e8"><aggregation humanName="Aggregation" mode="s,e">shared</aggregation><APPLIED_STEREOTYPES humanName="Applied Stereotype" mode="s,e"><stereotype classType="Stereotype" humanType="Stereotype" icon="MTConnectAssets_files/icon_stereotype_151450878.svg" name="ReferenceProperty" refid="f430da61-f435-4fb1-b6a5-858074ac8e17"/></APPLIED_STEREOTYPES><appliedStereotype humanName="Applied Stereotype" mode="s,e"><stereotype classType="Stereotype" humanType="Stereotype" icon="MTConnectAssets_files/icon_stereotype_151450878.svg" name="ReferenceProperty" refid="f430da61-f435-4fb1-b6a5-858074ac8e17"><property classType="Property" humanName="Base_ Element" humanType="Property" icon="MTConnectAssets_files/icon_property_627361964.svg" name="base_Element" refid="f2b6fe0b-c570-47bb-81f0-cd774bc371ca"/><property classType="Property" humanName="Base_ Property" humanType="Property" icon="MTConnectAssets_files/icon_property_627361964.svg" name="base_Property" refid="d9d23dab-47bb-4563-8650-7825c3db8019"/><property classType="Property" humanName="Base_ Property" humanType="Property" icon="MTConnectAssets_files/icon_property_627361964.svg" name="base_Property" refid="6eb34217-ea36-4993-bb7a-23b86009bba7"/><property classType="Property" humanName="Base_ Property" humanType="Property" icon="MTConnectAssets_files/icon_property_627361964.svg" name="base_Property" refid="41f99477-7d41-4c68-9770-b7e6cec79b4b"/></stereotype></appliedStereotype><appliedStereotypeInstance classType="InstanceSpecification" humanName="Applied Stereotype Instance" humanType="Instance Specification" icon="MTConnectAssets_files/icon_instancespecification_13643661.svg" name=" : MD Customization for SysML::additional_stereotypes::ReferenceProperty" refid="ba8fe5d3-def0-468a-961d-62deb3d2f6db"/><association classType="Association" humanName="Association" humanType="Association" icon="MTConnectAssets_files/icon_association_577959044.svg" isRelationship="true" name="Association[location:Asset::PartsProcesses::DataItems::Location &lt;- Asset::PartsProcesses::Components::Part]" refid="a86a8e65-774b-43f1-8a0d-34e3ed0c7af1"/><UMLClass classType="Class" humanName="Class" humanType="Block" icon="MTConnectAssets_files/icon_block_1651251671.svg" name="Part" refid="edd1c9d3-6e67-427c-b4a1-0aa335091da2"/><classifier classType="Class" humanName="Classifier" humanType="Block" icon="MTConnectAssets_files/icon_block_1651251671.svg" name="Part" refid="edd1c9d3-6e67-427c-b4a1-0aa335091da2"/><documentation humanName="Documentation" mode="standard">
            The location of the part if not on the machine
          </documentation><effectiveIRI humanName="Effective IRI"/><featuringClassifier classType="Class" humanName="Featuring Classifier" humanType="Block" icon="MTConnectAssets_files/icon_block_1651251671.svg" name="Part" refid="edd1c9d3-6e67-427c-b4a1-0aa335091da2"/><isComposite humanName="Is Composite">false</isComposite><isDerived humanName="Is Derived" mode="s,e">false</isDerived><isDerivedUnion humanName="Is Derived Union" mode="e">false</isDerivedUnion><isID humanName="Is ID" mode="e">false</isID><isLeaf humanName="Is Leaf">false</isLeaf><isOrdered humanName="Is Ordered" mode="e">false</isOrdered><isReadOnly humanName="Is Read Only" mode="s,e">false</isReadOnly><isStatic humanName="Is Static" mode="s,e">false</isStatic><isUnique humanName="Is Unique" mode="e">true</isUnique><lower humanName="Lower">0</lower><lowerValue classType="LiteralInteger" humanName="Lower Value" humanType="Literal Integer" icon="MTConnectAssets_files/icon_literalinteger_922180500.svg" name="0" refid="58f31a4b-b6bf-4bdf-adab-751d2d576941" text="0"/><multiplicity humanName="Multiplicity" mode="s,e">0..*</multiplicity><multiplicity humanName="Multiplicity" mode="s,e">0..*</multiplicity><name humanName="Name" mode="s,e">location</name><namespace classType="Class" humanName="Namespace" humanType="Block" icon="MTConnectAssets_files/icon_block_1651251671.svg" name="Part" refid="edd1c9d3-6e67-427c-b4a1-0aa335091da2"/><navigable humanName="Navigable">true</navigable><opposite classType="Property" humanName="Opposite" humanType="Property" icon="MTConnectAssets_files/icon_property_627361964.svg" name=" : Asset::PartsProcesses::Components::Part" refid="1ef95cf7-4be9-4cf6-ba64-855f901a18bf"/><ownedBy classType="Class" humanName="Owned By" humanType="Block" icon="MTConnectAssets_files/icon_block_1651251671.svg" name="Part" refid="edd1c9d3-6e67-427c-b4a1-0aa335091da2"/><ownedComment humanName="Owned Comment"><comment classType="Comment" humanType="Comment" icon="MTConnectAssets_files/icon_comment_1043177908.svg" refid="f61d52c6-ef13-4ece-933f-df74938ba271"/></ownedComment><ownedElement humanName="Owned Element"><comment classType="Comment" humanType="Comment" icon="MTConnectAssets_files/icon_comment_1043177908.svg" refid="f61d52c6-ef13-4ece-933f-df74938ba271"/><instancespecification classType="InstanceSpecification" humanType="Instance Specification" icon="MTConnectAssets_files/icon_instancespecification_13643661.svg" name=" : MD Customization for SysML::additional_stereotypes::ReferenceProperty" refid="ba8fe5d3-def0-468a-961d-62deb3d2f6db"/><literalunlimitednatural classType="LiteralUnlimitedNatural" humanType="Literal Unlimited Natural" icon="MTConnectAssets_files/icon_literalunlimitednatural_919671508.svg" name="*" refid="8221cc2d-1518-46d8-b1e4-86c9db611e71" text="*"/><literalinteger classType="LiteralInteger" humanType="Literal Integer" icon="MTConnectAssets_files/icon_literalinteger_922180500.svg" name="0" refid="58f31a4b-b6bf-4bdf-adab-751d2d576941" text="0"/></ownedElement><owner classType="Class" humanName="Owner" humanType="Block" icon="MTConnectAssets_files/icon_block_1651251671.svg" name="Part" refid="edd1c9d3-6e67-427c-b4a1-0aa335091da2"/><qualifiedName humanName="Qualified Name" mode="e">Asset::PartsProcesses::Components::Part::location</qualifiedName><redefinitionContext humanName="Redefinition Context"><block classType="Class" humanType="Block" icon="MTConnectAssets_files/icon_block_1651251671.svg" name="Part" refid="edd1c9d3-6e67-427c-b4a1-0aa335091da2"/></redefinitionContext><TO_DO humanName="To Do" mode="s,e"/><type classType="Class" humanName="Type" humanType="Block" icon="MTConnectAssets_files/icon_block_1651251671.svg" mode="s,e" name="Location" refid="a29710c3-410d-4dcf-a32b-c0611aae34ab"/><TYPE_MODIFIER humanName="Type Modifier" mode="e"/><upper humanName="Upper">-1</upper><upperValue classType="LiteralUnlimitedNatural" humanName="Upper Value" humanType="Literal Unlimited Natural" icon="MTConnectAssets_files/icon_literalunlimitednatural_919671508.svg" name="*" refid="8221cc2d-1518-46d8-b1e4-86c9db611e71" text="*"/><visibility humanName="Visibility" mode="e">public</visibility><appearsIn><diagram classType="Diagram" humanType="Diagram" icon="MTConnectAssets_files/icon_SysML Block Definition Diagram_378716347.svg" name="PartsProcessesOverview" refid="46289224-3470-4d70-8a0f-0f0033ea0b67"/><diagram classType="Diagram" humanType="Diagram" icon="MTConnectAssets_files/icon_Class Diagram_2127840576.svg" name="PartRecordTraceability" refid="df95fe2c-463b-4ae4-aa72-bb92b80fe02b"/><diagram classType="Diagram" humanType="Diagram" icon="MTConnectAssets_files/icon_SysML Block Definition Diagram_378716347.svg" name="PartsProcessesOverview_medium" refid="bc404503-8db7-49e9-95ba-85d8f263a740"/></appearsIn></referenceproperty></magicdraw>