<?xml version="1.0" encoding="UTF-8"?><magicdraw><instancespecification classType="InstanceSpecification" humanType="Instance Specification" icon="MTConnectAssets_files/icon_instancespecification_13643661.svg" id="424700c7-8220-41fa-83c6-53dfd33667f1"><classifier humanName="Classifier" mode="s,e"><stereotype classType="Stereotype" humanType="Stereotype" icon="MTConnectAssets_files/icon_stereotype_1289757170.svg" name="PartProperty" refid="62e3a8d4-2046-4838-b69b-089f9235c089"/></classifier><documentation humanName="Documentation"/><name humanName="Name" mode="s,e"/><owner classType="Property" humanName="Owner" humanType="Part Property" icon="MTConnectAssets_files/icon_partproperty_1289757170.svg" mode="s,e" name="hasQIFDocument" refid="b6ba08c3-dc9c-4bd5-bd8b-bd2cc3c408ed"/><qualifiedName humanName="Qualified Name" mode="e">Asset::InspectionResult::InspectionResult::hasQIFDocument::</qualifiedName><stereotypedElement classType="Property" humanName="Stereotyped Element" humanType="Part Property" icon="MTConnectAssets_files/icon_partproperty_1289757170.svg" name="hasQIFDocument" refid="b6ba08c3-dc9c-4bd5-bd8b-bd2cc3c408ed"/><TO_DO humanName="To Do" mode="s,e"/><visibility humanName="Visibility">public</visibility></instancespecification></magicdraw>