<?xml version="1.0" encoding="UTF-8"?><magicdraw><enumerationliteral classType="EnumerationLiteral" humanType="Enumeration Literal" icon="MTConnectAssets_files/icon_enumerationliteral_1191775513.svg" id="428d9c3c-dfdb-4cc6-886d-49f83eb12b8d"><classifier humanName="Classifier"><valuetype classType="Enumeration" humanType="Value Type" icon="MTConnectAssets_files/icon_valuetype_122648214.svg" name="CodeEnum" refid="ac78b8ca-262b-44cd-829c-a83b79aca3dc"/></classifier><documentation humanName="Documentation" mode="standard">The distance from the gauge plane or from the end of the shank of the Cutting Tool, if a gauge plane does not exist, to the cutting reference point determined by the main function of the tool. This measurement will be with reference to the Cutting Tool and *MUSTNOT* exist without a Cutting Tool.</documentation><enumeration classType="Enumeration" humanName="Enumeration" humanType="Value Type" icon="MTConnectAssets_files/icon_valuetype_122648214.svg" name="CodeEnum" refid="ac78b8ca-262b-44cd-829c-a83b79aca3dc"/><name humanName="Name" mode="s,e">LFx</name><namespace classType="Enumeration" humanName="Namespace" humanType="Value Type" icon="MTConnectAssets_files/icon_valuetype_122648214.svg" name="CodeEnum" refid="ac78b8ca-262b-44cd-829c-a83b79aca3dc"/><ownedComment humanName="Owned Comment"><comment classType="Comment" humanType="Comment" icon="MTConnectAssets_files/icon_comment_1043177908.svg" refid="845b9067-1b0a-4ab8-8be4-216b5d13311f"/></ownedComment><ownedElement humanName="Owned Element"><comment classType="Comment" humanType="Comment" icon="MTConnectAssets_files/icon_comment_1043177908.svg" refid="845b9067-1b0a-4ab8-8be4-216b5d13311f"/></ownedElement><owner classType="Enumeration" humanName="Owner" humanType="Value Type" icon="MTConnectAssets_files/icon_valuetype_122648214.svg" mode="s,e" name="CodeEnum" refid="ac78b8ca-262b-44cd-829c-a83b79aca3dc"/><qualifiedName humanName="Qualified Name" mode="e">Asset::CuttingTool::CodeEnum::LFx</qualifiedName><TO_DO humanName="To Do" mode="s,e"/><visibility humanName="Visibility" mode="s,e">public</visibility><appearsIn><diagram classType="Diagram" humanType="Diagram" icon="MTConnectAssets_files/icon_SysML Block Definition Diagram_378716347.svg" name="CuttingToolLifeCycleModel" refid="ee864f60-1bb3-4e13-9955-1180841334a9"/></appearsIn></enumerationliteral></magicdraw>