<?xml version="1.0" encoding="UTF-8"?><magicdraw><property classType="Property" humanType="Property" icon="MTConnectAssets_files/icon_property_627361964.svg" id="42b6998d-e8dd-4aef-a817-dcd1a20b882a"><aggregation humanName="Aggregation" mode="s,e">none</aggregation><association classType="Association" humanName="Association" humanType="Association" icon="MTConnectAssets_files/icon_association_327075511.svg" isRelationship="true" name="Association[hasDefinition:Asset::PartsProcesses::PartDefinition &lt;- Asset::PartsProcesses::PartArchetype]" refid="1398052a-109f-4f5c-a49f-edb56d619976"/><documentation humanName="Documentation"/><effectiveIRI humanName="Effective IRI"/><featuringClassifier classType="Association" humanName="Featuring Classifier" humanType="Association" icon="MTConnectAssets_files/icon_association_327075511.svg" isRelationship="true" name="Association[hasDefinition:Asset::PartsProcesses::PartDefinition &lt;- Asset::PartsProcesses::PartArchetype]" refid="1398052a-109f-4f5c-a49f-edb56d619976"/><isComposite humanName="Is Composite">false</isComposite><isDerived humanName="Is Derived" mode="s,e">false</isDerived><isDerivedUnion humanName="Is Derived Union" mode="e">false</isDerivedUnion><isID humanName="Is ID" mode="e">false</isID><isLeaf humanName="Is Leaf">false</isLeaf><isOrdered humanName="Is Ordered" mode="e">false</isOrdered><isReadOnly humanName="Is Read Only" mode="s,e">false</isReadOnly><isStatic humanName="Is Static" mode="s,e">false</isStatic><isUnique humanName="Is Unique" mode="e">true</isUnique><lower humanName="Lower">1</lower><multiplicity humanName="Multiplicity" mode="s,e"/><multiplicity humanName="Multiplicity" mode="s,e"/><name humanName="Name" mode="s,e"/><namespace classType="Association" humanName="Namespace" humanType="Association" icon="MTConnectAssets_files/icon_association_327075511.svg" isRelationship="true" name="Association[hasDefinition:Asset::PartsProcesses::PartDefinition &lt;- Asset::PartsProcesses::PartArchetype]" refid="1398052a-109f-4f5c-a49f-edb56d619976"/><navigable humanName="Navigable">false</navigable><opposite classType="Property" humanName="Opposite" humanType="Part Property" icon="MTConnectAssets_files/icon_partproperty_1289757170.svg" name="hasDefinition" refid="4ed70d45-a499-45c7-bce7-2ff1f7467548"/><ownedBy classType="Association" humanName="Owned By" humanType="Association" icon="MTConnectAssets_files/icon_association_327075511.svg" isRelationship="true" name="Association[hasDefinition:Asset::PartsProcesses::PartDefinition &lt;- Asset::PartsProcesses::PartArchetype]" refid="1398052a-109f-4f5c-a49f-edb56d619976"/><owner classType="Association" humanName="Owner" humanType="Association" icon="MTConnectAssets_files/icon_association_327075511.svg" isRelationship="true" name="Association[hasDefinition:Asset::PartsProcesses::PartDefinition &lt;- Asset::PartsProcesses::PartArchetype]" refid="1398052a-109f-4f5c-a49f-edb56d619976"/><owningAssociation classType="Association" humanName="Owning Association" humanType="Association" icon="MTConnectAssets_files/icon_association_327075511.svg" isRelationship="true" name="Association[hasDefinition:Asset::PartsProcesses::PartDefinition &lt;- Asset::PartsProcesses::PartArchetype]" refid="1398052a-109f-4f5c-a49f-edb56d619976"/><qualifiedName humanName="Qualified Name" mode="e">Asset::PartsProcesses::::</qualifiedName><redefinitionContext humanName="Redefinition Context"><association classType="Association" humanType="Association" icon="MTConnectAssets_files/icon_association_327075511.svg" isRelationship="true" name="Association[hasDefinition:Asset::PartsProcesses::PartDefinition &lt;- Asset::PartsProcesses::PartArchetype]" refid="1398052a-109f-4f5c-a49f-edb56d619976"/></redefinitionContext><TO_DO humanName="To Do" mode="s,e"/><type classType="Class" humanName="Type" humanType="Block" icon="MTConnectAssets_files/icon_block_1651251671.svg" mode="s,e" name="PartArchetype" refid="f235fb6c-a8e2-428a-9a60-c7a6cafa678d"/><TYPE_MODIFIER humanName="Type Modifier" mode="e"/><upper humanName="Upper">1</upper><visibility humanName="Visibility" mode="e">private</visibility><appearsIn><diagram classType="Diagram" humanType="Diagram" icon="MTConnectAssets_files/icon_SysML Block Definition Diagram_378716347.svg" name="PartArchetype_Overview" refid="9765b8e1-5903-40f6-a864-d7c656f7c768"/></appearsIn></property></magicdraw>