<?xml version="1.0" encoding="UTF-8"?><magicdraw><literalinteger classType="LiteralInteger" humanType="Literal Integer" icon="MTConnectAssets_files/icon_literalinteger_922180500.svg" id="42cb8d33-d7ca-4fbc-8352-c9154aeaff87"><documentation humanName="Documentation"/><name humanName="Name"/><owner classType="Property" humanName="Owner" humanType="Part Property" icon="MTConnectAssets_files/icon_partproperty_1289757170.svg" mode="e" name="changed" refid="92a3cbb0-c372-4a4e-8d40-c60ff39754ac"/><owningLower classType="Property" humanName="Owning Lower" humanType="Part Property" icon="MTConnectAssets_files/icon_partproperty_1289757170.svg" name="changed" refid="92a3cbb0-c372-4a4e-8d40-c60ff39754ac"/><qualifiedName humanName="Qualified Name">Asset::PartsProcesses::Components::Part::changed::</qualifiedName><text humanName="Text" mode="standard">0</text><TO_DO humanName="To Do"/><TYPE_MODIFIER humanName="Type Modifier"/><value humanName="Value" mode="s,e">0</value><visibility humanName="Visibility">public</visibility></literalinteger></magicdraw>