<?xml version="1.0" encoding="UTF-8"?><magicdraw><instancespecification classType="InstanceSpecification" humanType="Instance Specification" icon="MTConnectAssets_files/icon_instancespecification_13643661.svg" id="432a8e71-44ce-44dc-a02a-432336177f06"><classifier humanName="Classifier" mode="s,e"><stereotype classType="Stereotype" humanType="Stereotype" icon="MTConnectAssets_files/icon_stereotype_1289757170.svg" name="PartProperty" refid="62e3a8d4-2046-4838-b69b-089f9235c089"/></classifier><documentation humanName="Documentation"/><name humanName="Name" mode="s,e"/><owner classType="Property" humanName="Owner" humanType="Part Property" icon="MTConnectAssets_files/icon_partproperty_1289757170.svg" mode="s,e" name="actualOperatorId" refid="e48ac4f8-e002-4b92-94d0-44807450fef2"/><qualifiedName humanName="Qualified Name" mode="e">Asset::PartsProcesses::Components::ProcessOccurrence::actualOperatorId::</qualifiedName><stereotypedElement classType="Property" humanName="Stereotyped Element" humanType="Part Property" icon="MTConnectAssets_files/icon_partproperty_1289757170.svg" name="actualOperatorId" refid="e48ac4f8-e002-4b92-94d0-44807450fef2"/><TO_DO humanName="To Do" mode="s,e"/><visibility humanName="Visibility">public</visibility></instancespecification></magicdraw>