<?xml version="1.0" encoding="UTF-8"?><magicdraw><literalunlimitednatural classType="LiteralUnlimitedNatural" humanType="Literal Unlimited Natural" icon="MTConnectAssets_files/icon_literalunlimitednatural_919671508.svg" id="432ff491-ca80-4d2f-a7e2-9274286863a9"><documentation humanName="Documentation"/><name humanName="Name"/><owner classType="Property" humanName="Owner" humanType="Part Property" icon="MTConnectAssets_files/icon_partproperty_1289757170.svg" mode="e" name="FileProperties" refid="967373b2-0ff1-4078-baa4-d88a22d77d58"/><owningUpper classType="Property" humanName="Owning Upper" humanType="Part Property" icon="MTConnectAssets_files/icon_partproperty_1289757170.svg" name="FileProperties" refid="967373b2-0ff1-4078-baa4-d88a22d77d58"/><qualifiedName humanName="Qualified Name">Asset::Files::AbstractFile::FileProperties::</qualifiedName><text humanName="Text" mode="standard">*</text><TO_DO humanName="To Do"/><TYPE_MODIFIER humanName="Type Modifier"/><value humanName="Value" mode="s,e">-1</value><visibility humanName="Visibility">public</visibility></literalunlimitednatural></magicdraw>