<?xml version="1.0" encoding="UTF-8"?><magicdraw><enumerationliteral classType="EnumerationLiteral" humanType="Enumeration Literal" icon="MTConnectAssets_files/icon_enumerationliteral_1191775513.svg" id="43c3bee9-0f1e-49c0-b823-f46501c9d08a"><classifier humanName="Classifier"><enumeration classType="Enumeration" humanType="Enumeration" icon="MTConnectAssets_files/icon_enumeration_1832284192.svg" name="HardnessScale" refid="85e9d324-b8b8-479e-b589-95ac5c3c7311"/></classifier><documentation humanName="Documentation"/><enumeration classType="Enumeration" humanName="Enumeration" humanType="Enumeration" icon="MTConnectAssets_files/icon_enumeration_1832284192.svg" name="HardnessScale" refid="85e9d324-b8b8-479e-b589-95ac5c3c7311"/><name humanName="Name" mode="s,e">SUPERFICIAL</name><namespace classType="Enumeration" humanName="Namespace" humanType="Enumeration" icon="MTConnectAssets_files/icon_enumeration_1832284192.svg" name="HardnessScale" refid="85e9d324-b8b8-479e-b589-95ac5c3c7311"/><owner classType="Enumeration" humanName="Owner" humanType="Enumeration" icon="MTConnectAssets_files/icon_enumeration_1832284192.svg" mode="s,e" name="HardnessScale" refid="85e9d324-b8b8-479e-b589-95ac5c3c7311"/><qualifiedName humanName="Qualified Name" mode="e">Asset::PartsProcesses::DataItems::PartCharacteristics::MaterialType::HardnessScale::SUPERFICIAL</qualifiedName><TO_DO humanName="To Do" mode="s,e"/><visibility humanName="Visibility" mode="s,e">public</visibility></enumerationliteral></magicdraw>