<?xml version="1.0" encoding="UTF-8"?><magicdraw><block classType="Class" humanType="Block" icon="MTConnectAssets_files/icon_block_1651251671.svg" id="4482a5f1-cb26-4f7a-9712-7380f3bc0f82"><APPLIED_STEREOTYPES humanName="Applied Stereotype" mode="e"><stereotype classType="Stereotype" humanType="Stereotype" icon="MTConnectAssets_files/icon_stereotype_1271079013.svg" name="Block" refid="4b68b36d-0594-4f75-b1e5-32ed35a63dac"/></APPLIED_STEREOTYPES><appliedStereotype humanName="Applied Stereotype" mode="e"><stereotype classType="Stereotype" humanType="Stereotype" icon="MTConnectAssets_files/icon_stereotype_1271079013.svg" name="Block" refid="4b68b36d-0594-4f75-b1e5-32ed35a63dac"><property classType="Property" humanName="Base_ Class" humanType="Property" icon="MTConnectAssets_files/icon_property_627361964.svg" name="base_Class" refid="477489bc-0c5a-4fb7-b88b-b8f0b9c8e690"/><property classType="Property" humanName="Is Encapsulated" humanType="Property" icon="MTConnectAssets_files/icon_property_627361964.svg" name="isEncapsulated" refid="99deda41-88f7-4c37-be6d-57faab2222cc"/></stereotype></appliedStereotype><appliedStereotypeInstance classType="InstanceSpecification" humanName="Applied Stereotype Instance" humanType="Instance Specification" icon="MTConnectAssets_files/icon_instancespecification_13643661.svg" name=" : SysML::Blocks::Block" refid="d75b13b2-fb21-48e2-a7e3-9754608e9ee6"/><attribute humanName="Attribute"><valueproperty classType="Property" humanType="Value Property" icon="MTConnectAssets_files/icon_valueproperty_469196179.svg" name="maximum" refid="aa3480bb-c4c3-42b3-a51d-f51c7506190a"/><valueproperty classType="Property" humanType="Value Property" icon="MTConnectAssets_files/icon_valueproperty_469196179.svg" name="minimum" refid="192a70eb-65ae-46ec-bd64-598e8955b1fd"/><valueproperty classType="Property" humanType="Value Property" icon="MTConnectAssets_files/icon_valueproperty_469196179.svg" name="nominal" refid="27106973-4395-4684-ac66-643a279fabbf"/></attribute><derivedExplanation humanName="Derived Explanation"/><documentation humanName="Documentation" mode="standard">The constrained process feed rate for this tool in mm/s.</documentation><effectiveIRI humanName="Effective IRI"/><feature humanName="Feature"><valueproperty classType="Property" humanType="Value Property" icon="MTConnectAssets_files/icon_valueproperty_469196179.svg" name="maximum" refid="aa3480bb-c4c3-42b3-a51d-f51c7506190a"/><valueproperty classType="Property" humanType="Value Property" icon="MTConnectAssets_files/icon_valueproperty_469196179.svg" name="minimum" refid="192a70eb-65ae-46ec-bd64-598e8955b1fd"/><valueproperty classType="Property" humanType="Value Property" icon="MTConnectAssets_files/icon_valueproperty_469196179.svg" name="nominal" refid="27106973-4395-4684-ac66-643a279fabbf"/></feature><isAbstract humanName="Is Abstract">false</isAbstract><isActive humanName="Is Active" mode="e">false</isActive><isFinalSpecialization humanName="Is Final Specialization">false</isFinalSpecialization><isLeaf humanName="Is Leaf">false</isLeaf><member humanName="Member"><valueproperty classType="Property" humanType="Value Property" icon="MTConnectAssets_files/icon_valueproperty_469196179.svg" name="maximum" refid="aa3480bb-c4c3-42b3-a51d-f51c7506190a"/><valueproperty classType="Property" humanType="Value Property" icon="MTConnectAssets_files/icon_valueproperty_469196179.svg" name="minimum" refid="192a70eb-65ae-46ec-bd64-598e8955b1fd"/><valueproperty classType="Property" humanType="Value Property" icon="MTConnectAssets_files/icon_valueproperty_469196179.svg" name="nominal" refid="27106973-4395-4684-ac66-643a279fabbf"/></member><name humanName="Name" mode="s,e">ProcessFeedRate</name><namespace classType="Package" humanName="Namespace" humanType="Package" icon="MTConnectAssets_files/icon_package_1622863652.svg" name="CuttingTool" refid="1e2ca153-69cf-4636-a5d2-571e323348f5"/><ownedAttribute humanName="Owned Attribute"><valueproperty classType="Property" humanType="Value Property" icon="MTConnectAssets_files/icon_valueproperty_469196179.svg" name="maximum" refid="aa3480bb-c4c3-42b3-a51d-f51c7506190a"/><valueproperty classType="Property" humanType="Value Property" icon="MTConnectAssets_files/icon_valueproperty_469196179.svg" name="minimum" refid="192a70eb-65ae-46ec-bd64-598e8955b1fd"/><valueproperty classType="Property" humanType="Value Property" icon="MTConnectAssets_files/icon_valueproperty_469196179.svg" name="nominal" refid="27106973-4395-4684-ac66-643a279fabbf"/></ownedAttribute><ownedComment humanName="Owned Comment"><comment classType="Comment" humanType="Comment" icon="MTConnectAssets_files/icon_comment_1043177908.svg" refid="f0798103-147b-4d9e-8b5a-ffe9f131e6ce"/></ownedComment><ownedElement humanName="Owned Element"><comment classType="Comment" humanType="Comment" icon="MTConnectAssets_files/icon_comment_1043177908.svg" refid="f0798103-147b-4d9e-8b5a-ffe9f131e6ce"/><instancespecification classType="InstanceSpecification" humanType="Instance Specification" icon="MTConnectAssets_files/icon_instancespecification_13643661.svg" name=" : SysML::Blocks::Block" refid="d75b13b2-fb21-48e2-a7e3-9754608e9ee6"/><valueproperty classType="Property" humanType="Value Property" icon="MTConnectAssets_files/icon_valueproperty_469196179.svg" name="maximum" refid="aa3480bb-c4c3-42b3-a51d-f51c7506190a"/><valueproperty classType="Property" humanType="Value Property" icon="MTConnectAssets_files/icon_valueproperty_469196179.svg" name="minimum" refid="192a70eb-65ae-46ec-bd64-598e8955b1fd"/><valueproperty classType="Property" humanType="Value Property" icon="MTConnectAssets_files/icon_valueproperty_469196179.svg" name="nominal" refid="27106973-4395-4684-ac66-643a279fabbf"/></ownedElement><ownedMember humanName="Owned Member"><valueproperty classType="Property" humanType="Value Property" icon="MTConnectAssets_files/icon_valueproperty_469196179.svg" name="maximum" refid="aa3480bb-c4c3-42b3-a51d-f51c7506190a"/><valueproperty classType="Property" humanType="Value Property" icon="MTConnectAssets_files/icon_valueproperty_469196179.svg" name="minimum" refid="192a70eb-65ae-46ec-bd64-598e8955b1fd"/><valueproperty classType="Property" humanType="Value Property" icon="MTConnectAssets_files/icon_valueproperty_469196179.svg" name="nominal" refid="27106973-4395-4684-ac66-643a279fabbf"/></ownedMember><owner classType="Package" humanName="Owner" humanType="Package" icon="MTConnectAssets_files/icon_package_1622863652.svg" mode="s,e" name="CuttingTool" refid="1e2ca153-69cf-4636-a5d2-571e323348f5"/><owningPackage classType="Package" humanName="Owning Package" humanType="Package" icon="MTConnectAssets_files/icon_package_1622863652.svg" name="CuttingTool" refid="1e2ca153-69cf-4636-a5d2-571e323348f5"/><package classType="Package" humanName="Package" humanType="Package" icon="MTConnectAssets_files/icon_package_1622863652.svg" name="CuttingTool" refid="1e2ca153-69cf-4636-a5d2-571e323348f5"/><qualifiedName humanName="Qualified Name" mode="e">Asset::CuttingTool::ProcessFeedRate</qualifiedName><role humanName="Role"><valueproperty classType="Property" humanType="Value Property" icon="MTConnectAssets_files/icon_valueproperty_469196179.svg" name="maximum" refid="aa3480bb-c4c3-42b3-a51d-f51c7506190a"/><valueproperty classType="Property" humanType="Value Property" icon="MTConnectAssets_files/icon_valueproperty_469196179.svg" name="minimum" refid="192a70eb-65ae-46ec-bd64-598e8955b1fd"/><valueproperty classType="Property" humanType="Value Property" icon="MTConnectAssets_files/icon_valueproperty_469196179.svg" name="nominal" refid="27106973-4395-4684-ac66-643a279fabbf"/></role><TO_DO humanName="To Do"/><usedAsType humanName="Used As Type"><referenceproperty classType="Property" humanType="Reference Property" icon="MTConnectAssets_files/icon_referenceproperty_151450878.svg" name="hasProcessFeedRate" refid="d513ca26-938b-4384-9941-4a0adf40151f"/></usedAsType><visibility humanName="Visibility">public</visibility><appearsIn><diagram classType="Diagram" humanType="Diagram" icon="MTConnectAssets_files/icon_SysML Block Definition Diagram_378716347.svg" name="CuttingToolLifeCycleModel" refid="ee864f60-1bb3-4e13-9955-1180841334a9"/></appearsIn></block></magicdraw>