<?xml version="1.0" encoding="UTF-8"?><magicdraw><generalization classType="Generalization" humanType="Generalization" icon="MTConnectAssets_files/icon_generalization_1702478809.svg" id="44bd2d23-70a1-4950-aaa1-855cc928c76b"><documentation humanName="Documentation"/><general classType="Class" humanName="General" humanType="Block" icon="MTConnectAssets_files/icon_block_1271079013.svg" mode="s,e" name="Measurement" refid="9d96f557-336e-4a28-a1be-8fc1e3637a8a"/><isSubstitutable humanName="Is Substitutable">true</isSubstitutable><owner classType="Class" humanName="Owner" humanType="Block" icon="MTConnectAssets_files/icon_block_1271079013.svg" mode="s,e" name="CuttingHeight" refid="d8f19b7f-8d44-4c80-91e2-176313c41fb4"/><relatedElement humanName="Related Element"><block classType="Class" humanType="Block" icon="MTConnectAssets_files/icon_block_1271079013.svg" name="CuttingHeight" refid="d8f19b7f-8d44-4c80-91e2-176313c41fb4"/><block classType="Class" humanType="Block" icon="MTConnectAssets_files/icon_block_1271079013.svg" name="Measurement" refid="9d96f557-336e-4a28-a1be-8fc1e3637a8a"/></relatedElement><source humanName="Source" mode="s,e"><block classType="Class" humanType="Block" icon="MTConnectAssets_files/icon_block_1271079013.svg" name="CuttingHeight" refid="d8f19b7f-8d44-4c80-91e2-176313c41fb4"/></source><specific classType="Class" humanName="Specific" humanType="Block" icon="MTConnectAssets_files/icon_block_1271079013.svg" mode="s,e" name="CuttingHeight" refid="d8f19b7f-8d44-4c80-91e2-176313c41fb4"/><target humanName="Target" mode="s,e"><block classType="Class" humanType="Block" icon="MTConnectAssets_files/icon_block_1271079013.svg" name="Measurement" refid="9d96f557-336e-4a28-a1be-8fc1e3637a8a"/></target><TO_DO humanName="To Do" mode="s,e"/><appearsIn><diagram classType="Diagram" humanType="Diagram" icon="MTConnectAssets_files/icon_SysML Block Definition Diagram_378716347.svg" name="Measurements" refid="3b90c19d-b56f-4241-939e-93a64d22c901"/></appearsIn></generalization></magicdraw>