<?xml version="1.0" encoding="UTF-8"?><magicdraw><literalinteger classType="LiteralInteger" humanType="Literal Integer" icon="MTConnectAssets_files/icon_literalinteger_922180500.svg" id="45b45deb-e79b-4366-b6af-2bd92af3be8f"><documentation humanName="Documentation"/><name humanName="Name"/><owner classType="Property" humanName="Owner" humanType="Reference Property" icon="MTConnectAssets_files/icon_referenceproperty_151450878.svg" mode="e" name="hasProcessFeedRate" refid="d513ca26-938b-4384-9941-4a0adf40151f"/><owningLower classType="Property" humanName="Owning Lower" humanType="Reference Property" icon="MTConnectAssets_files/icon_referenceproperty_151450878.svg" name="hasProcessFeedRate" refid="d513ca26-938b-4384-9941-4a0adf40151f"/><qualifiedName humanName="Qualified Name">Asset::CuttingTool::CuttingToolLifeCycle::hasProcessFeedRate::</qualifiedName><text humanName="Text" mode="standard">0</text><TO_DO humanName="To Do"/><TYPE_MODIFIER humanName="Type Modifier"/><value humanName="Value" mode="s,e">0</value><visibility humanName="Visibility">public</visibility></literalinteger></magicdraw>