<?xml version="1.0" encoding="UTF-8"?><magicdraw><slot classType="Slot" humanType="Slot" icon="MTConnectAssets_files/icon_slot_1314472474.svg" id="45ea4e30-4836-47c4-96ea-ae02411f1f45"><definingFeature classType="Property" humanName="Defining Feature" humanType="Property" icon="MTConnectAssets_files/icon_property_627361964.svg" mode="s,e" name="Creation date" refid="4a01c2b2-307c-4f4a-ba40-e62bf46d6110"/><documentation humanName="Documentation"/><ownedElement humanName="Owned Element"><literalstring classType="LiteralString" humanType="Literal String" icon="MTConnectAssets_files/icon_literalstring_989251045.svg" name="2/28/20 2:27 PM" refid="e784d6be-9573-4672-8a2e-284592127f8f" text="2/28/20 2:27 PM"/></ownedElement><owner classType="InstanceSpecification" humanName="Owner" humanType="Instance Specification" icon="MTConnectAssets_files/icon_instancespecification_13643661.svg" mode="s,e" name=" : UML Standard Profile::MagicDraw Profile::DiagramInfo" refid="b6b8433e-39e2-4d78-a0b5-34a2e567a9d2"/><owningInstance classType="InstanceSpecification" humanName="Owning Instance" humanType="Instance Specification" icon="MTConnectAssets_files/icon_instancespecification_13643661.svg" name=" : UML Standard Profile::MagicDraw Profile::DiagramInfo" refid="b6b8433e-39e2-4d78-a0b5-34a2e567a9d2"/><TO_DO humanName="To Do" mode="s,e"/><value humanName="Value" mode="s,e"><literalstring classType="LiteralString" humanType="Literal String" icon="MTConnectAssets_files/icon_literalstring_989251045.svg" name="2/28/20 2:27 PM" refid="e784d6be-9573-4672-8a2e-284592127f8f" text="2/28/20 2:27 PM"/></value></slot></magicdraw>