<?xml version="1.0" encoding="UTF-8"?><magicdraw><literalinteger classType="LiteralInteger" humanType="Literal Integer" icon="MTConnectAssets_files/icon_literalinteger_922180500.svg" id="461d46a2-27d7-4cdd-b222-29c608d75ba1"><documentation humanName="Documentation"/><name humanName="Name"/><owner classType="Property" humanName="Owner" humanType="Reference Property" icon="MTConnectAssets_files/icon_referenceproperty_151450878.svg" mode="e" name="hasCuttingToolLifeCycle" refid="7b7d95d6-920b-446a-be9c-ffdc9560e7c1"/><owningLower classType="Property" humanName="Owning Lower" humanType="Reference Property" icon="MTConnectAssets_files/icon_referenceproperty_151450878.svg" name="hasCuttingToolLifeCycle" refid="7b7d95d6-920b-446a-be9c-ffdc9560e7c1"/><qualifiedName humanName="Qualified Name">Asset::CuttingTool::CuttingToolArchetype::hasCuttingToolLifeCycle::</qualifiedName><text humanName="Text" mode="standard">0</text><TO_DO humanName="To Do"/><TYPE_MODIFIER humanName="Type Modifier"/><value humanName="Value" mode="s,e">0</value><visibility humanName="Visibility">public</visibility></literalinteger></magicdraw>