<?xml version="1.0" encoding="UTF-8"?><magicdraw><diagram classType="Diagram" diagramType="SysML Block Definition Diagram" height="657" humanType="Diagram" icon="MTConnectAssets_files/icon_SysML Block Definition Diagram_378716347.svg" id="46289224-3470-4d70-8a0f-0f0033ea0b67" src="MTConnectAssets_files/46289224-3470-4d70-8a0f-0f0033ea0b67.svg" width="1005"><APPLIED_STEREOTYPES humanName="Applied Stereotype" mode="s,e"><stereotype classType="Stereotype" humanType="Stereotype" icon="MTConnectAssets_files/icon_stereotype_918307166.svg" name="DiagramInfo" refid="8286d171-50e9-40be-b049-257a243a8867"/></APPLIED_STEREOTYPES><appliedStereotype humanName="Applied Stereotype" mode="s,e"><stereotype classType="Stereotype" humanType="Stereotype" icon="MTConnectAssets_files/icon_stereotype_918307166.svg" name="DiagramInfo" refid="8286d171-50e9-40be-b049-257a243a8867"><property classType="Property" humanName="Author" humanType="Property" icon="MTConnectAssets_files/icon_property_627361964.svg" name="Author" refid="0074f5d7-e1b3-40e6-b8c6-a5adc0bd997e"><String>tsprock</String></property><property classType="Property" humanName="Base_ Diagram" humanType="Property" icon="MTConnectAssets_files/icon_property_627361964.svg" name="base_Diagram" refid="0ea5c8a6-a156-43c6-a38f-c7969e4ec7e9"/><property classType="Property" humanName="Base_ Element" humanType="Property" icon="MTConnectAssets_files/icon_property_627361964.svg" name="base_Element" refid="f2b6fe0b-c570-47bb-81f0-cd774bc371ca"/><property classType="Property" humanName="Creation Date" humanType="Property" icon="MTConnectAssets_files/icon_property_627361964.svg" name="Creation date" refid="4a01c2b2-307c-4f4a-ba40-e62bf46d6110"><String>5/4/20 2:45 PM</String></property><property classType="Property" humanName="Last modified by" humanType="Property" icon="MTConnectAssets_files/icon_property_627361964.svg" name="Last modified by" refid="4b2fe2c8-7ee9-46e6-836c-746a4d8b54e2"/><property classType="Property" humanName="Modification Date" humanType="Property" icon="MTConnectAssets_files/icon_property_627361964.svg" name="Modification date" refid="8da7cf15-e3c0-41fa-ad66-9d3722b1946f"/></stereotype></appliedStereotype><appliedStereotypeInstance classType="InstanceSpecification" humanName="Applied Stereotype Instance" humanType="Instance Specification" icon="MTConnectAssets_files/icon_instancespecification_13643661.svg" name=" : UML Standard Profile::MagicDraw Profile::DiagramInfo" refid="650f6442-3bd1-49c3-90ee-d127ae627745"/><documentation humanName="Documentation"/><map><area isNotContentShape="false" name="Reference Property part" refid="64815aa7-c6e3-41c9-b62a-2240d5f42858" shape="rect" type="0"><point x="345" y="238"/><point x="351" y="238"/><point x="351" y="243"/><point x="345" y="243"/></area><area isNotContentShape="false" name="Property" refid="f786bd10-6f21-4f98-aa21-68dcf30ccbd5" shape="rect" type="0"><point x="209" y="169"/><point x="214" y="169"/><point x="214" y="175"/><point x="209" y="175"/></area><area isNotContentShape="false" name="Part Property processStep" refid="68f293cb-2de8-4c2d-898b-1ac7510ec287" shape="rect" type="0"><point x="253" y="142"/><point x="259" y="142"/><point x="259" y="148"/><point x="253" y="148"/></area><area isNotContentShape="false" name="Property" refid="6ed78d74-7042-4f6f-94ea-9ed4fefc6567" shape="rect" type="0"><point x="73" y="181"/><point x="79" y="181"/><point x="79" y="186"/><point x="73" y="186"/></area><area isNotContentShape="false" name="Reference Property partType" refid="19d50d00-5e44-4716-8b34-092ba043037b" shape="rect" type="0"><point x="409" y="176"/><point x="415" y="176"/><point x="415" y="182"/><point x="409" y="182"/></area><area isNotContentShape="false" name="Reference Property processPlan" refid="f7f6b268-4324-42e3-83e1-5873bed68a00" shape="rect" type="0"><point x="210" y="35"/><point x="216" y="35"/><point x="216" y="40"/><point x="210" y="40"/></area><area isNotContentShape="false" name="Reference Property process" refid="55877ff7-9330-457c-8d35-4d4f1df1aa0a" shape="rect" type="0"><point x="172" y="238"/><point x="178" y="238"/><point x="178" y="243"/><point x="172" y="243"/></area><area isNotContentShape="false" name="Reference Property processType" refid="5f0a73ed-cdf6-45a5-910e-8cd63a90a45c" shape="rect" type="0"><point x="150" y="137"/><point x="156" y="137"/><point x="156" y="142"/><point x="150" y="142"/></area><area isNotContentShape="false" name="Property processPlan" refid="a61a5160-2bae-42f9-8e11-b5162e685409" shape="rect" type="0"><point x="210" y="99"/><point x="216" y="99"/><point x="216" y="105"/><point x="210" y="105"/></area><area isNotContentShape="false" name="Reference Property processType" refid="74a58a88-9bfd-4308-a174-603cb8901325" shape="rect" type="0"><point x="73" y="137"/><point x="79" y="137"/><point x="79" y="142"/><point x="73" y="142"/></area><area isNotContentShape="false" name="Property" refid="2d5dc07c-28dc-4654-8cc7-4dc6e35537b2" shape="rect" type="0"><point x="409" y="205"/><point x="415" y="205"/><point x="415" y="211"/><point x="409" y="211"/></area><area isNotContentShape="false" name="Reference Property part" refid="2716524f-fdaf-4d14-876b-af0351514c38" shape="rect" type="0"><point x="328" y="35"/><point x="333" y="35"/><point x="333" y="40"/><point x="328" y="40"/></area><area isNotContentShape="false" name="Reference Property part" refid="64815aa7-c6e3-41c9-b62a-2240d5f42858" shape="rect" type="0"><point x="336" y="232"/><point x="349" y="232"/><point x="349" y="239"/><point x="336" y="239"/></area><area isNotContentShape="false" name="Reference Property part" refid="2716524f-fdaf-4d14-876b-af0351514c38" shape="rect" type="0"><point x="318" y="29"/><point x="332" y="29"/><point x="332" y="36"/><point x="318" y="36"/></area><area isNotContentShape="false" name="Reference Property process" refid="55877ff7-9330-457c-8d35-4d4f1df1aa0a" shape="rect" type="0"><point x="174" y="232"/><point x="197" y="232"/><point x="197" y="239"/><point x="174" y="239"/></area><area isNotContentShape="false" name="Reference Property partType" refid="19d50d00-5e44-4716-8b34-092ba043037b" shape="rect" type="0"><point x="384" y="178"/><point x="411" y="178"/><point x="411" y="185"/><point x="384" y="185"/></area><area isNotContentShape="false" name="Reference Property processPlan" refid="f7f6b268-4324-42e3-83e1-5873bed68a00" shape="rect" type="0"><point x="212" y="29"/><point x="247" y="29"/><point x="247" y="36"/><point x="212" y="36"/></area><area isNotContentShape="false" name="Part Property processStep" refid="68f293cb-2de8-4c2d-898b-1ac7510ec287" shape="rect" type="0"><point x="219" y="139"/><point x="255" y="139"/><point x="255" y="146"/><point x="219" y="146"/></area><area isNotContentShape="false" name="Reference Property processType" refid="5f0a73ed-cdf6-45a5-910e-8cd63a90a45c" shape="rect" type="0"><point x="115" y="138"/><point x="152" y="138"/><point x="152" y="145"/><point x="115" y="145"/></area><area isNotContentShape="false" name="Reference Property processType" refid="74a58a88-9bfd-4308-a174-603cb8901325" shape="rect" type="0"><point x="38" y="138"/><point x="75" y="138"/><point x="75" y="145"/><point x="38" y="145"/></area><area isNotContentShape="false" name="Association partTypeRef" refid="3fb1cdf7-7df1-4ce8-99a3-c71f3c4832cd" shape="poly" type="0"><point x="412" y="176"/><point x="412" y="210"/><point x="411" y="211"/><point x="411" y="177"/></area><area isNotContentShape="false" name="Association" refid="810e0404-9db4-460c-9292-b7e1cfc2286a" shape="poly" type="0"><point x="256" y="147"/><point x="256" y="101"/><point x="211" y="101"/><point x="210" y="102"/><point x="255" y="102"/><point x="255" y="148"/></area><area isNotContentShape="false" name="Association processTypeRef" refid="2febb1e9-5b74-4685-970f-f00bb5e7624f" shape="poly" type="0"><point x="76" y="136"/><point x="76" y="185"/><point x="75" y="186"/><point x="75" y="137"/></area><area isNotContentShape="false" name="Association" refid="6ec24188-f6cd-4fbe-bdb9-3695787a0f93" shape="poly" type="0"><point x="153" y="136"/><point x="153" y="171"/><point x="214" y="171"/><point x="213" y="172"/><point x="152" y="172"/><point x="152" y="137"/></area><area isNotContentShape="false" name="Association" refid="596c7088-def1-4242-9579-3dedca9d2e36" shape="poly" type="0"><point x="333" y="37"/><point x="211" y="37"/><point x="210" y="38"/><point x="332" y="38"/></area><area isNotContentShape="false" name="Association" refid="5b897926-e25d-4306-9936-ac393fb9e179" shape="poly" type="0"><point x="351" y="240"/><point x="173" y="240"/><point x="172" y="241"/><point x="350" y="241"/></area><area isNotContentShape="false" name="Property operationNo" refid="8f26d46f-1424-4b4a-873a-81313688216b" shape="rect" type="0"><point x="215" y="171"/><point x="296" y="171"/><point x="296" y="178"/><point x="215" y="178"/></area><area isNotContentShape="false" name="Reference Property prerequisites" refid="d6f553d7-fb4b-4677-bc7b-e28ce066d1ae" shape="rect" type="0"><point x="215" y="187"/><point x="296" y="187"/><point x="296" y="193"/><point x="215" y="193"/></area><area isNotContentShape="false" name="Block ProcessStep" refid="c5edf2a1-1100-4a12-a27f-237cb9acd52a" shape="rect" type="0"><point x="214" y="147"/><point x="297" y="147"/><point x="297" y="201"/><point x="214" y="201"/></area><area isNotContentShape="false" name="Part Property quantity" refid="cf22c80d-39e7-40c5-989f-a251b5a33288" shape="rect" type="0"><point x="352" y="234"/><point x="465" y="234"/><point x="465" y="241"/><point x="352" y="241"/></area><area isNotContentShape="false" name="Property partQuality" refid="c9dd3af8-23be-4ab1-ac9b-97ed912410c4" shape="rect" type="0"><point x="352" y="286"/><point x="465" y="286"/><point x="465" y="292"/><point x="352" y="292"/></area><area isNotContentShape="false" name="Reference Property location" refid="4064103a-3373-4507-bb2a-76e4404fa6e8" shape="rect" type="0"><point x="352" y="307"/><point x="465" y="307"/><point x="465" y="314"/><point x="352" y="314"/></area><area isNotContentShape="false" name="Property actualCompleteTime" refid="fb96876e-218f-4561-810e-6f8fdb3d1492" shape="rect" type="0"><point x="352" y="240"/><point x="465" y="240"/><point x="465" y="247"/><point x="352" y="247"/></area><area isNotContentShape="false" name="Property state" refid="adc53002-097d-4a14-b051-ee1222a1a6cd" shape="rect" type="0"><point x="352" y="292"/><point x="465" y="292"/><point x="465" y="298"/><point x="352" y="298"/></area><area isNotContentShape="false" name="Property actualStartTime" refid="6c302f43-8d56-48bc-b7ac-bc667e509510" shape="rect" type="0"><point x="352" y="246"/><point x="465" y="246"/><point x="465" y="253"/><point x="352" y="253"/></area><area isNotContentShape="false" name="Part Property detect" refid="56a5f459-2ec1-4e39-a3f1-00ad2a5ae65d" shape="rect" type="0"><point x="352" y="252"/><point x="465" y="252"/><point x="465" y="259"/><point x="352" y="259"/></area><area isNotContentShape="false" name="Part Property changed" refid="92a3cbb0-c372-4a4e-8d40-c60ff39754ac" shape="rect" type="0"><point x="352" y="258"/><point x="465" y="258"/><point x="465" y="265"/><point x="352" y="265"/></area><area isNotContentShape="false" name="Part Property uniqueID" refid="f706987e-0cc3-43aa-bb34-8fd0dafc66e9" shape="rect" type="0"><point x="352" y="264"/><point x="465" y="264"/><point x="465" y="271"/><point x="352" y="271"/></area><area isNotContentShape="false" name="Part Property groupID" refid="e61cd93f-727c-4000-b8bb-503bd776419c" shape="rect" type="0"><point x="352" y="270"/><point x="465" y="270"/><point x="465" y="277"/><point x="352" y="277"/></area><area isNotContentShape="false" name="Block Part" refid="edd1c9d3-6e67-427c-b4a1-0aa335091da2" shape="rect" type="0"><point x="350" y="210"/><point x="467" y="210"/><point x="467" y="317"/><point x="350" y="317"/></area><area isNotContentShape="false" name="Part Property actualStartTime" refid="2b5875b0-14ec-4477-8881-0c3fa405d29d" shape="rect" type="0"><point x="44" y="210"/><point x="171" y="210"/><point x="171" y="216"/><point x="44" y="216"/></area><area isNotContentShape="false" name="Property assetRefs" refid="d7b38b2c-f1b1-4f1c-ba7f-8bab50d2ecad" shape="rect" type="0"><point x="44" y="237"/><point x="171" y="237"/><point x="171" y="244"/><point x="44" y="244"/></area><area isNotContentShape="false" name="Reference Property actualDevice" refid="e62de3d2-595c-45c8-84f3-5627708ea0c7" shape="rect" type="0"><point x="44" y="265"/><point x="171" y="265"/><point x="171" y="271"/><point x="44" y="271"/></area><area isNotContentShape="false" name="Part Property actualCompleteTime" refid="e0741656-46c7-44f1-a127-f55eb5ddba37" shape="rect" type="0"><point x="44" y="216"/><point x="171" y="216"/><point x="171" y="222"/><point x="44" y="222"/></area><area isNotContentShape="false" name="Property state" refid="b7609850-9da7-49f0-a902-282d293f58c3" shape="rect" type="0"><point x="44" y="243"/><point x="171" y="243"/><point x="171" y="250"/><point x="44" y="250"/></area><area isNotContentShape="false" name="Reference Property actualOperator" refid="2bca587f-f70c-4dec-8272-e2b3faf13bfe" shape="rect" type="0"><point x="44" y="271"/><point x="171" y="271"/><point x="171" y="277"/><point x="44" y="277"/></area><area isNotContentShape="false" name="Part Property actualOperatorId" refid="e48ac4f8-e002-4b92-94d0-44807450fef2" shape="rect" type="0"><point x="44" y="222"/><point x="171" y="222"/><point x="171" y="228"/><point x="44" y="228"/></area><area isNotContentShape="false" name="Property processTypeRef" refid="adbf6f76-0b8d-4eef-ab21-1d24e10e01bc" shape="rect" type="0"><point x="44" y="249"/><point x="171" y="249"/><point x="171" y="256"/><point x="44" y="256"/></area><area isNotContentShape="false" name="Reference Property projectedCompleteTime" refid="128821b7-ee4e-4ff6-8095-bc15d24d3f74" shape="rect" type="0"><point x="44" y="277"/><point x="171" y="277"/><point x="171" y="283"/><point x="44" y="283"/></area><area isNotContentShape="false" name="Reference Property processStepRef" refid="7a3c1f12-5b8a-4f7b-8c87-e157b03a9e2e" shape="rect" type="0"><point x="44" y="283"/><point x="171" y="283"/><point x="171" y="289"/><point x="44" y="289"/></area><area isNotContentShape="false" name="Reference Property actualControlProgram" refid="2271043d-5037-4e96-a71e-cbc5692a1126" shape="rect" type="0"><point x="44" y="289"/><point x="171" y="289"/><point x="171" y="295"/><point x="44" y="295"/></area><area isNotContentShape="false" name="Block ProcessOccurrence" refid="b8cedf06-d843-4d6c-a599-9438a67b4401" shape="rect" type="0"><point x="42" y="186"/><point x="173" y="186"/><point x="173" y="298"/><point x="42" y="298"/></area><area isNotContentShape="false" name="Part Property partNumber" refid="4f4e1d3f-3949-4b66-bf63-d1062cd27451" shape="rect" type="0"><point x="334" y="49"/><point x="489" y="49"/><point x="489" y="55"/><point x="334" y="55"/></area><area isNotContentShape="false" name="Property customerPartNumber" refid="934b0626-45f8-48e8-9213-b330ffb13981" shape="rect" type="0"><point x="334" y="70"/><point x="489" y="70"/><point x="489" y="77"/><point x="334" y="77"/></area><area isNotContentShape="false" name="Reference Property characteristics" refid="a63a7241-e677-4801-a400-4b2424494175" shape="rect" type="0"><point x="334" y="98"/><point x="489" y="98"/><point x="489" y="104"/><point x="334" y="104"/></area><area isNotContentShape="false" name="Value Property name" refid="4c892cca-5bdc-4991-afd0-7af30857be8f" shape="rect" type="0"><point x="334" y="131"/><point x="489" y="131"/><point x="489" y="138"/><point x="334" y="138"/></area><area isNotContentShape="false" name="Part Property hasDefinition" refid="4ed70d45-a499-45c7-bce7-2ff1f7467548" shape="rect" type="0"><point x="334" y="55"/><point x="489" y="55"/><point x="489" y="61"/><point x="334" y="61"/></area><area isNotContentShape="false" name="Property customerDrawingNumber" refid="07932fb4-75fd-43d3-bac2-9bccdb7e8460" shape="rect" type="0"><point x="334" y="76"/><point x="489" y="76"/><point x="489" y="83"/><point x="334" y="83"/></area><area isNotContentShape="false" name="Reference Property customer" refid="8e211663-22c5-4cb4-ac86-309ea36cf0cc" shape="rect" type="0"><point x="334" y="104"/><point x="489" y="104"/><point x="489" y="110"/><point x="334" y="110"/></area><area isNotContentShape="false" name="Value Property description" refid="6b2f3734-79a9-4a45-bcd8-12744335ada2" shape="rect" type="0"><point x="334" y="137"/><point x="489" y="137"/><point x="489" y="144"/><point x="334" y="144"/></area><area isNotContentShape="false" name="Property customerPONumber" refid="85c7850d-ed16-4eca-820c-fa0096b8ac99" shape="rect" type="0"><point x="334" y="82"/><point x="489" y="82"/><point x="489" y="89"/><point x="334" y="89"/></area><area isNotContentShape="false" name="Reference Property rawMaterial" refid="ed07d2f7-230c-41e0-8e0c-3fe0af83b5ad" shape="rect" type="0"><point x="334" y="110"/><point x="489" y="110"/><point x="489" y="116"/><point x="334" y="116"/></area><area isNotContentShape="false" name="Value Property revision" refid="7ef20a58-27e7-4f21-bbc0-a62ba7896504" shape="rect" type="0"><point x="334" y="143"/><point x="489" y="143"/><point x="489" y="150"/><point x="334" y="150"/></area><area isNotContentShape="false" name="Reference Property plannedQuantity" refid="e58e79fa-9b03-4647-ad7c-ad7aeda8a52c" shape="rect" type="0"><point x="334" y="116"/><point x="489" y="116"/><point x="489" y="122"/><point x="334" y="122"/></area><area isNotContentShape="false" name="Value Property unitOfMeasure" refid="d732f578-9d71-4e29-833e-6c0c2bf47d83" shape="rect" type="0"><point x="334" y="149"/><point x="489" y="149"/><point x="489" y="156"/><point x="334" y="156"/></area><area isNotContentShape="false" name="Value Property workOrderNumber" refid="c2344ef6-ebf5-4148-8c5f-0c348182e17c" shape="rect" type="0"><point x="334" y="155"/><point x="489" y="155"/><point x="489" y="162"/><point x="334" y="162"/></area><area isNotContentShape="false" name="Value Property orderDate" refid="cbe23891-71a9-40c7-8a36-98911435972a" shape="rect" type="0"><point x="334" y="161"/><point x="489" y="161"/><point x="489" y="168"/><point x="334" y="168"/></area><area isNotContentShape="false" name="Value Property dueDate" refid="d232400c-ac7a-40e5-aca4-f8692deee199" shape="rect" type="0"><point x="334" y="167"/><point x="489" y="167"/><point x="489" y="174"/><point x="334" y="174"/></area><area isNotContentShape="false" name="Block PartArchetype" refid="f235fb6c-a8e2-428a-9a60-c7a6cafa678d" shape="rect" type="0"><point x="333" y="25"/><point x="491" y="25"/><point x="491" y="177"/><point x="333" y="177"/></area><area isNotContentShape="false" name="Property targetStartTime" refid="e7a85866-9911-41d3-9126-56d66cbf1d63" shape="rect" type="0"><point x="44" y="49"/><point x="209" y="49"/><point x="209" y="55"/><point x="44" y="55"/></area><area isNotContentShape="false" name="Reference Property targetDevice" refid="a468c201-f9dd-4b05-a095-772835e2399b" shape="rect" type="0"><point x="44" y="76"/><point x="209" y="76"/><point x="209" y="83"/><point x="44" y="83"/></area><area isNotContentShape="false" name="Value Property nativeName" refid="52e0dcec-542c-4441-8727-26e8a2705856" shape="rect" type="0"><point x="44" y="104"/><point x="209" y="104"/><point x="209" y="110"/><point x="44" y="110"/></area><area isNotContentShape="false" name="Property targetCompleteTime" refid="d3d3e0ed-2541-46dc-9f17-05fda144c96c" shape="rect" type="0"><point x="44" y="55"/><point x="209" y="55"/><point x="209" y="61"/><point x="44" y="61"/></area><area isNotContentShape="false" name="Reference Property processDataRequest" refid="45ca62fc-adfe-4b2b-a72b-63ecb309845e" shape="rect" type="0"><point x="44" y="82"/><point x="209" y="82"/><point x="209" y="89"/><point x="44" y="89"/></area><area isNotContentShape="false" name="Value Property name" refid="80ac1cca-222d-4683-bf46-80851dfff690" shape="rect" type="0"><point x="44" y="110"/><point x="209" y="110"/><point x="209" y="116"/><point x="44" y="116"/></area><area isNotContentShape="false" name="Reference Property targetOperator" refid="efb3283f-634d-4944-b4a0-93e2a0224ca3" shape="rect" type="0"><point x="44" y="61"/><point x="209" y="61"/><point x="209" y="67"/><point x="44" y="67"/></area><area isNotContentShape="false" name="Reference Property targetControlProgram" refid="054fd9c5-bf3e-48ca-b40d-44c0d4fae1c2" shape="rect" type="0"><point x="44" y="88"/><point x="209" y="88"/><point x="209" y="95"/><point x="44" y="95"/></area><area isNotContentShape="false" name="Value Property description" refid="a3f1868f-d38f-4c70-8a4b-ad7e8b998a99" shape="rect" type="0"><point x="44" y="116"/><point x="209" y="116"/><point x="209" y="122"/><point x="44" y="122"/></area><area isNotContentShape="false" name="Value Property revision" refid="5bec91ad-fe5f-40e6-9ea3-cdee54ffb955" shape="rect" type="0"><point x="44" y="122"/><point x="209" y="122"/><point x="209" y="128"/><point x="44" y="128"/></area><area isNotContentShape="false" name="Value Property targetWorkCenter" refid="73eb17b8-87aa-42b8-be6d-3edfcb9520b2" shape="rect" type="0"><point x="44" y="128"/><point x="209" y="128"/><point x="209" y="134"/><point x="44" y="134"/></area><area isNotContentShape="false" name="Block ProcessArchetype" refid="eaf6e68b-0c33-4b9b-b2e3-03045a4f5c2e" shape="rect" type="0"><point x="42" y="25"/><point x="211" y="25"/><point x="211" y="137"/><point x="42" y="137"/></area></map><name humanName="Name" mode="s,e">PartsProcessesOverview</name><namespace classType="Package" humanName="Namespace" humanType="Package" icon="MTConnectAssets_files/icon_package_1622863652.svg" name="PartsProcesses" refid="d98ebc9a-74dd-40dd-b9c1-c06b8843dc92"/><ownedElement humanName="Owned Element"><instancespecification classType="InstanceSpecification" humanType="Instance Specification" icon="MTConnectAssets_files/icon_instancespecification_13643661.svg" name=" : UML Standard Profile::MagicDraw Profile::DiagramInfo" refid="650f6442-3bd1-49c3-90ee-d127ae627745"/></ownedElement><owner classType="Package" humanName="Owner" humanType="Package" icon="MTConnectAssets_files/icon_package_1622863652.svg" mode="s,e" name="PartsProcesses" refid="d98ebc9a-74dd-40dd-b9c1-c06b8843dc92"/><ownerOfDiagram classType="Package" humanName="Owner Of Diagram" humanType="Package" icon="MTConnectAssets_files/icon_package_1622863652.svg" name="PartsProcesses" refid="d98ebc9a-74dd-40dd-b9c1-c06b8843dc92"/><qualifiedName humanName="Qualified Name" mode="e">Asset::PartsProcesses::PartsProcessesOverview</qualifiedName><TO_DO humanName="To Do" mode="s,e"/><DIAGRAM_TYPE_DERIVED_PROPERTY humanName="Type">SysML Block Definition Diagram</DIAGRAM_TYPE_DERIVED_PROPERTY><visibility humanName="Visibility">public</visibility></diagram></magicdraw>