<?xml version="1.0" encoding="UTF-8"?><magicdraw><instancespecification classType="InstanceSpecification" humanType="Instance Specification" icon="MTConnectAssets_files/icon_instancespecification_13643661.svg" id="46501f16-54a0-4729-9442-b3a6346a6f3d"><classifier humanName="Classifier" mode="s,e"><stereotype classType="Stereotype" humanType="Stereotype" icon="MTConnectAssets_files/icon_stereotype_339821129.svg" name="ReferenceProperty" refid="f430da61-f435-4fb1-b6a5-858074ac8e17"/></classifier><documentation humanName="Documentation"/><name humanName="Name" mode="s,e"/><owner classType="Property" humanName="Owner" humanType="Reference Property" icon="MTConnectAssets_files/icon_referenceproperty_339821129.svg" mode="s,e" name="hasItemLifeMinutes" refid="2184d6ac-2d03-4e8c-ad55-d163ecbfac5f"/><qualifiedName humanName="Qualified Name" mode="e">Asset::CuttingTool::CuttingItem::CuttingItem::hasItemLifeMinutes::</qualifiedName><stereotypedElement classType="Property" humanName="Stereotyped Element" humanType="Reference Property" icon="MTConnectAssets_files/icon_referenceproperty_339821129.svg" name="hasItemLifeMinutes" refid="2184d6ac-2d03-4e8c-ad55-d163ecbfac5f"/><TO_DO humanName="To Do" mode="s,e"/><visibility humanName="Visibility">public</visibility></instancespecification></magicdraw>