<?xml version="1.0" encoding="UTF-8"?><magicdraw><literalstring classType="LiteralString" humanType="Literal String" icon="MTConnectAssets_files/icon_literalstring_989251045.svg" id="4688c855-d3da-4673-a215-f594d94a8c2c"><documentation humanName="Documentation"/><name humanName="Name"/><owner classType="Slot" humanName="Owner" humanType="Slot" icon="MTConnectAssets_files/icon_slot_1314472474.svg" mode="e" refid="9c36e139-9a57-4158-a202-a746d495bced"/><owningSlot classType="Slot" humanName="Owning Slot" humanType="Slot" icon="MTConnectAssets_files/icon_slot_1314472474.svg" refid="9c36e139-9a57-4158-a202-a746d495bced"/><qualifiedName humanName="Qualified Name"/><text humanName="Text" mode="standard">1/20/20 12:11 PM</text><TO_DO humanName="To Do"/><TYPE_MODIFIER humanName="Type Modifier"/><value humanName="Value" mode="s,e">1/20/20 12:11 PM</value><visibility humanName="Visibility">public</visibility></literalstring></magicdraw>