<?xml version="1.0" encoding="UTF-8"?><magicdraw><block classType="Class" humanType="Block" icon="MTConnectAssets_files/icon_block_1651251671.svg" id="46cc0f84-9e32-4993-98f9-b9e5912e4d19"><APPLIED_STEREOTYPES humanName="Applied Stereotype" mode="e"><stereotype classType="Stereotype" humanType="Stereotype" icon="MTConnectAssets_files/icon_stereotype_1271079013.svg" name="Block" refid="4b68b36d-0594-4f75-b1e5-32ed35a63dac"/></APPLIED_STEREOTYPES><appliedStereotype humanName="Applied Stereotype" mode="e"><stereotype classType="Stereotype" humanType="Stereotype" icon="MTConnectAssets_files/icon_stereotype_1271079013.svg" name="Block" refid="4b68b36d-0594-4f75-b1e5-32ed35a63dac"><property classType="Property" humanName="Base_ Class" humanType="Property" icon="MTConnectAssets_files/icon_property_627361964.svg" name="base_Class" refid="477489bc-0c5a-4fb7-b88b-b8f0b9c8e690"/><property classType="Property" humanName="Is Encapsulated" humanType="Property" icon="MTConnectAssets_files/icon_property_627361964.svg" name="isEncapsulated" refid="99deda41-88f7-4c37-be6d-57faab2222cc"/></stereotype></appliedStereotype><appliedStereotypeInstance classType="InstanceSpecification" humanName="Applied Stereotype Instance" humanType="Instance Specification" icon="MTConnectAssets_files/icon_instancespecification_13643661.svg" name=" : SysML::Blocks::Block" refid="5f4dbd2f-bc95-4c35-bdf6-4296d3775366"/><attribute humanName="Attribute"><referenceproperty classType="Property" humanType="Reference Property" icon="MTConnectAssets_files/icon_referenceproperty_151450878.svg" name="groupIdentifier" refid="19bde852-cc21-469a-9a9c-021f75c0fa21"/><referenceproperty classType="Property" humanType="Reference Property" icon="MTConnectAssets_files/icon_referenceproperty_151450878.svg" name="uniqueIdentifier" refid="d532c981-ab93-47c5-8f92-5205b87dd79c"/></attribute><derivedExplanation humanName="Derived Explanation"/><documentation humanName="Documentation"/><effectiveIRI humanName="Effective IRI"/><feature humanName="Feature"><referenceproperty classType="Property" humanType="Reference Property" icon="MTConnectAssets_files/icon_referenceproperty_151450878.svg" name="groupIdentifier" refid="19bde852-cc21-469a-9a9c-021f75c0fa21"/><referenceproperty classType="Property" humanType="Reference Property" icon="MTConnectAssets_files/icon_referenceproperty_151450878.svg" name="uniqueIdentifier" refid="d532c981-ab93-47c5-8f92-5205b87dd79c"/></feature><isAbstract humanName="Is Abstract">false</isAbstract><isActive humanName="Is Active" mode="e">false</isActive><isFinalSpecialization humanName="Is Final Specialization">false</isFinalSpecialization><isLeaf humanName="Is Leaf">false</isLeaf><member humanName="Member"><referenceproperty classType="Property" humanType="Reference Property" icon="MTConnectAssets_files/icon_referenceproperty_151450878.svg" name="groupIdentifier" refid="19bde852-cc21-469a-9a9c-021f75c0fa21"/><referenceproperty classType="Property" humanType="Reference Property" icon="MTConnectAssets_files/icon_referenceproperty_151450878.svg" name="uniqueIdentifier" refid="d532c981-ab93-47c5-8f92-5205b87dd79c"/></member><name humanName="Name" mode="s,e">PartIdentifier</name><namespace classType="Package" humanName="Namespace" humanType="Package" icon="MTConnectAssets_files/icon_package_1622863652.svg" name="DataItems" refid="35a1ecb7-be27-4dbb-ac8b-957dee4aac9c"/><ownedAttribute humanName="Owned Attribute"><referenceproperty classType="Property" humanType="Reference Property" icon="MTConnectAssets_files/icon_referenceproperty_151450878.svg" name="groupIdentifier" refid="19bde852-cc21-469a-9a9c-021f75c0fa21"/><referenceproperty classType="Property" humanType="Reference Property" icon="MTConnectAssets_files/icon_referenceproperty_151450878.svg" name="uniqueIdentifier" refid="d532c981-ab93-47c5-8f92-5205b87dd79c"/></ownedAttribute><ownedElement humanName="Owned Element"><instancespecification classType="InstanceSpecification" humanType="Instance Specification" icon="MTConnectAssets_files/icon_instancespecification_13643661.svg" name=" : SysML::Blocks::Block" refid="5f4dbd2f-bc95-4c35-bdf6-4296d3775366"/><referenceproperty classType="Property" humanType="Reference Property" icon="MTConnectAssets_files/icon_referenceproperty_151450878.svg" name="groupIdentifier" refid="19bde852-cc21-469a-9a9c-021f75c0fa21"/><referenceproperty classType="Property" humanType="Reference Property" icon="MTConnectAssets_files/icon_referenceproperty_151450878.svg" name="uniqueIdentifier" refid="d532c981-ab93-47c5-8f92-5205b87dd79c"/></ownedElement><ownedMember humanName="Owned Member"><referenceproperty classType="Property" humanType="Reference Property" icon="MTConnectAssets_files/icon_referenceproperty_151450878.svg" name="groupIdentifier" refid="19bde852-cc21-469a-9a9c-021f75c0fa21"/><referenceproperty classType="Property" humanType="Reference Property" icon="MTConnectAssets_files/icon_referenceproperty_151450878.svg" name="uniqueIdentifier" refid="d532c981-ab93-47c5-8f92-5205b87dd79c"/></ownedMember><owner classType="Package" humanName="Owner" humanType="Package" icon="MTConnectAssets_files/icon_package_1622863652.svg" mode="s,e" name="DataItems" refid="35a1ecb7-be27-4dbb-ac8b-957dee4aac9c"/><owningPackage classType="Package" humanName="Owning Package" humanType="Package" icon="MTConnectAssets_files/icon_package_1622863652.svg" name="DataItems" refid="35a1ecb7-be27-4dbb-ac8b-957dee4aac9c"/><package classType="Package" humanName="Package" humanType="Package" icon="MTConnectAssets_files/icon_package_1622863652.svg" name="DataItems" refid="35a1ecb7-be27-4dbb-ac8b-957dee4aac9c"/><qualifiedName humanName="Qualified Name" mode="e">Asset::PartsProcesses::DataItems::PartIdentifier</qualifiedName><role humanName="Role"><referenceproperty classType="Property" humanType="Reference Property" icon="MTConnectAssets_files/icon_referenceproperty_151450878.svg" name="groupIdentifier" refid="19bde852-cc21-469a-9a9c-021f75c0fa21"/><referenceproperty classType="Property" humanType="Reference Property" icon="MTConnectAssets_files/icon_referenceproperty_151450878.svg" name="uniqueIdentifier" refid="d532c981-ab93-47c5-8f92-5205b87dd79c"/></role><TO_DO humanName="To Do"/><usedAsType humanName="Used As Type"><property classType="Property" humanType="Property" icon="MTConnectAssets_files/icon_property_627361964.svg" name=" : Asset::PartsProcesses::DataItems::PartIdentifier" refid="86d690a1-84f4-4288-8562-bca58a42cdc9"/><property classType="Property" humanType="Property" icon="MTConnectAssets_files/icon_property_627361964.svg" name=" : Asset::PartsProcesses::DataItems::PartIdentifier" refid="0cc31ed4-81ee-42a6-ae6d-e6bb5b3da0fc"/></usedAsType><visibility humanName="Visibility">public</visibility><appearsIn><diagram classType="Diagram" humanType="Diagram" icon="MTConnectAssets_files/icon_Class Diagram_2127840576.svg" name="PartRecordTraceability" refid="df95fe2c-463b-4ae4-aa72-bb92b80fe02b"/></appearsIn></block></magicdraw>