<?xml version="1.0" encoding="UTF-8"?><magicdraw><generalization classType="Generalization" humanType="Generalization" icon="MTConnectAssets_files/icon_generalization_1702478809.svg" id="4738988b-3648-43e8-bec7-eb01c22d0c0a"><documentation humanName="Documentation"/><general classType="Class" humanName="General" humanType="Block" icon="MTConnectAssets_files/icon_block_1271079013.svg" mode="s,e" name="Measurement" refid="9d96f557-336e-4a28-a1be-8fc1e3637a8a"/><isSubstitutable humanName="Is Substitutable">true</isSubstitutable><owner classType="Class" humanName="Owner" humanType="Block" icon="MTConnectAssets_files/icon_block_1271079013.svg" mode="s,e" name="ChamferWidth" refid="4c093d26-7b88-4c07-ac69-3be9de095e95"/><relatedElement humanName="Related Element"><block classType="Class" humanType="Block" icon="MTConnectAssets_files/icon_block_1271079013.svg" name="ChamferWidth" refid="4c093d26-7b88-4c07-ac69-3be9de095e95"/><block classType="Class" humanType="Block" icon="MTConnectAssets_files/icon_block_1271079013.svg" name="Measurement" refid="9d96f557-336e-4a28-a1be-8fc1e3637a8a"/></relatedElement><source humanName="Source" mode="s,e"><block classType="Class" humanType="Block" icon="MTConnectAssets_files/icon_block_1271079013.svg" name="ChamferWidth" refid="4c093d26-7b88-4c07-ac69-3be9de095e95"/></source><specific classType="Class" humanName="Specific" humanType="Block" icon="MTConnectAssets_files/icon_block_1271079013.svg" mode="s,e" name="ChamferWidth" refid="4c093d26-7b88-4c07-ac69-3be9de095e95"/><target humanName="Target" mode="s,e"><block classType="Class" humanType="Block" icon="MTConnectAssets_files/icon_block_1271079013.svg" name="Measurement" refid="9d96f557-336e-4a28-a1be-8fc1e3637a8a"/></target><TO_DO humanName="To Do" mode="s,e"/><appearsIn><diagram classType="Diagram" humanType="Diagram" icon="MTConnectAssets_files/icon_SysML Block Definition Diagram_378716347.svg" name="Measurements" refid="3b90c19d-b56f-4241-939e-93a64d22c901"/></appearsIn></generalization></magicdraw>