<?xml version="1.0" encoding="UTF-8"?><magicdraw><literalinteger classType="LiteralInteger" humanType="Literal Integer" icon="MTConnectAssets_files/icon_literalinteger_922180500.svg" id="4768fd23-5dc8-4895-92af-18a6daaeac1a"><documentation humanName="Documentation"/><name humanName="Name"/><owner classType="Property" humanName="Owner" humanType="Value Property" icon="MTConnectAssets_files/icon_valueproperty_924840719.svg" mode="e" name="units" refid="03e7a0b0-f69c-494d-a4f9-9bf149375967"/><owningUpper classType="Property" humanName="Owning Upper" humanType="Value Property" icon="MTConnectAssets_files/icon_valueproperty_924840719.svg" name="units" refid="03e7a0b0-f69c-494d-a4f9-9bf149375967"/><qualifiedName humanName="Qualified Name">Asset::CuttingTool::Measurement::units::</qualifiedName><text humanName="Text" mode="standard">1</text><TO_DO humanName="To Do"/><TYPE_MODIFIER humanName="Type Modifier"/><value humanName="Value" mode="s,e">1</value><visibility humanName="Visibility">public</visibility></literalinteger></magicdraw>