<?xml version="1.0" encoding="UTF-8"?><magicdraw><literalunlimitednatural classType="LiteralUnlimitedNatural" humanType="Literal Unlimited Natural" icon="MTConnectAssets_files/icon_literalunlimitednatural_919671508.svg" id="48051c84-91cb-4ad9-a8da-ab6e711b68a8"><documentation humanName="Documentation"/><name humanName="Name"/><owner classType="Property" humanName="Owner" humanType="Property" icon="MTConnectAssets_files/icon_property_627361964.svg" mode="e" name="processTypeRef" refid="adbf6f76-0b8d-4eef-ab21-1d24e10e01bc"/><owningUpper classType="Property" humanName="Owning Upper" humanType="Property" icon="MTConnectAssets_files/icon_property_627361964.svg" name="processTypeRef" refid="adbf6f76-0b8d-4eef-ab21-1d24e10e01bc"/><qualifiedName humanName="Qualified Name">Asset::PartsProcesses::Components::ProcessOccurrence::processTypeRef::</qualifiedName><text humanName="Text" mode="standard">1</text><TO_DO humanName="To Do"/><TYPE_MODIFIER humanName="Type Modifier"/><value humanName="Value" mode="s,e">1</value><visibility humanName="Visibility">public</visibility></literalunlimitednatural></magicdraw>