<?xml version="1.0" encoding="UTF-8"?><magicdraw><instancespecification classType="InstanceSpecification" humanType="Instance Specification" icon="MTConnectAssets_files/icon_instancespecification_13643661.svg" id="48517106-d9e3-4298-a5a7-cacf242d0057"><classifier humanName="Classifier" mode="s,e"><stereotype classType="Stereotype" humanType="Stereotype" icon="MTConnectAssets_files/icon_stereotype_918307166.svg" name="DiagramInfo" refid="8286d171-50e9-40be-b049-257a243a8867"/></classifier><documentation humanName="Documentation"/><name humanName="Name" mode="s,e"/><ownedElement humanName="Owned Element"><slot classType="Slot" humanType="Slot" icon="MTConnectAssets_files/icon_slot_1314472474.svg" refid="63be0976-26da-4e5b-b93c-5ca7fe9902d2"/><slot classType="Slot" humanType="Slot" icon="MTConnectAssets_files/icon_slot_1314472474.svg" refid="7eb17c31-948a-4828-bf38-722e4f98f039"/><slot classType="Slot" humanType="Slot" icon="MTConnectAssets_files/icon_slot_1314472474.svg" refid="48ff1b81-bd4b-4bef-b4a8-2ca1f0a0eb7b"/><slot classType="Slot" humanType="Slot" icon="MTConnectAssets_files/icon_slot_1314472474.svg" refid="25dab608-3e5f-4f3f-921f-75d0e8a230a8"/></ownedElement><owner classType="Diagram" humanName="Owner" humanType="Diagram" icon="MTConnectAssets_files/icon_SysML Block Definition Diagram_378716347.svg" mode="s,e" name="PartArchetype_Overview" refid="9765b8e1-5903-40f6-a864-d7c656f7c768"/><qualifiedName humanName="Qualified Name" mode="e">Asset::PartsProcesses::PartArchetype_Overview::</qualifiedName><slot humanName="Slot"><slot classType="Slot" humanType="Slot" icon="MTConnectAssets_files/icon_slot_1314472474.svg" refid="63be0976-26da-4e5b-b93c-5ca7fe9902d2"/><slot classType="Slot" humanType="Slot" icon="MTConnectAssets_files/icon_slot_1314472474.svg" refid="7eb17c31-948a-4828-bf38-722e4f98f039"/><slot classType="Slot" humanType="Slot" icon="MTConnectAssets_files/icon_slot_1314472474.svg" refid="48ff1b81-bd4b-4bef-b4a8-2ca1f0a0eb7b"/><slot classType="Slot" humanType="Slot" icon="MTConnectAssets_files/icon_slot_1314472474.svg" refid="25dab608-3e5f-4f3f-921f-75d0e8a230a8"/></slot><stereotypedElement classType="Diagram" humanName="Stereotyped Element" humanType="Diagram" icon="MTConnectAssets_files/icon_SysML Block Definition Diagram_378716347.svg" name="PartArchetype_Overview" refid="9765b8e1-5903-40f6-a864-d7c656f7c768"/><TO_DO humanName="To Do" mode="s,e"/><visibility humanName="Visibility">public</visibility></instancespecification></magicdraw>