<?xml version="1.0" encoding="UTF-8"?><magicdraw><literalunlimitednatural classType="LiteralUnlimitedNatural" humanType="Literal Unlimited Natural" icon="MTConnectAssets_files/icon_literalunlimitednatural_919671508.svg" id="485fd60f-0bc8-41c8-b52e-17d73b53ec6c"><documentation humanName="Documentation"/><name humanName="Name"/><owner classType="Property" humanName="Owner" humanType="Reference Property" icon="MTConnectAssets_files/icon_referenceproperty_151450878.svg" mode="e" name="uniqueIdentifier" refid="d532c981-ab93-47c5-8f92-5205b87dd79c"/><owningUpper classType="Property" humanName="Owning Upper" humanType="Reference Property" icon="MTConnectAssets_files/icon_referenceproperty_151450878.svg" name="uniqueIdentifier" refid="d532c981-ab93-47c5-8f92-5205b87dd79c"/><qualifiedName humanName="Qualified Name">Asset::PartsProcesses::DataItems::PartIdentifier::uniqueIdentifier::</qualifiedName><text humanName="Text" mode="standard">*</text><TO_DO humanName="To Do"/><TYPE_MODIFIER humanName="Type Modifier"/><value humanName="Value" mode="s,e">-1</value><visibility humanName="Visibility">public</visibility></literalunlimitednatural></magicdraw>