<?xml version="1.0" encoding="UTF-8"?><magicdraw><literalunlimitednatural classType="LiteralUnlimitedNatural" humanType="Literal Unlimited Natural" icon="MTConnectAssets_files/icon_literalunlimitednatural_919671508.svg" id="48804663-9894-4f15-9656-fa43d99c3fc3"><documentation humanName="Documentation"/><name humanName="Name"/><owner classType="Property" humanName="Owner" humanType="Property" icon="MTConnectAssets_files/icon_property_627361964.svg" mode="e" name="partQuality" refid="c9dd3af8-23be-4ab1-ac9b-97ed912410c4"/><owningUpper classType="Property" humanName="Owning Upper" humanType="Property" icon="MTConnectAssets_files/icon_property_627361964.svg" name="partQuality" refid="c9dd3af8-23be-4ab1-ac9b-97ed912410c4"/><qualifiedName humanName="Qualified Name">Asset::PartsProcesses::Components::Part::partQuality::</qualifiedName><text humanName="Text" mode="standard">1</text><TO_DO humanName="To Do"/><TYPE_MODIFIER humanName="Type Modifier"/><value humanName="Value" mode="s,e">1</value><visibility humanName="Visibility">public</visibility></literalunlimitednatural></magicdraw>