<?xml version="1.0" encoding="UTF-8"?><magicdraw><enumerationliteral classType="EnumerationLiteral" humanType="Enumeration Literal" icon="MTConnectAssets_files/icon_enumerationliteral_1191775513.svg" id="48f56373-1700-4800-8802-5d13f6021f0e"><classifier humanName="Classifier"><enumeration classType="Enumeration" humanType="Enumeration" icon="MTConnectAssets_files/icon_enumeration_1832284192.svg" name="TypeOfUniqueIdentifier" refid="f1801647-8ecf-4dea-b43e-27ad8bc70e0a"/></classifier><documentation humanName="Documentation"/><enumeration classType="Enumeration" humanName="Enumeration" humanType="Enumeration" icon="MTConnectAssets_files/icon_enumeration_1832284192.svg" name="TypeOfUniqueIdentifier" refid="f1801647-8ecf-4dea-b43e-27ad8bc70e0a"/><name humanName="Name" mode="s,e">SERIAL_NUMBER</name><namespace classType="Enumeration" humanName="Namespace" humanType="Enumeration" icon="MTConnectAssets_files/icon_enumeration_1832284192.svg" name="TypeOfUniqueIdentifier" refid="f1801647-8ecf-4dea-b43e-27ad8bc70e0a"/><owner classType="Enumeration" humanName="Owner" humanType="Enumeration" icon="MTConnectAssets_files/icon_enumeration_1832284192.svg" mode="s,e" name="TypeOfUniqueIdentifier" refid="f1801647-8ecf-4dea-b43e-27ad8bc70e0a"/><qualifiedName humanName="Qualified Name" mode="e">Asset::PartsProcesses::DataItems::TypeOfUniqueIdentifier::SERIAL_NUMBER</qualifiedName><TO_DO humanName="To Do" mode="s,e"/><visibility humanName="Visibility" mode="s,e">public</visibility><appearsIn><diagram classType="Diagram" humanType="Diagram" icon="MTConnectAssets_files/icon_Class Diagram_2127840576.svg" name="PartRecordTraceability" refid="df95fe2c-463b-4ae4-aa72-bb92b80fe02b"/></appearsIn></enumerationliteral></magicdraw>