<?xml version="1.0" encoding="UTF-8"?><magicdraw><literalunlimitednatural classType="LiteralUnlimitedNatural" humanType="Literal Unlimited Natural" icon="MTConnectAssets_files/icon_literalunlimitednatural_919671508.svg" id="49b55508-a8a7-4ef5-9ede-3f2d472acbf4"><documentation humanName="Documentation"/><name humanName="Name"/><owner classType="Property" humanName="Owner" humanType="Value Property" icon="MTConnectAssets_files/icon_valueproperty_469196179.svg" mode="e" name="hasDescription" refid="d20b9322-4a98-4267-9717-0bafa9fa5bf4"/><owningUpper classType="Property" humanName="Owning Upper" humanType="Value Property" icon="MTConnectAssets_files/icon_valueproperty_469196179.svg" name="hasDescription" refid="d20b9322-4a98-4267-9717-0bafa9fa5bf4"/><qualifiedName humanName="Qualified Name">Asset::Asset::hasDescription::</qualifiedName><text humanName="Text" mode="standard">1</text><TO_DO humanName="To Do"/><TYPE_MODIFIER humanName="Type Modifier"/><value humanName="Value" mode="s,e">1</value><visibility humanName="Visibility">public</visibility></literalunlimitednatural></magicdraw>