<?xml version="1.0" encoding="UTF-8"?><magicdraw><generalization classType="Generalization" humanType="Generalization" icon="MTConnectAssets_files/icon_generalization_1702478809.svg" id="4a38e58d-d886-4e66-a597-664c6ea11bb1"><documentation humanName="Documentation"/><general classType="Class" humanName="General" humanType="Block" icon="MTConnectAssets_files/icon_block_1271079013.svg" mode="s,e" name="Measurement" refid="9d96f557-336e-4a28-a1be-8fc1e3637a8a"/><isSubstitutable humanName="Is Substitutable">true</isSubstitutable><owner classType="Class" humanName="Owner" humanType="Block" icon="MTConnectAssets_files/icon_block_1271079013.svg" mode="s,e" name="FlangeDiameterMax" refid="d694e4bc-2918-4a75-8a06-6b16b860643d"/><relatedElement humanName="Related Element"><block classType="Class" humanType="Block" icon="MTConnectAssets_files/icon_block_1271079013.svg" name="FlangeDiameterMax" refid="d694e4bc-2918-4a75-8a06-6b16b860643d"/><block classType="Class" humanType="Block" icon="MTConnectAssets_files/icon_block_1271079013.svg" name="Measurement" refid="9d96f557-336e-4a28-a1be-8fc1e3637a8a"/></relatedElement><source humanName="Source" mode="s,e"><block classType="Class" humanType="Block" icon="MTConnectAssets_files/icon_block_1271079013.svg" name="FlangeDiameterMax" refid="d694e4bc-2918-4a75-8a06-6b16b860643d"/></source><specific classType="Class" humanName="Specific" humanType="Block" icon="MTConnectAssets_files/icon_block_1271079013.svg" mode="s,e" name="FlangeDiameterMax" refid="d694e4bc-2918-4a75-8a06-6b16b860643d"/><target humanName="Target" mode="s,e"><block classType="Class" humanType="Block" icon="MTConnectAssets_files/icon_block_1271079013.svg" name="Measurement" refid="9d96f557-336e-4a28-a1be-8fc1e3637a8a"/></target><TO_DO humanName="To Do" mode="s,e"/><appearsIn><diagram classType="Diagram" humanType="Diagram" icon="MTConnectAssets_files/icon_SysML Block Definition Diagram_378716347.svg" name="Measurements" refid="3b90c19d-b56f-4241-939e-93a64d22c901"/></appearsIn></generalization></magicdraw>