<?xml version="1.0" encoding="UTF-8"?><magicdraw><generalization classType="Generalization" humanType="Generalization" icon="MTConnectAssets_files/icon_generalization_1702478809.svg" id="4a6520f2-77f4-41b8-83b6-95fda846b201"><documentation humanName="Documentation"/><general classType="Class" humanName="General" humanType="Block" icon="MTConnectAssets_files/icon_block_1651251671.svg" mode="s,e" name="ProcessArchetype" refid="eaf6e68b-0c33-4b9b-b2e3-03045a4f5c2e"/><isSubstitutable humanName="Is Substitutable">true</isSubstitutable><owner classType="Class" humanName="Owner" humanType="Block" icon="MTConnectAssets_files/icon_block_1651251671.svg" mode="s,e" name="UMPArchetype" refid="613cc7bd-fb45-4784-a05f-c4327df8b088"/><relatedElement humanName="Related Element"><block classType="Class" humanType="Block" icon="MTConnectAssets_files/icon_block_1651251671.svg" name="ProcessArchetype" refid="eaf6e68b-0c33-4b9b-b2e3-03045a4f5c2e"/><block classType="Class" humanType="Block" icon="MTConnectAssets_files/icon_block_1651251671.svg" name="UMPArchetype" refid="613cc7bd-fb45-4784-a05f-c4327df8b088"/></relatedElement><source humanName="Source" mode="s,e"><block classType="Class" humanType="Block" icon="MTConnectAssets_files/icon_block_1651251671.svg" name="UMPArchetype" refid="613cc7bd-fb45-4784-a05f-c4327df8b088"/></source><specific classType="Class" humanName="Specific" humanType="Block" icon="MTConnectAssets_files/icon_block_1651251671.svg" mode="s,e" name="UMPArchetype" refid="613cc7bd-fb45-4784-a05f-c4327df8b088"/><target humanName="Target" mode="s,e"><block classType="Class" humanType="Block" icon="MTConnectAssets_files/icon_block_1651251671.svg" name="ProcessArchetype" refid="eaf6e68b-0c33-4b9b-b2e3-03045a4f5c2e"/></target><TO_DO humanName="To Do" mode="s,e"/></generalization></magicdraw>