<?xml version="1.0" encoding="UTF-8"?><magicdraw><comment classType="Comment" humanType="Comment" icon="MTConnectAssets_files/icon_comment_1043177908.svg" id="4ace8020-4bd6-48af-860b-baa55b53396c"><annotatedElement humanName="Annotated Element" mode="s,e"><block classType="Class" humanType="Block" icon="MTConnectAssets_files/icon_block_1651251671.svg" name="ProcessDataRequest" refid="320fc57d-9f50-460a-8f44-359461574ec9"/></annotatedElement><APPLIED_STEREOTYPES humanName="Applied Stereotype" mode="s,e"><stereotype classType="Stereotype" humanType="Stereotype" icon="MTConnectAssets_files/icon_stereotype_918307166.svg" name="Literal Annotation" refid="27da4e70-0012-4d27-82d7-37552b850484"/><stereotype classType="Stereotype" humanType="Stereotype" icon="MTConnectAssets_files/icon_stereotype_918307166.svg" name="XSDannotation" refid="9e840003-97e0-4e05-b506-1406727eca30"/></APPLIED_STEREOTYPES><appliedStereotype humanName="Applied Stereotype" mode="s,e"><stereotype classType="Stereotype" humanType="Stereotype" icon="MTConnectAssets_files/icon_stereotype_918307166.svg" name="Literal Annotation" refid="27da4e70-0012-4d27-82d7-37552b850484"><property classType="Property" humanName="Annotation Property" humanType="Property" icon="MTConnectAssets_files/icon_property_627361964.svg" name="annotationProperty" refid="bd4991c2-5d93-4308-a1a1-119ad9527b35"/><property classType="Property" humanName="Base_ Comment" humanType="Property" icon="MTConnectAssets_files/icon_property_627361964.svg" name="base_Comment" refid="f2c09f51-6181-48f5-bfdb-f8b6a24f6a4e"/><property classType="Property" humanName="Base_ Comment" humanType="Property" icon="MTConnectAssets_files/icon_property_627361964.svg" name="base_Comment" refid="599041fd-fa2c-413e-b6ac-3cdae91fd8bc"/><property classType="Property" humanName="Datatype" humanType="Property" icon="MTConnectAssets_files/icon_property_627361964.svg" name="datatype" refid="6532307c-9673-4f13-b2f8-2718b8064e81"/><property classType="Property" humanName="Language" humanType="Property" icon="MTConnectAssets_files/icon_property_627361964.svg" name="language" refid="25b29731-65d0-4e3f-9393-2ed3e1834015"/></stereotype><stereotype classType="Stereotype" humanType="Stereotype" icon="MTConnectAssets_files/icon_stereotype_918307166.svg" name="XSDannotation" refid="9e840003-97e0-4e05-b506-1406727eca30"><property classType="Property" humanName="App Info Content" humanType="Property" icon="MTConnectAssets_files/icon_property_627361964.svg" name="appInfoContent" refid="31583d06-12e5-4b8a-8464-bd36b3443678"/><property classType="Property" humanName="App Info Source" humanType="Property" icon="MTConnectAssets_files/icon_property_627361964.svg" name="appInfoSource" refid="96d8c502-1b21-4b0a-acad-5e8b45a95c76"/><property classType="Property" humanName="Base_ Class" humanType="Property" icon="MTConnectAssets_files/icon_property_627361964.svg" name="base_Class" refid="11855daf-72ea-43e6-a81e-b9eba8e9fe8a"/><property classType="Property" humanName="Base_ Comment" humanType="Property" icon="MTConnectAssets_files/icon_property_627361964.svg" name="base_Comment" refid="8d3176bd-c045-4809-9303-9c5b0fb842ce"/><property classType="Property" humanName="Base_ Comment" humanType="Property" icon="MTConnectAssets_files/icon_property_627361964.svg" name="base_Comment" refid="11c60834-4ea7-451f-b5fd-5f2a12c7bdd5"/><property classType="Property" humanName="Base_ Generalization" humanType="Property" icon="MTConnectAssets_files/icon_property_627361964.svg" name="base_Generalization" refid="849dcc61-5e58-41ef-885e-df8fc8174712"/><property classType="Property" humanName="Base_ Property" humanType="Property" icon="MTConnectAssets_files/icon_property_627361964.svg" name="base_Property" refid="4cb93735-db07-4034-8efa-d1238333081a"/><property classType="Property" humanName="Base_ Substitution" humanType="Property" icon="MTConnectAssets_files/icon_property_627361964.svg" name="base_Substitution" refid="25ae5c69-6835-425f-becf-5b41069009a7"/><property classType="Property" humanName="Id" humanType="Property" icon="MTConnectAssets_files/icon_property_627361964.svg" name="id" refid="8e6b60a1-ad37-487a-b5bb-d50a7c9e5e11"/><property classType="Property" humanName="Source" humanType="Property" icon="MTConnectAssets_files/icon_property_627361964.svg" name="source" refid="91ddb9ec-455f-462a-b051-7964e8089648"/><property classType="Property" humanName="Xml:lang" humanType="Property" icon="MTConnectAssets_files/icon_property_627361964.svg" name="xml:lang" refid="2de912c4-822e-4665-b755-994df656a858"/><property classType="Property" humanName="XM Lattributes" humanType="Property" icon="MTConnectAssets_files/icon_property_627361964.svg" name="XMLattributes" refid="d8b435f1-0b2b-47cb-a962-d5daf76dc36a"/></stereotype></appliedStereotype><appliedStereotypeInstance classType="InstanceSpecification" humanName="Applied Stereotype Instance" humanType="Instance Specification" icon="MTConnectAssets_files/icon_instancespecification_13643661.svg" name=" : XSDannotation, Concept Modeling Profile::Literal Annotation" refid="756f8d4d-b40d-4d34-8c82-72e504a3a5b5"/><body humanName="Body" mode="s,e">
        A set request to have certain process data logged
      </body><documentation humanName="Documentation"/><ownedElement humanName="Owned Element"><instancespecification classType="InstanceSpecification" humanType="Instance Specification" icon="MTConnectAssets_files/icon_instancespecification_13643661.svg" name=" : XSDannotation, Concept Modeling Profile::Literal Annotation" refid="756f8d4d-b40d-4d34-8c82-72e504a3a5b5"/></ownedElement><owner classType="Class" humanName="Owner" humanType="Block" icon="MTConnectAssets_files/icon_block_1651251671.svg" mode="s,e" name="ProcessDataRequest" refid="320fc57d-9f50-460a-8f44-359461574ec9"/><owningElement classType="Class" humanName="Owning Element" humanType="Block" icon="MTConnectAssets_files/icon_block_1651251671.svg" name="ProcessDataRequest" refid="320fc57d-9f50-460a-8f44-359461574ec9"/><TO_DO humanName="To Do" mode="s,e"/></comment></magicdraw>