<?xml version="1.0" encoding="UTF-8"?><magicdraw><enumerationliteral classType="EnumerationLiteral" humanType="Enumeration Literal" icon="MTConnectAssets_files/icon_enumerationliteral_1191775513.svg" id="4b1baaed-620c-4007-a293-a22763785c41"><classifier humanName="Classifier"><valuetype classType="Enumeration" humanType="Value Type" icon="MTConnectAssets_files/icon_valuetype_122648214.svg" name="CodeEnum" refid="ac78b8ca-262b-44cd-829c-a83b79aca3dc"/></classifier><documentation humanName="Documentation" mode="standard">The angle between a major edge on a step of a stepped tool and the same cutting edge rotated 180 degrees about its tool axis.</documentation><enumeration classType="Enumeration" humanName="Enumeration" humanType="Value Type" icon="MTConnectAssets_files/icon_valuetype_122648214.svg" name="CodeEnum" refid="ac78b8ca-262b-44cd-829c-a83b79aca3dc"/><name humanName="Name" mode="s,e">STAx</name><namespace classType="Enumeration" humanName="Namespace" humanType="Value Type" icon="MTConnectAssets_files/icon_valuetype_122648214.svg" name="CodeEnum" refid="ac78b8ca-262b-44cd-829c-a83b79aca3dc"/><ownedComment humanName="Owned Comment"><comment classType="Comment" humanType="Comment" icon="MTConnectAssets_files/icon_comment_1043177908.svg" refid="6e702c09-c272-4a6c-a3ed-0fe8ab8ddd73"/></ownedComment><ownedElement humanName="Owned Element"><comment classType="Comment" humanType="Comment" icon="MTConnectAssets_files/icon_comment_1043177908.svg" refid="6e702c09-c272-4a6c-a3ed-0fe8ab8ddd73"/></ownedElement><owner classType="Enumeration" humanName="Owner" humanType="Value Type" icon="MTConnectAssets_files/icon_valuetype_122648214.svg" mode="s,e" name="CodeEnum" refid="ac78b8ca-262b-44cd-829c-a83b79aca3dc"/><qualifiedName humanName="Qualified Name" mode="e">Asset::CuttingTool::CodeEnum::STAx</qualifiedName><TO_DO humanName="To Do" mode="s,e"/><visibility humanName="Visibility" mode="s,e">public</visibility><appearsIn><diagram classType="Diagram" humanType="Diagram" icon="MTConnectAssets_files/icon_SysML Block Definition Diagram_378716347.svg" name="CuttingToolLifeCycleModel" refid="ee864f60-1bb3-4e13-9955-1180841334a9"/></appearsIn></enumerationliteral></magicdraw>