<?xml version="1.0" encoding="UTF-8"?><magicdraw><comment classType="Comment" humanType="Comment" icon="MTConnectAssets_files/icon_comment_1043177908.svg" id="4b9c1d89-e444-49d1-8562-ce4f05485a56"><annotatedElement humanName="Annotated Element" mode="s,e"><enumerationliteral classType="EnumerationLiteral" humanType="Enumeration Literal" icon="MTConnectAssets_files/icon_enumerationliteral_1191775513.svg" name="LS" refid="6a93f01e-e19b-46b7-88ba-7f235bd507b6"/></annotatedElement><APPLIED_STEREOTYPES humanName="Applied Stereotype" mode="s,e"><stereotype classType="Stereotype" humanType="Stereotype" icon="MTConnectAssets_files/icon_stereotype_918307166.svg" name="Literal Annotation" refid="27da4e70-0012-4d27-82d7-37552b850484"/></APPLIED_STEREOTYPES><appliedStereotype humanName="Applied Stereotype" mode="s,e"><stereotype classType="Stereotype" humanType="Stereotype" icon="MTConnectAssets_files/icon_stereotype_918307166.svg" name="Literal Annotation" refid="27da4e70-0012-4d27-82d7-37552b850484"><property classType="Property" humanName="Annotation Property" humanType="Property" icon="MTConnectAssets_files/icon_property_627361964.svg" name="annotationProperty" refid="bd4991c2-5d93-4308-a1a1-119ad9527b35"/><property classType="Property" humanName="Base_ Comment" humanType="Property" icon="MTConnectAssets_files/icon_property_627361964.svg" name="base_Comment" refid="f2c09f51-6181-48f5-bfdb-f8b6a24f6a4e"/><property classType="Property" humanName="Base_ Comment" humanType="Property" icon="MTConnectAssets_files/icon_property_627361964.svg" name="base_Comment" refid="599041fd-fa2c-413e-b6ac-3cdae91fd8bc"/><property classType="Property" humanName="Datatype" humanType="Property" icon="MTConnectAssets_files/icon_property_627361964.svg" name="datatype" refid="6532307c-9673-4f13-b2f8-2718b8064e81"/><property classType="Property" humanName="Language" humanType="Property" icon="MTConnectAssets_files/icon_property_627361964.svg" name="language" refid="25b29731-65d0-4e3f-9393-2ed3e1834015"/></stereotype></appliedStereotype><appliedStereotypeInstance classType="InstanceSpecification" humanName="Applied Stereotype Instance" humanType="Instance Specification" icon="MTConnectAssets_files/icon_instancespecification_13643661.svg" name=" : Concept Modeling Profile::Literal Annotation" refid="aa046542-7902-4abe-a12e-30aba8d596a4"/><body humanName="Body" mode="s,e">The dimension of the length of the shank.</body><documentation humanName="Documentation"/><ownedElement humanName="Owned Element"><instancespecification classType="InstanceSpecification" humanType="Instance Specification" icon="MTConnectAssets_files/icon_instancespecification_13643661.svg" name=" : Concept Modeling Profile::Literal Annotation" refid="aa046542-7902-4abe-a12e-30aba8d596a4"/></ownedElement><owner classType="EnumerationLiteral" humanName="Owner" humanType="Enumeration Literal" icon="MTConnectAssets_files/icon_enumerationliteral_1191775513.svg" mode="s,e" name="LS" refid="6a93f01e-e19b-46b7-88ba-7f235bd507b6"/><owningElement classType="EnumerationLiteral" humanName="Owning Element" humanType="Enumeration Literal" icon="MTConnectAssets_files/icon_enumerationliteral_1191775513.svg" name="LS" refid="6a93f01e-e19b-46b7-88ba-7f235bd507b6"/><TO_DO humanName="To Do" mode="s,e"/></comment></magicdraw>