<?xml version="1.0" encoding="UTF-8"?><magicdraw><enumerationliteral classType="EnumerationLiteral" humanType="Enumeration Literal" icon="MTConnectAssets_files/icon_enumerationliteral_1191775513.svg" id="4ba36851-14a7-4a71-8b93-0a5491b18390"><classifier humanName="Classifier"><valuetype classType="Enumeration" humanType="Value Type" icon="MTConnectAssets_files/icon_valuetype_122648214.svg" name="CutterStatusType" refid="70b07129-3157-4bd3-a7cb-a7d2ec4204ce"/></classifier><documentation humanName="Documentation" mode="standard">Indicates the tool is unavailable for use in metal removal. If this is not present, the tool is currently not ready to be used.&#13;</documentation><enumeration classType="Enumeration" humanName="Enumeration" humanType="Value Type" icon="MTConnectAssets_files/icon_valuetype_122648214.svg" name="CutterStatusType" refid="70b07129-3157-4bd3-a7cb-a7d2ec4204ce"/><name humanName="Name" mode="s,e">UNAVAILABLE</name><namespace classType="Enumeration" humanName="Namespace" humanType="Value Type" icon="MTConnectAssets_files/icon_valuetype_122648214.svg" name="CutterStatusType" refid="70b07129-3157-4bd3-a7cb-a7d2ec4204ce"/><ownedComment humanName="Owned Comment"><comment classType="Comment" humanType="Comment" icon="MTConnectAssets_files/icon_comment_1043177908.svg" refid="3cdb3f60-79ee-4471-b125-91ac9c95d55b"/></ownedComment><ownedElement humanName="Owned Element"><comment classType="Comment" humanType="Comment" icon="MTConnectAssets_files/icon_comment_1043177908.svg" refid="3cdb3f60-79ee-4471-b125-91ac9c95d55b"/></ownedElement><owner classType="Enumeration" humanName="Owner" humanType="Value Type" icon="MTConnectAssets_files/icon_valuetype_122648214.svg" mode="s,e" name="CutterStatusType" refid="70b07129-3157-4bd3-a7cb-a7d2ec4204ce"/><qualifiedName humanName="Qualified Name" mode="e">Asset::CuttingTool::CutterStatusType::UNAVAILABLE</qualifiedName><TO_DO humanName="To Do" mode="s,e"/><visibility humanName="Visibility" mode="s,e">public</visibility></enumerationliteral></magicdraw>