<?xml version="1.0" encoding="UTF-8"?><magicdraw><block classType="Class" humanType="Block" icon="MTConnectAssets_files/icon_block_1271079013.svg" id="4c093d26-7b88-4c07-ac69-3be9de095e95"><allGeneralClassifiers humanName="All General Classifiers"><block classType="Class" humanType="Block" icon="MTConnectAssets_files/icon_block_1271079013.svg" name="Measurement" refid="9d96f557-336e-4a28-a1be-8fc1e3637a8a"/></allGeneralClassifiers><APPLIED_STEREOTYPES humanName="Applied Stereotype" mode="e"><stereotype classType="Stereotype" humanType="Stereotype" icon="MTConnectAssets_files/icon_stereotype_1271079013.svg" name="Block" refid="4b68b36d-0594-4f75-b1e5-32ed35a63dac"/></APPLIED_STEREOTYPES><appliedStereotype humanName="Applied Stereotype" mode="e"><stereotype classType="Stereotype" humanType="Stereotype" icon="MTConnectAssets_files/icon_stereotype_1271079013.svg" name="Block" refid="4b68b36d-0594-4f75-b1e5-32ed35a63dac"><property classType="Property" humanName="Base_ Class" humanType="Property" icon="MTConnectAssets_files/icon_property_627361964.svg" name="base_Class" refid="477489bc-0c5a-4fb7-b88b-b8f0b9c8e690"/><property classType="Property" humanName="Is Encapsulated" humanType="Property" icon="MTConnectAssets_files/icon_property_627361964.svg" name="isEncapsulated" refid="99deda41-88f7-4c37-be6d-57faab2222cc"/></stereotype></appliedStereotype><appliedStereotypeInstance classType="InstanceSpecification" humanName="Applied Stereotype Instance" humanType="Instance Specification" icon="MTConnectAssets_files/icon_instancespecification_13643661.svg" name=" : SysML::Blocks::Block" refid="f4487a28-fed4-4df8-8c8c-dc2095e37cd1"/><derivedExplanation humanName="Derived Explanation"/><documentation humanName="Documentation" mode="standard">The width of the chamfer.</documentation><effectiveIRI humanName="Effective IRI"/><general humanName="General"><block classType="Class" humanType="Block" icon="MTConnectAssets_files/icon_block_1271079013.svg" name="Measurement" refid="9d96f557-336e-4a28-a1be-8fc1e3637a8a"/></general><generalization humanName="Generalization"><generalization classType="Generalization" humanType="Generalization" icon="MTConnectAssets_files/icon_generalization_1702478809.svg" isRelationship="true" refid="4738988b-3648-43e8-bec7-eb01c22d0c0a"/></generalization><inheritedMember humanName="Inherited Member"><valueproperty classType="Property" humanType="Value Property" icon="MTConnectAssets_files/icon_valueproperty_924840719.svg" name="code" refid="b7c32484-37b8-4582-a89f-7d637685b225"/><valueproperty classType="Property" humanType="Value Property" icon="MTConnectAssets_files/icon_valueproperty_924840719.svg" name="maximum" refid="0c7115ff-ff5f-436c-8dac-c164336e52ba"/><valueproperty classType="Property" humanType="Value Property" icon="MTConnectAssets_files/icon_valueproperty_924840719.svg" name="minimum" refid="5c2eb3d5-9548-4358-906f-34ef6ecc91c2"/><valueproperty classType="Property" humanType="Value Property" icon="MTConnectAssets_files/icon_valueproperty_924840719.svg" name="nativeUnits" refid="a0efd726-5eba-4acd-80a7-0f0c6bd006ca"/><valueproperty classType="Property" humanType="Value Property" icon="MTConnectAssets_files/icon_valueproperty_924840719.svg" name="nominal" refid="baab7908-4399-44ac-bb72-1d915b3d9301"/><valueproperty classType="Property" humanType="Value Property" icon="MTConnectAssets_files/icon_valueproperty_924840719.svg" name="significantDigits" refid="9babec66-5b0b-44ec-9edb-8c0c88c313dd"/><valueproperty classType="Property" humanType="Value Property" icon="MTConnectAssets_files/icon_valueproperty_924840719.svg" name="units" refid="03e7a0b0-f69c-494d-a4f9-9bf149375967"/></inheritedMember><isAbstract humanName="Is Abstract">false</isAbstract><isActive humanName="Is Active" mode="e">false</isActive><isFinalSpecialization humanName="Is Final Specialization">false</isFinalSpecialization><isLeaf humanName="Is Leaf">false</isLeaf><member humanName="Member"><valueproperty classType="Property" humanType="Value Property" icon="MTConnectAssets_files/icon_valueproperty_924840719.svg" name="code" refid="b7c32484-37b8-4582-a89f-7d637685b225"/><valueproperty classType="Property" humanType="Value Property" icon="MTConnectAssets_files/icon_valueproperty_924840719.svg" name="maximum" refid="0c7115ff-ff5f-436c-8dac-c164336e52ba"/><valueproperty classType="Property" humanType="Value Property" icon="MTConnectAssets_files/icon_valueproperty_924840719.svg" name="minimum" refid="5c2eb3d5-9548-4358-906f-34ef6ecc91c2"/><valueproperty classType="Property" humanType="Value Property" icon="MTConnectAssets_files/icon_valueproperty_924840719.svg" name="nativeUnits" refid="a0efd726-5eba-4acd-80a7-0f0c6bd006ca"/><valueproperty classType="Property" humanType="Value Property" icon="MTConnectAssets_files/icon_valueproperty_924840719.svg" name="nominal" refid="baab7908-4399-44ac-bb72-1d915b3d9301"/><valueproperty classType="Property" humanType="Value Property" icon="MTConnectAssets_files/icon_valueproperty_924840719.svg" name="significantDigits" refid="9babec66-5b0b-44ec-9edb-8c0c88c313dd"/><valueproperty classType="Property" humanType="Value Property" icon="MTConnectAssets_files/icon_valueproperty_924840719.svg" name="units" refid="03e7a0b0-f69c-494d-a4f9-9bf149375967"/></member><name humanName="Name" mode="s,e">ChamferWidth</name><namespace classType="Package" humanName="Namespace" humanType="Package" icon="MTConnectAssets_files/icon_package_1622863652.svg" name="Measurement Subtypes" refid="b715937e-eb48-4221-a257-eb38757ad35d"/><ownedComment humanName="Owned Comment"><comment classType="Comment" humanType="Comment" icon="MTConnectAssets_files/icon_comment_1043177908.svg" refid="8e5181b6-bff9-46bf-9af4-88cf9c5a1991"/></ownedComment><ownedElement humanName="Owned Element"><generalization classType="Generalization" humanType="Generalization" icon="MTConnectAssets_files/icon_generalization_1702478809.svg" isRelationship="true" refid="4738988b-3648-43e8-bec7-eb01c22d0c0a"/><comment classType="Comment" humanType="Comment" icon="MTConnectAssets_files/icon_comment_1043177908.svg" refid="8e5181b6-bff9-46bf-9af4-88cf9c5a1991"/><instancespecification classType="InstanceSpecification" humanType="Instance Specification" icon="MTConnectAssets_files/icon_instancespecification_13643661.svg" name=" : SysML::Blocks::Block" refid="f4487a28-fed4-4df8-8c8c-dc2095e37cd1"/></ownedElement><owner classType="Package" humanName="Owner" humanType="Package" icon="MTConnectAssets_files/icon_package_1622863652.svg" mode="s,e" name="Measurement Subtypes" refid="b715937e-eb48-4221-a257-eb38757ad35d"/><owningPackage classType="Package" humanName="Owning Package" humanType="Package" icon="MTConnectAssets_files/icon_package_1622863652.svg" name="Measurement Subtypes" refid="b715937e-eb48-4221-a257-eb38757ad35d"/><package classType="Package" humanName="Package" humanType="Package" icon="MTConnectAssets_files/icon_package_1622863652.svg" name="Measurement Subtypes" refid="b715937e-eb48-4221-a257-eb38757ad35d"/><qualifiedName humanName="Qualified Name" mode="e">Asset::CuttingTool::Measurement Subtypes::ChamferWidth</qualifiedName><superClass humanName="Super Class"><block classType="Class" humanType="Block" icon="MTConnectAssets_files/icon_block_1271079013.svg" name="Measurement" refid="9d96f557-336e-4a28-a1be-8fc1e3637a8a"/></superClass><TO_DO humanName="To Do"/><visibility humanName="Visibility">public</visibility><appearsIn><diagram classType="Diagram" humanType="Diagram" icon="MTConnectAssets_files/icon_SysML Block Definition Diagram_378716347.svg" name="Measurements" refid="3b90c19d-b56f-4241-939e-93a64d22c901"/></appearsIn></block></magicdraw>