<?xml version="1.0" encoding="UTF-8"?><magicdraw><instancespecification classType="InstanceSpecification" humanType="Instance Specification" icon="MTConnectAssets_files/icon_instancespecification_13643661.svg" id="4d7456dc-38ab-4d7a-9da5-e0582b0a31ea"><classifier humanName="Classifier" mode="s,e"><stereotype classType="Stereotype" humanType="Stereotype" icon="MTConnectAssets_files/icon_stereotype_151450878.svg" name="ReferenceProperty" refid="f430da61-f435-4fb1-b6a5-858074ac8e17"/></classifier><documentation humanName="Documentation"/><name humanName="Name" mode="s,e"/><owner classType="Property" humanName="Owner" humanType="Reference Property" icon="MTConnectAssets_files/icon_referenceproperty_151450878.svg" mode="s,e" name="processDataRequest" refid="45ca62fc-adfe-4b2b-a72b-63ecb309845e"/><qualifiedName humanName="Qualified Name" mode="e">Asset::PartsProcesses::ProcessArchetype::processDataRequest::</qualifiedName><stereotypedElement classType="Property" humanName="Stereotyped Element" humanType="Reference Property" icon="MTConnectAssets_files/icon_referenceproperty_151450878.svg" name="processDataRequest" refid="45ca62fc-adfe-4b2b-a72b-63ecb309845e"/><TO_DO humanName="To Do" mode="s,e"/><visibility humanName="Visibility">public</visibility></instancespecification></magicdraw>