<?xml version="1.0" encoding="UTF-8"?><magicdraw><enumerationliteral classType="EnumerationLiteral" humanType="Enumeration Literal" icon="MTConnectAssets_files/icon_enumerationliteral_1191775513.svg" id="4e075580-476d-48e2-931c-b1ea164d4f33"><classifier humanName="Classifier"><enumeration classType="Enumeration" humanType="Enumeration" icon="MTConnectAssets_files/icon_enumeration_1832284192.svg" name="LocationType" refid="c64ec0bc-b0af-45ae-8d57-418c26e416f4"/></classifier><documentation humanName="Documentation"/><enumeration classType="Enumeration" humanName="Enumeration" humanType="Enumeration" icon="MTConnectAssets_files/icon_enumeration_1832284192.svg" name="LocationType" refid="c64ec0bc-b0af-45ae-8d57-418c26e416f4"/><name humanName="Name" mode="s,e">GEOPOSITION</name><namespace classType="Enumeration" humanName="Namespace" humanType="Enumeration" icon="MTConnectAssets_files/icon_enumeration_1832284192.svg" name="LocationType" refid="c64ec0bc-b0af-45ae-8d57-418c26e416f4"/><owner classType="Enumeration" humanName="Owner" humanType="Enumeration" icon="MTConnectAssets_files/icon_enumeration_1832284192.svg" mode="s,e" name="LocationType" refid="c64ec0bc-b0af-45ae-8d57-418c26e416f4"/><qualifiedName humanName="Qualified Name" mode="e">Asset::PartsProcesses::DataItems::LocationType::GEOPOSITION</qualifiedName><TO_DO humanName="To Do" mode="s,e"/><visibility humanName="Visibility" mode="s,e">public</visibility></enumerationliteral></magicdraw>